symbol,ex_date,type,value,ratio_text,note
AAL.L,2007-03-14,dividend,47.413002,,
AAL.L,2007-07-02,split,0.91,91:100,
AAL.L,2007-08-22,dividend,21.4991,,
AAL.L,2008-03-12,dividend,48.8048,,
AAL.L,2008-08-20,dividend,27.0899,,
AAL.L,2010-08-18,dividend,18.2689,,
AAL.L,2011-03-30,dividend,27.693901,,
AAL.L,2011-08-17,dividend,19.4917,,
AAL.L,2012-03-28,dividend,32.8283,,
AAL.L,2012-08-15,dividend,23.0194,,
AAL.L,2013-03-20,dividend,39.307003,,
AAL.L,2013-08-14,dividend,23.450901,,
AAL.L,2014-03-19,dividend,35.857098,,
AAL.L,2014-08-06,dividend,22.0423,,
AAL.L,2015-03-19,dividend,41.1712,,
AAL.L,2015-08-06,dividend,23.767801,,
AAL.L,2017-08-10,dividend,41.941498,,
AAL.L,2018-03-15,dividend,43.9012,,
AAL.L,2018-08-16,dividend,43.0191,,
AAL.L,2019-03-14,dividend,44.1235,,
AAL.L,2019-08-15,dividend,58.4893,,
AAL.L,2020-03-12,dividend,42.6872,,
AAL.L,2020-08-20,dividend,24.5621,,
AAL.L,2021-03-18,dividend,58.5319,,
AAL.L,2021-08-19,dividend,206.6458,,
AAL.L,2022-03-17,dividend,145.7137,,
AAL.L,2022-08-18,dividend,122.5421,,
AAL.L,2023-03-16,dividend,67.2212,,
AAL.L,2023-08-17,dividend,49.7653,,
AAL.L,2024-03-14,dividend,37.3484,,
AAL.L,2024-08-15,dividend,36.3049,,
AAL.L,2025-03-13,dividend,18.8513,,
AAL.L,2025-06-02,split,0.8807339449541285,96:109,
AAL.L,2025-08-21,dividend,5.165,,
AAL.L,2026-03-12,dividend,11.8220005,,
AAL.L,2026-08-20,dividend,16.987,,
AAPL,2012-08-09,dividend,0.094643,,
AAPL,2012-11-07,dividend,0.094643,,
AAPL,2013-02-07,dividend,0.094643,,
AAPL,2013-05-09,dividend,0.108929,,
AAPL,2013-08-08,dividend,0.108929,,
AAPL,2013-11-06,dividend,0.108929,,
AAPL,2014-02-06,dividend,0.108929,,
AAPL,2014-05-08,dividend,0.1175,,
AAPL,2014-06-09,split,7.0,7:1,
AAPL,2014-08-07,dividend,0.1175,,
AAPL,2014-11-06,dividend,0.1175,,
AAPL,2015-02-05,dividend,0.1175,,
AAPL,2015-05-07,dividend,0.13,,
AAPL,2015-08-06,dividend,0.13,,
AAPL,2015-11-05,dividend,0.13,,
AAPL,2016-02-04,dividend,0.13,,
AAPL,2016-05-05,dividend,0.1425,,
AAPL,2016-08-04,dividend,0.1425,,
AAPL,2016-11-03,dividend,0.1425,,
AAPL,2017-02-09,dividend,0.1425,,
AAPL,2017-05-11,dividend,0.1575,,
AAPL,2017-08-10,dividend,0.1575,,
AAPL,2017-11-10,dividend,0.1575,,
AAPL,2018-02-09,dividend,0.1575,,
AAPL,2018-05-11,dividend,0.1825,,
AAPL,2018-08-10,dividend,0.1825,,
AAPL,2018-11-08,dividend,0.1825,,
AAPL,2019-02-08,dividend,0.1825,,
AAPL,2019-05-10,dividend,0.1925,,
AAPL,2019-08-09,dividend,0.1925,,
AAPL,2019-11-07,dividend,0.1925,,
AAPL,2020-02-07,dividend,0.1925,,
AAPL,2020-05-08,dividend,0.205,,
AAPL,2020-08-07,dividend,0.205,,
AAPL,2020-08-31,split,4.0,4:1,
AAPL,2020-11-06,dividend,0.205,,
AAPL,2021-02-05,dividend,0.205,,
AAPL,2021-05-07,dividend,0.22,,
AAPL,2021-08-06,dividend,0.22,,
AAPL,2021-11-05,dividend,0.22,,
AAPL,2022-02-04,dividend,0.22,,
AAPL,2022-05-06,dividend,0.23,,
AAPL,2022-08-05,dividend,0.23,,
AAPL,2022-11-04,dividend,0.23,,
AAPL,2023-02-10,dividend,0.23,,
AAPL,2023-05-12,dividend,0.24,,
AAPL,2023-08-11,dividend,0.24,,
AAPL,2023-11-10,dividend,0.24,,
AAPL,2024-02-09,dividend,0.24,,
AAPL,2024-05-10,dividend,0.25,,
AAPL,2024-08-12,dividend,0.25,,
AAPL,2024-11-08,dividend,0.25,,
AAPL,2025-02-10,dividend,0.25,,
AAPL,2025-05-12,dividend,0.26,,
AAPL,2025-08-11,dividend,0.26,,
AAPL,2025-11-10,dividend,0.26,,
AAPL,2026-02-09,dividend,0.26,,
AAPL,2026-05-11,dividend,0.27,,
AAPL,2026-08-10,dividend,0.27,,
ABBV,2013-01-11,dividend,0.4,,
ABBV,2013-04-11,dividend,0.4,,
ABBV,2013-07-11,dividend,0.4,,
ABBV,2013-10-10,dividend,0.4,,
ABBV,2014-01-13,dividend,0.4,,
ABBV,2014-04-11,dividend,0.42,,
ABBV,2014-07-11,dividend,0.42,,
ABBV,2014-10-10,dividend,0.42,,
ABBV,2015-01-13,dividend,0.49,,
ABBV,2015-04-13,dividend,0.51,,
ABBV,2015-07-13,dividend,0.51,,
ABBV,2015-10-13,dividend,0.51,,
ABBV,2016-01-13,dividend,0.57,,
ABBV,2016-04-13,dividend,0.57,,
ABBV,2016-07-13,dividend,0.57,,
ABBV,2016-10-12,dividend,0.57,,
ABBV,2017-01-11,dividend,0.64,,
ABBV,2017-04-11,dividend,0.64,,
ABBV,2017-07-12,dividend,0.64,,
ABBV,2017-10-12,dividend,0.64,,
ABBV,2018-01-11,dividend,0.71,,
ABBV,2018-04-12,dividend,0.96,,
ABBV,2018-07-12,dividend,0.96,,
ABBV,2018-10-12,dividend,0.96,,
ABBV,2019-01-14,dividend,1.07,,
ABBV,2019-04-12,dividend,1.07,,
ABBV,2019-07-12,dividend,1.07,,
ABBV,2019-10-11,dividend,1.07,,
ABBV,2020-01-14,dividend,1.18,,
ABBV,2020-04-14,dividend,1.18,,
ABBV,2020-07-14,dividend,1.18,,
ABBV,2020-10-14,dividend,1.18,,
ABBV,2021-01-14,dividend,1.3,,
ABBV,2021-04-14,dividend,1.3,,
ABBV,2021-07-14,dividend,1.3,,
ABBV,2021-10-14,dividend,1.3,,
ABBV,2022-01-13,dividend,1.41,,
ABBV,2022-04-13,dividend,1.41,,
ABBV,2022-07-14,dividend,1.41,,
ABBV,2022-10-13,dividend,1.41,,
ABBV,2023-01-12,dividend,1.48,,
ABBV,2023-04-13,dividend,1.48,,
ABBV,2023-07-13,dividend,1.48,,
ABBV,2023-10-12,dividend,1.48,,
ABBV,2024-01-12,dividend,1.55,,
ABBV,2024-04-12,dividend,1.55,,
ABBV,2024-07-15,dividend,1.55,,
ABBV,2024-10-15,dividend,1.55,,
ABBV,2025-01-15,dividend,1.64,,
ABBV,2025-04-15,dividend,1.64,,
ABBV,2025-07-15,dividend,1.64,,
ABBV,2025-10-15,dividend,1.64,,
ABBV,2026-01-16,dividend,1.73,,
ABBV,2026-04-15,dividend,1.73,,
ABBV,2026-07-15,dividend,1.73,,
ABT,2006-10-11,dividend,0.141541,,
ABT,2007-01-10,dividend,0.141541,,
ABT,2007-04-11,dividend,0.155935,,
ABT,2007-07-11,dividend,0.155935,,
ABT,2007-10-11,dividend,0.155935,,
ABT,2008-01-11,dividend,0.155935,,
ABT,2008-04-11,dividend,0.172728,,
ABT,2008-07-11,dividend,0.172728,,
ABT,2008-10-10,dividend,0.172728,,
ABT,2009-01-13,dividend,0.172728,,
ABT,2009-04-13,dividend,0.19192,,
ABT,2009-07-13,dividend,0.19192,,
ABT,2009-10-13,dividend,0.19192,,
ABT,2010-01-13,dividend,0.19192,,
ABT,2010-04-13,dividend,0.211112,,
ABT,2010-07-13,dividend,0.211112,,
ABT,2010-10-13,dividend,0.211112,,
ABT,2011-01-12,dividend,0.211112,,
ABT,2011-04-13,dividend,0.230304,,
ABT,2011-07-13,dividend,0.230304,,
ABT,2011-10-12,dividend,0.230304,,
ABT,2012-01-11,dividend,0.230304,,
ABT,2012-04-11,dividend,0.244698,,
ABT,2012-07-11,dividend,0.244698,,
ABT,2012-10-11,dividend,0.244698,,
ABT,2013-01-02,split,2.084201750729471,10000:4798,
ABT,2013-01-11,dividend,0.14,,
ABT,2013-04-11,dividend,0.14,,
ABT,2013-07-11,dividend,0.14,,
ABT,2013-10-10,dividend,0.14,,
ABT,2014-01-13,dividend,0.22,,
ABT,2014-04-11,dividend,0.22,,
ABT,2014-07-11,dividend,0.22,,
ABT,2014-10-10,dividend,0.22,,
ABT,2015-01-13,dividend,0.24,,
ABT,2015-04-13,dividend,0.24,,
ABT,2015-07-13,dividend,0.24,,
ABT,2015-10-13,dividend,0.24,,
ABT,2016-01-13,dividend,0.26,,
ABT,2016-04-13,dividend,0.26,,
ABT,2016-07-13,dividend,0.26,,
ABT,2016-10-12,dividend,0.26,,
ABT,2017-01-11,dividend,0.265,,
ABT,2017-04-11,dividend,0.265,,
ABT,2017-07-12,dividend,0.265,,
ABT,2017-10-12,dividend,0.265,,
ABT,2018-01-11,dividend,0.28,,
ABT,2018-04-12,dividend,0.28,,
ABT,2018-07-12,dividend,0.28,,
ABT,2018-10-12,dividend,0.28,,
ABT,2019-01-14,dividend,0.32,,
ABT,2019-04-12,dividend,0.32,,
ABT,2019-07-12,dividend,0.32,,
ABT,2019-10-11,dividend,0.32,,
ABT,2020-01-14,dividend,0.36,,
ABT,2020-04-14,dividend,0.36,,
ABT,2020-07-14,dividend,0.36,,
ABT,2020-10-14,dividend,0.36,,
ABT,2021-01-14,dividend,0.45,,
ABT,2021-04-14,dividend,0.45,,
ABT,2021-07-14,dividend,0.45,,
ABT,2021-10-14,dividend,0.45,,
ABT,2022-01-13,dividend,0.47,,
ABT,2022-04-13,dividend,0.47,,
ABT,2022-07-14,dividend,0.47,,
ABT,2022-10-13,dividend,0.47,,
ABT,2023-01-12,dividend,0.51,,
ABT,2023-04-13,dividend,0.51,,
ABT,2023-07-13,dividend,0.51,,
ABT,2023-10-12,dividend,0.51,,
ABT,2024-01-11,dividend,0.55,,
ABT,2024-04-12,dividend,0.55,,
ABT,2024-07-15,dividend,0.55,,
ABT,2024-10-15,dividend,0.55,,
ABT,2025-01-15,dividend,0.59,,
ABT,2025-04-15,dividend,0.59,,
ABT,2025-07-15,dividend,0.59,,
ABT,2025-10-15,dividend,0.59,,
ABT,2026-01-15,dividend,0.63,,
ABT,2026-04-15,dividend,0.63,,
ABT,2026-07-15,dividend,0.63,,
ACN,2006-10-11,dividend,0.35,,
ACN,2007-10-10,dividend,0.42,,
ACN,2008-10-08,dividend,0.5,,
ACN,2009-10-14,dividend,0.75,,
ACN,2010-04-14,dividend,0.375,,
ACN,2010-10-13,dividend,0.45,,
ACN,2011-04-13,dividend,0.45,,
ACN,2011-10-12,dividend,0.675,,
ACN,2012-04-11,dividend,0.675,,
ACN,2012-10-10,dividend,0.81,,
ACN,2013-04-10,dividend,0.81,,
ACN,2013-10-09,dividend,0.93,,
ACN,2014-04-09,dividend,0.93,,
ACN,2014-10-15,dividend,1.02,,
ACN,2015-04-08,dividend,1.02,,
ACN,2015-10-14,dividend,1.1,,
ACN,2016-04-13,dividend,1.1,,
ACN,2016-10-19,dividend,1.21,,
ACN,2017-04-11,dividend,1.21,,
ACN,2017-10-18,dividend,1.33,,
ACN,2018-04-11,dividend,1.33,,
ACN,2018-10-17,dividend,1.46,,
ACN,2019-04-10,dividend,1.46,,
ACN,2019-10-16,dividend,0.8,,
ACN,2020-01-15,dividend,0.8,,
ACN,2020-04-15,dividend,0.8,,
ACN,2020-07-15,dividend,0.8,,
ACN,2020-10-09,dividend,0.88,,
ACN,2021-01-13,dividend,0.88,,
ACN,2021-04-14,dividend,0.88,,
ACN,2021-07-14,dividend,0.88,,
ACN,2021-10-13,dividend,0.97,,
ACN,2022-01-12,dividend,0.97,,
ACN,2022-04-13,dividend,0.97,,
ACN,2022-07-13,dividend,0.97,,
ACN,2022-10-12,dividend,1.12,,
ACN,2023-01-11,dividend,1.12,,
ACN,2023-04-12,dividend,1.12,,
ACN,2023-07-12,dividend,1.12,,
ACN,2023-10-11,dividend,1.29,,
ACN,2024-01-17,dividend,1.29,,
ACN,2024-04-10,dividend,1.29,,
ACN,2024-07-11,dividend,1.29,,
ACN,2024-10-10,dividend,1.48,,
ACN,2025-01-16,dividend,1.48,,
ACN,2025-04-10,dividend,1.48,,
ACN,2025-07-10,dividend,1.48,,
ACN,2026-04-09,dividend,1.63,,
ACN,2026-07-09,dividend,1.63,,
ADI,2006-11-21,dividend,0.16,,
ADI,2007-03-07,dividend,0.18,,
ADI,2007-05-30,dividend,0.18,,
ADI,2007-08-29,dividend,0.18,,
ADI,2007-12-05,dividend,0.18,,
ADI,2008-03-05,dividend,0.18,,
ADI,2008-05-28,dividend,0.2,,
ADI,2008-08-27,dividend,0.2,,
ADI,2008-12-03,dividend,0.2,,
ADI,2009-03-04,dividend,0.2,,
ADI,2009-05-27,dividend,0.2,,
ADI,2009-08-25,dividend,0.2,,
ADI,2009-12-02,dividend,0.2,,
ADI,2010-03-03,dividend,0.2,,
ADI,2010-05-26,dividend,0.22,,
ADI,2010-08-25,dividend,0.22,,
ADI,2010-12-01,dividend,0.22,,
ADI,2011-03-02,dividend,0.22,,
ADI,2011-05-25,dividend,0.25,,
ADI,2011-08-24,dividend,0.25,,
ADI,2011-11-30,dividend,0.25,,
ADI,2012-03-07,dividend,0.3,,
ADI,2012-05-30,dividend,0.3,,
ADI,2012-08-29,dividend,0.3,,
ADI,2012-12-05,dividend,0.3,,
ADI,2013-02-27,dividend,0.34,,
ADI,2013-05-29,dividend,0.34,,
ADI,2013-08-28,dividend,0.34,,
ADI,2013-12-04,dividend,0.34,,
ADI,2014-02-26,dividend,0.37,,
ADI,2014-05-28,dividend,0.37,,
ADI,2014-09-03,dividend,0.37,,
ADI,2014-12-03,dividend,0.37,,
ADI,2015-02-25,dividend,0.4,,
ADI,2015-05-27,dividend,0.4,,
ADI,2015-08-26,dividend,0.4,,
ADI,2015-12-02,dividend,0.4,,
ADI,2016-02-24,dividend,0.42,,
ADI,2016-05-25,dividend,0.42,,
ADI,2016-08-24,dividend,0.42,,
ADI,2016-11-30,dividend,0.42,,
ADI,2017-02-22,dividend,0.45,,
ADI,2017-06-07,dividend,0.45,,
ADI,2017-09-07,dividend,0.45,,
ADI,2017-11-30,dividend,0.45,,
ADI,2018-03-08,dividend,0.48,,
ADI,2018-06-07,dividend,0.48,,
ADI,2018-08-30,dividend,0.48,,
ADI,2018-11-28,dividend,0.48,,
ADI,2019-02-28,dividend,0.54,,
ADI,2019-05-30,dividend,0.54,,
ADI,2019-08-29,dividend,0.54,,
ADI,2019-12-05,dividend,0.54,,
ADI,2020-02-27,dividend,0.62,,
ADI,2020-05-28,dividend,0.62,,
ADI,2020-08-27,dividend,0.62,,
ADI,2020-12-03,dividend,0.62,,
ADI,2021-02-25,dividend,0.69,,
ADI,2021-05-27,dividend,0.69,,
ADI,2021-08-26,dividend,0.69,,
ADI,2021-12-02,dividend,0.69,,
ADI,2022-02-24,dividend,0.76,,
ADI,2022-05-27,dividend,0.76,,
ADI,2022-08-29,dividend,0.76,,
ADI,2022-12-02,dividend,0.76,,
ADI,2023-02-24,dividend,0.86,,
ADI,2023-06-02,dividend,0.86,,
ADI,2023-09-01,dividend,0.86,,
ADI,2023-12-01,dividend,0.86,,
ADI,2024-03-04,dividend,0.92,,
ADI,2024-06-04,dividend,0.92,,
ADI,2024-09-03,dividend,0.92,,
ADI,2024-12-09,dividend,0.92,,
ADI,2025-03-04,dividend,0.99,,
ADI,2025-06-04,dividend,0.99,,
ADI,2025-09-02,dividend,0.99,,
ADI,2025-12-08,dividend,0.99,,
ADI,2026-03-03,dividend,1.1,,
ADI,2026-06-02,dividend,1.1,,
ADI,2026-09-01,dividend,1.1,,
ADP,2006-12-06,dividend,0.182405,,
ADP,2007-03-07,dividend,0.182405,,
ADP,2007-04-02,split,1.1070519207350824,10000:9033,
ADP,2007-06-13,dividend,0.201932,,
ADP,2007-09-12,dividend,0.201932,,
ADP,2007-12-12,dividend,0.254609,,
ADP,2008-03-12,dividend,0.254609,,
ADP,2008-06-11,dividend,0.254609,,
ADP,2008-09-10,dividend,0.254609,,
ADP,2008-12-10,dividend,0.289728,,
ADP,2009-03-11,dividend,0.289728,,
ADP,2009-06-10,dividend,0.289728,,
ADP,2009-09-09,dividend,0.289728,,
ADP,2009-12-09,dividend,0.298507,,
ADP,2010-03-10,dividend,0.298507,,
ADP,2010-06-09,dividend,0.298507,,
ADP,2010-09-08,dividend,0.298507,,
ADP,2010-12-08,dividend,0.316067,,
ADP,2011-03-09,dividend,0.316067,,
ADP,2011-06-08,dividend,0.316067,,
ADP,2011-09-07,dividend,0.316067,,
ADP,2011-12-07,dividend,0.346795,,
ADP,2012-03-07,dividend,0.346795,,
ADP,2012-06-06,dividend,0.346795,,
ADP,2012-09-12,dividend,0.346795,,
ADP,2012-12-12,dividend,0.381914,,
ADP,2013-03-06,dividend,0.381914,,
ADP,2013-06-12,dividend,0.381914,,
ADP,2013-09-11,dividend,0.381914,,
ADP,2013-12-11,dividend,0.421422,,
ADP,2014-03-12,dividend,0.421422,,
ADP,2014-06-11,dividend,0.421422,,
ADP,2014-09-10,dividend,0.421422,,
ADP,2014-10-01,split,1.139,1139:1000,
ADP,2014-12-10,dividend,0.49,,
ADP,2015-03-11,dividend,0.49,,
ADP,2015-06-10,dividend,0.49,,
ADP,2015-09-09,dividend,0.49,,
ADP,2015-12-09,dividend,0.53,,
ADP,2016-03-09,dividend,0.53,,
ADP,2016-06-08,dividend,0.53,,
ADP,2016-09-07,dividend,0.53,,
ADP,2016-12-07,dividend,0.57,,
ADP,2017-03-08,dividend,0.57,,
ADP,2017-06-07,dividend,0.57,,
ADP,2017-09-07,dividend,0.57,,
ADP,2017-12-07,dividend,0.63,,
ADP,2018-03-08,dividend,0.63,,
ADP,2018-06-07,dividend,0.69,,
ADP,2018-09-13,dividend,0.69,,
ADP,2018-12-13,dividend,0.79,,
ADP,2019-03-07,dividend,0.79,,
ADP,2019-06-13,dividend,0.79,,
ADP,2019-09-12,dividend,0.79,,
ADP,2019-12-12,dividend,0.91,,
ADP,2020-03-12,dividend,0.91,,
ADP,2020-06-11,dividend,0.91,,
ADP,2020-09-10,dividend,0.91,,
ADP,2020-12-10,dividend,0.93,,
ADP,2021-03-11,dividend,0.93,,
ADP,2021-06-10,dividend,0.93,,
ADP,2021-09-09,dividend,0.93,,
ADP,2021-12-09,dividend,1.04,,
ADP,2022-03-10,dividend,1.04,,
ADP,2022-06-09,dividend,1.04,,
ADP,2022-09-08,dividend,1.04,,
ADP,2022-12-08,dividend,1.25,,
ADP,2023-03-09,dividend,1.25,,
ADP,2023-06-08,dividend,1.25,,
ADP,2023-09-07,dividend,1.25,,
ADP,2023-12-07,dividend,1.4,,
ADP,2024-03-07,dividend,1.4,,
ADP,2024-06-14,dividend,1.4,,
ADP,2024-09-13,dividend,1.4,,
ADP,2024-12-13,dividend,1.54,,
ADP,2025-03-14,dividend,1.54,,
ADP,2025-06-13,dividend,1.54,,
ADP,2025-09-12,dividend,1.54,,
ADP,2025-12-12,dividend,1.7,,
ADP,2026-03-13,dividend,1.7,,
ADP,2026-06-12,dividend,1.7,,
ADP,2026-09-11,dividend,1.7,,
AFL,2006-11-15,dividend,0.08,,
AFL,2007-02-14,dividend,0.0925,,
AFL,2007-05-16,dividend,0.1025,,
AFL,2007-08-15,dividend,0.1025,,
AFL,2007-11-14,dividend,0.1025,,
AFL,2008-02-15,dividend,0.12,,
AFL,2008-05-19,dividend,0.12,,
AFL,2008-08-18,dividend,0.12,,
AFL,2008-11-17,dividend,0.12,,
AFL,2009-02-13,dividend,0.14,,
AFL,2009-05-18,dividend,0.14,,
AFL,2009-08-17,dividend,0.14,,
AFL,2009-11-16,dividend,0.14,,
AFL,2010-02-11,dividend,0.14,,
AFL,2010-05-17,dividend,0.14,,
AFL,2010-08-16,dividend,0.14,,
AFL,2010-11-15,dividend,0.15,,
AFL,2011-02-11,dividend,0.15,,
AFL,2011-05-16,dividend,0.15,,
AFL,2011-08-15,dividend,0.15,,
AFL,2011-11-14,dividend,0.165,,
AFL,2012-02-13,dividend,0.165,,
AFL,2012-05-14,dividend,0.165,,
AFL,2012-08-13,dividend,0.165,,
AFL,2012-11-09,dividend,0.175,,
AFL,2013-02-13,dividend,0.175,,
AFL,2013-05-20,dividend,0.175,,
AFL,2013-08-19,dividend,0.175,,
AFL,2013-11-18,dividend,0.185,,
AFL,2014-02-12,dividend,0.185,,
AFL,2014-05-19,dividend,0.185,,
AFL,2014-08-18,dividend,0.185,,
AFL,2014-11-17,dividend,0.195,,
AFL,2015-02-12,dividend,0.195,,
AFL,2015-05-18,dividend,0.195,,
AFL,2015-08-17,dividend,0.195,,
AFL,2015-11-16,dividend,0.205,,
AFL,2016-02-11,dividend,0.205,,
AFL,2016-05-16,dividend,0.205,,
AFL,2016-08-22,dividend,0.205,,
AFL,2016-11-14,dividend,0.215,,
AFL,2017-02-13,dividend,0.215,,
AFL,2017-05-22,dividend,0.215,,
AFL,2017-08-21,dividend,0.215,,
AFL,2017-11-14,dividend,0.225,,
AFL,2018-02-20,dividend,0.26,,
AFL,2018-03-19,split,2.0,2:1,
AFL,2018-05-22,dividend,0.26,,
AFL,2018-08-21,dividend,0.26,,
AFL,2018-11-20,dividend,0.26,,
AFL,2019-02-19,dividend,0.27,,
AFL,2019-05-21,dividend,0.27,,
AFL,2019-08-20,dividend,0.27,,
AFL,2019-11-19,dividend,0.27,,
AFL,2020-02-18,dividend,0.28,,
AFL,2020-05-19,dividend,0.28,,
AFL,2020-08-18,dividend,0.28,,
AFL,2020-11-17,dividend,0.28,,
AFL,2021-02-16,dividend,0.33,,
AFL,2021-05-18,dividend,0.33,,
AFL,2021-08-17,dividend,0.33,,
AFL,2021-11-16,dividend,0.33,,
AFL,2022-02-15,dividend,0.4,,
AFL,2022-05-17,dividend,0.4,,
AFL,2022-08-23,dividend,0.4,,
AFL,2022-11-15,dividend,0.4,,
AFL,2023-02-14,dividend,0.42,,
AFL,2023-05-16,dividend,0.42,,
AFL,2023-08-22,dividend,0.42,,
AFL,2023-11-14,dividend,0.42,,
AFL,2024-02-20,dividend,0.5,,
AFL,2024-05-21,dividend,0.5,,
AFL,2024-08-21,dividend,0.5,,
AFL,2024-11-20,dividend,0.5,,
AFL,2025-02-19,dividend,0.58,,
AFL,2025-05-21,dividend,0.58,,
AFL,2025-08-20,dividend,0.58,,
AFL,2025-11-19,dividend,0.58,,
AFL,2026-02-18,dividend,0.61,,
AFL,2026-05-20,dividend,0.61,,
AFL,2026-08-19,dividend,0.61,,
AIR.PA,2007-05-11,dividend,0.12,,
AIR.PA,2008-05-30,dividend,0.12,,
AIR.PA,2009-06-03,dividend,0.2,,
AIR.PA,2011-06-01,dividend,0.22,,
AIR.PA,2012-06-04,dividend,0.45,,
AIR.PA,2013-05-31,dividend,0.6,,
AIR.PA,2014-05-29,dividend,0.75,,
AIR.PA,2015-06-01,dividend,1.2,,
AIR.PA,2016-05-02,dividend,1.3,,
AIR.PA,2017-04-18,dividend,1.35,,
AIR.PA,2018-04-16,dividend,1.5,,
AIR.PA,2019-04-15,dividend,1.65,,
AIR.PA,2022-04-19,dividend,1.5,,
AIR.PA,2023-04-25,dividend,1.8,,
AIR.PA,2024-04-16,dividend,2.8,,
AIR.PA,2025-04-22,dividend,3.0,,
AIR.PA,2026-04-21,dividend,3.2,,
AJG,2006-09-27,dividend,0.3,,
AJG,2006-12-27,dividend,0.3,,
AJG,2007-03-28,dividend,0.31,,
AJG,2007-06-27,dividend,0.31,,
AJG,2007-09-26,dividend,0.31,,
AJG,2007-12-27,dividend,0.31,,
AJG,2008-03-27,dividend,0.32,,
AJG,2008-06-26,dividend,0.32,,
AJG,2008-09-26,dividend,0.32,,
AJG,2008-12-29,dividend,0.32,,
AJG,2009-03-27,dividend,0.32,,
AJG,2009-06-26,dividend,0.32,,
AJG,2009-09-28,dividend,0.32,,
AJG,2009-12-29,dividend,0.32,,
AJG,2010-03-29,dividend,0.32,,
AJG,2010-06-28,dividend,0.32,,
AJG,2010-09-28,dividend,0.32,,
AJG,2010-12-29,dividend,0.32,,
AJG,2011-03-29,dividend,0.33,,
AJG,2011-06-28,dividend,0.33,,
AJG,2011-09-28,dividend,0.33,,
AJG,2011-12-28,dividend,0.33,,
AJG,2012-03-28,dividend,0.34,,
AJG,2012-06-27,dividend,0.34,,
AJG,2012-09-26,dividend,0.34,,
AJG,2012-11-29,dividend,0.34,,
AJG,2013-02-28,dividend,0.35,,
AJG,2013-05-31,dividend,0.35,,
AJG,2013-08-30,dividend,0.35,,
AJG,2013-12-02,dividend,0.35,,
AJG,2014-02-28,dividend,0.36,,
AJG,2014-06-04,dividend,0.36,,
AJG,2014-09-03,dividend,0.36,,
AJG,2014-12-03,dividend,0.36,,
AJG,2015-03-02,dividend,0.37,,
AJG,2015-06-03,dividend,0.37,,
AJG,2015-09-02,dividend,0.37,,
AJG,2015-12-02,dividend,0.37,,
AJG,2016-03-02,dividend,0.38,,
AJG,2016-06-01,dividend,0.38,,
AJG,2016-08-31,dividend,0.38,,
AJG,2016-11-30,dividend,0.38,,
AJG,2017-03-01,dividend,0.39,,
AJG,2017-05-31,dividend,0.39,,
AJG,2017-08-30,dividend,0.39,,
AJG,2017-11-30,dividend,0.39,,
AJG,2018-03-01,dividend,0.41,,
AJG,2018-05-31,dividend,0.41,,
AJG,2018-09-06,dividend,0.41,,
AJG,2018-12-06,dividend,0.41,,
AJG,2019-02-28,dividend,0.43,,
AJG,2019-06-06,dividend,0.43,,
AJG,2019-09-05,dividend,0.43,,
AJG,2019-12-05,dividend,0.43,,
AJG,2020-03-05,dividend,0.45,,
AJG,2020-06-04,dividend,0.45,,
AJG,2020-09-03,dividend,0.45,,
AJG,2020-12-03,dividend,0.45,,
AJG,2021-03-04,dividend,0.48,,
AJG,2021-06-03,dividend,0.48,,
AJG,2021-09-02,dividend,0.48,,
AJG,2021-12-02,dividend,0.48,,
AJG,2022-03-03,dividend,0.51,,
AJG,2022-06-02,dividend,0.51,,
AJG,2022-09-01,dividend,0.51,,
AJG,2022-12-01,dividend,0.51,,
AJG,2023-03-02,dividend,0.55,,
AJG,2023-06-01,dividend,0.55,,
AJG,2023-08-31,dividend,0.55,,
AJG,2023-11-30,dividend,0.55,,
AJG,2024-02-29,dividend,0.6,,
AJG,2024-06-07,dividend,0.6,,
AJG,2024-09-06,dividend,0.6,,
AJG,2024-12-06,dividend,0.6,,
AJG,2025-03-07,dividend,0.65,,
AJG,2025-06-06,dividend,0.65,,
AJG,2025-09-05,dividend,0.65,,
AJG,2025-12-05,dividend,0.65,,
AJG,2026-03-06,dividend,0.7,,
AJG,2026-06-05,dividend,0.7,,
AJG,2026-09-08,dividend,0.7,,
ALV.DE,2007-05-03,dividend,3.8,,
ALV.DE,2008-05-22,dividend,5.5,,
ALV.DE,2009-04-30,dividend,3.5,,
ALV.DE,2010-05-06,dividend,4.1,,
ALV.DE,2011-05-05,dividend,4.5,,
ALV.DE,2012-05-10,dividend,4.5,,
ALV.DE,2013-05-08,dividend,4.5,,
ALV.DE,2014-05-08,dividend,5.3,,
ALV.DE,2015-05-07,dividend,6.85,,
ALV.DE,2016-05-05,dividend,7.3,,
ALV.DE,2017-05-04,dividend,7.6,,
ALV.DE,2018-05-10,dividend,8.0,,
ALV.DE,2019-05-09,dividend,9.0,,
ALV.DE,2020-05-07,dividend,9.6,,
ALV.DE,2021-05-06,dividend,9.6,,
ALV.DE,2022-05-05,dividend,10.8,,
ALV.DE,2023-05-05,dividend,11.4,,
ALV.DE,2024-05-09,dividend,13.8,,
ALV.DE,2025-05-09,dividend,15.4,,
ALV.DE,2026-05-08,dividend,17.1,,
AMAT,2006-11-14,dividend,0.05,,
AMAT,2007-02-13,dividend,0.05,,
AMAT,2007-05-15,dividend,0.06,,
AMAT,2007-08-14,dividend,0.06,,
AMAT,2007-11-13,dividend,0.06,,
AMAT,2008-02-12,dividend,0.06,,
AMAT,2008-05-13,dividend,0.06,,
AMAT,2008-08-12,dividend,0.06,,
AMAT,2008-11-10,dividend,0.06,,
AMAT,2009-02-10,dividend,0.06,,
AMAT,2009-05-12,dividend,0.06,,
AMAT,2009-08-11,dividend,0.06,,
AMAT,2009-11-09,dividend,0.06,,
AMAT,2010-02-22,dividend,0.06,,
AMAT,2010-05-24,dividend,0.07,,
AMAT,2010-08-23,dividend,0.07,,
AMAT,2010-11-22,dividend,0.07,,
AMAT,2011-02-28,dividend,0.07,,
AMAT,2011-05-27,dividend,0.08,,
AMAT,2011-08-29,dividend,0.08,,
AMAT,2011-11-21,dividend,0.08,,
AMAT,2012-02-21,dividend,0.08,,
AMAT,2012-05-22,dividend,0.09,,
AMAT,2012-08-21,dividend,0.09,,
AMAT,2012-11-19,dividend,0.09,,
AMAT,2013-02-15,dividend,0.09,,
AMAT,2013-05-21,dividend,0.1,,
AMAT,2013-08-20,dividend,0.1,,
AMAT,2013-11-19,dividend,0.1,,
AMAT,2014-02-14,dividend,0.1,,
AMAT,2014-05-20,dividend,0.1,,
AMAT,2014-08-19,dividend,0.1,,
AMAT,2014-11-18,dividend,0.1,,
AMAT,2015-02-13,dividend,0.1,,
AMAT,2015-05-19,dividend,0.1,,
AMAT,2015-08-18,dividend,0.1,,
AMAT,2015-11-17,dividend,0.1,,
AMAT,2016-02-23,dividend,0.1,,
AMAT,2016-05-24,dividend,0.1,,
AMAT,2016-08-23,dividend,0.1,,
AMAT,2016-11-22,dividend,0.1,,
AMAT,2017-02-17,dividend,0.1,,
AMAT,2017-05-23,dividend,0.1,,
AMAT,2017-08-22,dividend,0.1,,
AMAT,2017-11-22,dividend,0.1,,
AMAT,2018-02-20,dividend,0.1,,
AMAT,2018-05-23,dividend,0.2,,
AMAT,2018-08-22,dividend,0.2,,
AMAT,2018-11-21,dividend,0.2,,
AMAT,2019-02-20,dividend,0.2,,
AMAT,2019-05-22,dividend,0.21,,
AMAT,2019-08-21,dividend,0.21,,
AMAT,2019-11-20,dividend,0.21,,
AMAT,2020-02-18,dividend,0.21,,
AMAT,2020-05-20,dividend,0.22,,
AMAT,2020-08-19,dividend,0.22,,
AMAT,2020-11-18,dividend,0.22,,
AMAT,2021-02-24,dividend,0.22,,
AMAT,2021-05-26,dividend,0.24,,
AMAT,2021-08-25,dividend,0.24,,
AMAT,2021-11-24,dividend,0.24,,
AMAT,2022-02-22,dividend,0.24,,
AMAT,2022-05-25,dividend,0.26,,
AMAT,2022-08-24,dividend,0.26,,
AMAT,2022-11-23,dividend,0.26,,
AMAT,2023-02-22,dividend,0.26,,
AMAT,2023-05-24,dividend,0.32,,
AMAT,2023-08-23,dividend,0.32,,
AMAT,2023-11-22,dividend,0.32,,
AMAT,2024-02-21,dividend,0.32,,
AMAT,2024-05-22,dividend,0.4,,
AMAT,2024-08-22,dividend,0.4,,
AMAT,2024-11-21,dividend,0.4,,
AMAT,2025-02-20,dividend,0.4,,
AMAT,2025-05-22,dividend,0.46,,
AMAT,2025-08-21,dividend,0.46,,
AMAT,2025-11-20,dividend,0.46,,
AMAT,2026-02-19,dividend,0.46,,
AMAT,2026-05-21,dividend,0.53,,
AMAT,2026-08-20,dividend,0.53,,
AMC,2014-06-04,dividend,2.0,,
AMC,2014-09-03,dividend,2.0,,
AMC,2014-12-03,dividend,2.0,,
AMC,2015-03-05,dividend,2.0,,
AMC,2015-06-04,dividend,2.0,,
AMC,2015-09-03,dividend,2.0,,
AMC,2015-12-03,dividend,2.0,,
AMC,2016-03-03,dividend,2.0,,
AMC,2016-06-02,dividend,2.0,,
AMC,2016-09-01,dividend,2.0,,
AMC,2016-12-01,dividend,2.0,,
AMC,2017-03-09,dividend,2.0,,
AMC,2017-06-01,dividend,2.0,,
AMC,2017-09-08,dividend,2.0,,
AMC,2017-12-01,dividend,2.0,,
AMC,2018-03-09,dividend,2.0,,
AMC,2018-06-08,dividend,2.0,,
AMC,2018-09-07,dividend,2.0,,
AMC,2018-09-24,dividend,15.5,,
AMC,2018-12-07,dividend,2.0,,
AMC,2019-03-08,dividend,2.0,,
AMC,2019-06-07,dividend,2.0,,
AMC,2019-09-06,dividend,2.0,,
AMC,2019-11-29,dividend,2.0,,
AMC,2020-03-06,dividend,0.3,,
AMC,2023-08-24,split,0.1,1:10,
AMGN,2011-08-16,dividend,0.28,,
AMGN,2011-11-15,dividend,0.28,,
AMGN,2012-02-13,dividend,0.36,,
AMGN,2012-05-14,dividend,0.36,,
AMGN,2012-08-14,dividend,0.36,,
AMGN,2012-11-13,dividend,0.36,,
AMGN,2013-02-11,dividend,0.47,,
AMGN,2013-05-14,dividend,0.47,,
AMGN,2013-08-14,dividend,0.47,,
AMGN,2013-11-12,dividend,0.47,,
AMGN,2014-02-11,dividend,0.61,,
AMGN,2014-05-13,dividend,0.61,,
AMGN,2014-08-12,dividend,0.61,,
AMGN,2014-11-10,dividend,0.61,,
AMGN,2015-02-10,dividend,0.79,,
AMGN,2015-05-12,dividend,0.79,,
AMGN,2015-08-13,dividend,0.79,,
AMGN,2015-11-12,dividend,0.79,,
AMGN,2016-02-11,dividend,1.0,,
AMGN,2016-05-13,dividend,1.0,,
AMGN,2016-08-15,dividend,1.0,,
AMGN,2016-11-14,dividend,1.0,,
AMGN,2017-02-13,dividend,1.15,,
AMGN,2017-05-15,dividend,1.15,,
AMGN,2017-08-15,dividend,1.15,,
AMGN,2017-11-16,dividend,1.15,,
AMGN,2018-02-14,dividend,1.32,,
AMGN,2018-05-16,dividend,1.32,,
AMGN,2018-08-16,dividend,1.32,,
AMGN,2018-11-15,dividend,1.32,,
AMGN,2019-02-14,dividend,1.45,,
AMGN,2019-05-16,dividend,1.45,,
AMGN,2019-08-14,dividend,1.45,,
AMGN,2019-11-14,dividend,1.45,,
AMGN,2020-02-13,dividend,1.6,,
AMGN,2020-05-15,dividend,1.6,,
AMGN,2020-08-14,dividend,1.6,,
AMGN,2020-11-13,dividend,1.6,,
AMGN,2021-02-11,dividend,1.76,,
AMGN,2021-05-14,dividend,1.76,,
AMGN,2021-08-16,dividend,1.76,,
AMGN,2021-11-15,dividend,1.76,,
AMGN,2022-02-14,dividend,1.94,,
AMGN,2022-05-16,dividend,1.94,,
AMGN,2022-08-17,dividend,1.94,,
AMGN,2022-11-16,dividend,1.94,,
AMGN,2023-02-14,dividend,2.13,,
AMGN,2023-05-17,dividend,2.13,,
AMGN,2023-08-17,dividend,2.13,,
AMGN,2023-11-16,dividend,2.13,,
AMGN,2024-02-15,dividend,2.25,,
AMGN,2024-05-16,dividend,2.25,,
AMGN,2024-08-16,dividend,2.25,,
AMGN,2024-11-18,dividend,2.25,,
AMGN,2025-02-14,dividend,2.38,,
AMGN,2025-05-16,dividend,2.38,,
AMGN,2025-08-22,dividend,2.38,,
AMGN,2025-11-21,dividend,2.38,,
AMGN,2026-02-13,dividend,2.52,,
AMGN,2026-05-15,dividend,2.52,,
AMGN,2026-08-21,dividend,2.52,,
AMZN,2022-06-06,split,20.0,20:1,
ANET,2021-11-18,split,4.0,4:1,
ANET,2024-12-04,split,4.0,4:1,
AON,2006-10-30,dividend,0.15,,
AON,2007-01-30,dividend,0.15,,
AON,2007-04-27,dividend,0.15,,
AON,2007-07-30,dividend,0.15,,
AON,2007-10-30,dividend,0.15,,
AON,2008-01-30,dividend,0.15,,
AON,2008-04-29,dividend,0.15,,
AON,2008-07-30,dividend,0.15,,
AON,2008-10-30,dividend,0.15,,
AON,2009-01-29,dividend,0.15,,
AON,2009-04-29,dividend,0.15,,
AON,2009-07-30,dividend,0.15,,
AON,2009-10-29,dividend,0.15,,
AON,2010-01-28,dividend,0.15,,
AON,2010-04-29,dividend,0.15,,
AON,2010-07-29,dividend,0.15,,
AON,2010-10-28,dividend,0.15,,
AON,2011-01-28,dividend,0.15,,
AON,2011-04-28,dividend,0.15,,
AON,2011-07-28,dividend,0.15,,
AON,2011-10-28,dividend,0.15,,
AON,2012-01-30,dividend,0.15,,
AON,2012-04-27,dividend,0.158,,
AON,2012-07-30,dividend,0.158,,
AON,2012-10-31,dividend,0.158,,
AON,2013-01-30,dividend,0.158,,
AON,2013-04-29,dividend,0.175,,
AON,2013-07-30,dividend,0.175,,
AON,2013-10-30,dividend,0.175,,
AON,2014-01-30,dividend,0.175,,
AON,2014-04-29,dividend,0.25,,
AON,2014-07-30,dividend,0.25,,
AON,2014-10-30,dividend,0.25,,
AON,2015-01-29,dividend,0.25,,
AON,2015-04-29,dividend,0.3,,
AON,2015-07-30,dividend,0.3,,
AON,2015-10-29,dividend,0.3,,
AON,2016-01-28,dividend,0.3,,
AON,2016-04-28,dividend,0.33,,
AON,2016-07-28,dividend,0.33,,
AON,2016-10-28,dividend,0.33,,
AON,2017-01-30,dividend,0.33,,
AON,2017-04-27,dividend,0.36,,
AON,2017-07-28,dividend,0.36,,
AON,2017-10-31,dividend,0.36,,
AON,2018-01-31,dividend,0.36,,
AON,2018-04-30,dividend,0.4,,
AON,2018-07-31,dividend,0.4,,
AON,2018-08-09,dividend,0.4,,
AON,2018-10-31,dividend,0.4,,
AON,2019-01-31,dividend,0.4,,
AON,2019-04-30,dividend,0.44,,
AON,2019-07-31,dividend,0.44,,
AON,2019-10-31,dividend,0.44,,
AON,2020-01-31,dividend,0.44,,
AON,2020-04-30,dividend,0.44,,
AON,2020-07-31,dividend,0.44,,
AON,2020-10-30,dividend,0.46,,
AON,2021-01-29,dividend,0.46,,
AON,2021-04-30,dividend,0.51,,
AON,2021-07-30,dividend,0.51,,
AON,2021-10-29,dividend,0.51,,
AON,2022-01-31,dividend,0.51,,
AON,2022-04-29,dividend,0.56,,
AON,2022-07-29,dividend,0.56,,
AON,2022-10-31,dividend,0.56,,
AON,2023-01-31,dividend,0.56,,
AON,2023-04-28,dividend,0.615,,
AON,2023-07-31,dividend,0.615,,
AON,2023-10-31,dividend,0.615,,
AON,2024-01-31,dividend,0.615,,
AON,2024-04-30,dividend,0.675,,
AON,2024-08-01,dividend,0.675,,
AON,2024-11-01,dividend,0.675,,
AON,2025-02-03,dividend,0.675,,
AON,2025-05-01,dividend,0.745,,
AON,2025-08-01,dividend,0.745,,
AON,2026-05-01,dividend,0.82,,
AON,2026-08-03,dividend,0.82,,
APD,2006-09-28,dividend,0.314524,,
APD,2006-12-28,dividend,0.314524,,
APD,2007-03-29,dividend,0.351526,,
APD,2007-06-28,dividend,0.351526,,
APD,2007-09-27,dividend,0.351526,,
APD,2007-12-28,dividend,0.351526,,
APD,2008-03-28,dividend,0.407031,,
APD,2008-06-27,dividend,0.407031,,
APD,2008-09-29,dividend,0.407031,,
APD,2008-12-30,dividend,0.407031,,
APD,2009-03-30,dividend,0.416281,,
APD,2009-06-29,dividend,0.416281,,
APD,2009-09-29,dividend,0.416281,,
APD,2009-12-30,dividend,0.416281,,
APD,2010-03-30,dividend,0.453284,,
APD,2010-06-29,dividend,0.453284,,
APD,2010-09-29,dividend,0.453284,,
APD,2010-12-30,dividend,0.453284,,
APD,2011-03-30,dividend,0.53654,,
APD,2011-06-29,dividend,0.53654,,
APD,2011-09-29,dividend,0.53654,,
APD,2011-12-29,dividend,0.53654,,
APD,2012-03-29,dividend,0.592044,,
APD,2012-06-28,dividend,0.592044,,
APD,2012-09-27,dividend,0.592044,,
APD,2012-12-28,dividend,0.592044,,
APD,2013-03-27,dividend,0.656799,,
APD,2013-06-27,dividend,0.656799,,
APD,2013-09-27,dividend,0.656799,,
APD,2013-12-30,dividend,0.656799,,
APD,2014-03-28,dividend,0.712303,,
APD,2014-06-27,dividend,0.712303,,
APD,2014-09-29,dividend,0.712303,,
APD,2014-12-30,dividend,0.712303,,
APD,2015-03-30,dividend,0.749306,,
APD,2015-06-29,dividend,0.749306,,
APD,2015-09-29,dividend,0.749306,,
APD,2015-12-30,dividend,0.749306,,
APD,2016-03-30,dividend,0.79556,,
APD,2016-06-29,dividend,0.79556,,
APD,2016-10-03,split,1.081,1081:1000,
APD,2016-10-06,dividend,0.86,,
APD,2016-12-29,dividend,0.86,,
APD,2017-03-30,dividend,0.95,,
APD,2017-06-29,dividend,0.95,,
APD,2017-10-06,dividend,0.95,,
APD,2017-12-29,dividend,0.95,,
APD,2018-03-29,dividend,1.1,,
APD,2018-06-29,dividend,1.1,,
APD,2018-09-28,dividend,1.1,,
APD,2018-12-31,dividend,1.1,,
APD,2019-03-29,dividend,1.16,,
APD,2019-06-28,dividend,1.16,,
APD,2019-09-30,dividend,1.16,,
APD,2019-12-31,dividend,1.16,,
APD,2020-03-31,dividend,1.34,,
APD,2020-06-30,dividend,1.34,,
APD,2020-09-30,dividend,1.34,,
APD,2020-12-31,dividend,1.34,,
APD,2021-03-31,dividend,1.5,,
APD,2021-06-30,dividend,1.5,,
APD,2021-09-30,dividend,1.5,,
APD,2021-12-31,dividend,1.5,,
APD,2022-03-31,dividend,1.62,,
APD,2022-06-30,dividend,1.62,,
APD,2022-09-30,dividend,1.62,,
APD,2022-12-30,dividend,1.62,,
APD,2023-03-31,dividend,1.75,,
APD,2023-06-30,dividend,1.75,,
APD,2023-09-29,dividend,1.75,,
APD,2023-12-29,dividend,1.75,,
APD,2024-03-28,dividend,1.77,,
APD,2024-07-01,dividend,1.77,,
APD,2024-10-01,dividend,1.77,,
APD,2025-01-02,dividend,1.77,,
APD,2025-04-01,dividend,1.79,,
APD,2025-07-01,dividend,1.79,,
APD,2025-10-01,dividend,1.79,,
APD,2026-01-02,dividend,1.79,,
APD,2026-04-01,dividend,1.81,,
APD,2026-07-01,dividend,1.81,,
APH,2006-12-11,dividend,0.000938,,
APH,2007-03-12,dividend,0.000938,,
APH,2007-04-02,split,2.0,2:1,
APH,2007-06-11,dividend,0.000938,,
APH,2007-09-10,dividend,0.000938,,
APH,2007-12-10,dividend,0.000938,,
APH,2008-03-10,dividend,0.000938,,
APH,2008-06-09,dividend,0.000938,,
APH,2008-09-08,dividend,0.000938,,
APH,2008-12-15,dividend,0.000938,,
APH,2009-03-09,dividend,0.000938,,
APH,2009-06-08,dividend,0.000938,,
APH,2009-09-14,dividend,0.000938,,
APH,2009-12-14,dividend,0.000938,,
APH,2010-03-15,dividend,0.000938,,
APH,2010-06-14,dividend,0.000938,,
APH,2010-09-13,dividend,0.000938,,
APH,2010-12-13,dividend,0.000938,,
APH,2011-03-14,dividend,0.000938,,
APH,2011-06-13,dividend,0.000938,,
APH,2011-09-12,dividend,0.000938,,
APH,2011-12-12,dividend,0.000938,,
APH,2012-03-12,dividend,0.006563,,
APH,2012-06-11,dividend,0.006563,,
APH,2012-09-10,dividend,0.006563,,
APH,2012-12-10,dividend,0.006563,,
APH,2013-03-11,dividend,0.006563,,
APH,2013-06-10,dividend,0.006563,,
APH,2013-09-09,dividend,0.0125,,
APH,2013-12-09,dividend,0.0125,,
APH,2014-03-10,dividend,0.0125,,
APH,2014-06-09,dividend,0.0125,,
APH,2014-09-08,dividend,0.015625,,
APH,2014-10-10,split,2.0,2:1,
APH,2014-12-03,dividend,0.015625,,
APH,2015-03-09,dividend,0.015625,,
APH,2015-06-08,dividend,0.015625,,
APH,2015-09-04,dividend,0.0175,,
APH,2015-12-11,dividend,0.0175,,
APH,2016-03-11,dividend,0.0175,,
APH,2016-06-10,dividend,0.0175,,
APH,2016-09-09,dividend,0.0175,,
APH,2016-12-09,dividend,0.02,,
APH,2017-03-16,dividend,0.02,,
APH,2017-06-15,dividend,0.02,,
APH,2017-09-15,dividend,0.02375,,
APH,2017-12-15,dividend,0.02375,,
APH,2018-03-16,dividend,0.02375,,
APH,2018-06-15,dividend,0.02875,,
APH,2018-09-14,dividend,0.02875,,
APH,2018-12-14,dividend,0.02875,,
APH,2019-03-18,dividend,0.02875,,
APH,2019-06-18,dividend,0.02875,,
APH,2019-09-16,dividend,0.03125,,
APH,2019-12-16,dividend,0.03125,,
APH,2020-03-16,dividend,0.03125,,
APH,2020-06-15,dividend,0.03125,,
APH,2020-09-14,dividend,0.03125,,
APH,2020-12-14,dividend,0.03625,,
APH,2021-03-05,split,2.0,2:1,
APH,2021-03-22,dividend,0.03625,,
APH,2021-06-21,dividend,0.03625,,
APH,2021-09-20,dividend,0.03625,,
APH,2021-12-20,dividend,0.05,,
APH,2022-03-21,dividend,0.05,,
APH,2022-06-17,dividend,0.05,,
APH,2022-09-19,dividend,0.05,,
APH,2022-12-19,dividend,0.0525,,
APH,2023-03-20,dividend,0.0525,,
APH,2023-06-16,dividend,0.0525,,
APH,2023-09-18,dividend,0.0525,,
APH,2023-12-18,dividend,0.055,,
APH,2024-03-18,dividend,0.055,,
APH,2024-06-12,split,2.0,2:1,
APH,2024-06-18,dividend,0.055,,
APH,2024-09-17,dividend,0.0825,,
APH,2024-12-17,dividend,0.0825,,
APH,2025-03-18,dividend,0.0825,,
APH,2025-06-17,dividend,0.0825,,
APH,2025-09-16,dividend,0.0825,,
APH,2025-12-16,dividend,0.125,,
APH,2026-03-23,dividend,0.125,,
APH,2026-06-23,dividend,0.125,,
APH,2026-09-03,split,2.0,2:1,
ASML.AS,2007-10-01,dividend,2.649351,,
ASML.AS,2007-10-01,split,0.8888888888888888,8:9,
ASML.AS,2008-04-07,dividend,0.275974,,
ASML.AS,2009-03-30,dividend,0.25974,,
ASML.AS,2010-03-26,dividend,0.220779,,
ASML.AS,2011-04-26,dividend,0.441558,,
ASML.AS,2012-04-27,dividend,0.597403,,
ASML.AS,2012-11-26,split,0.77,77:100,
ASML.AS,2013-04-26,dividend,0.53,,
ASML.AS,2014-04-25,dividend,0.61,,
ASML.AS,2015-04-24,dividend,0.7,,
ASML.AS,2016-05-03,dividend,1.05,,
ASML.AS,2017-04-28,dividend,1.2,,
ASML.AS,2018-04-27,dividend,1.4,,
ASML.AS,2019-04-26,dividend,2.1,,
ASML.AS,2019-11-04,dividend,1.05,,
ASML.AS,2020-04-24,dividend,1.35,,
ASML.AS,2020-11-02,dividend,1.2,,
ASML.AS,2021-05-03,dividend,1.55,,
ASML.AS,2021-11-02,dividend,1.8,,
ASML.AS,2022-05-03,dividend,3.7,,
ASML.AS,2022-08-04,dividend,1.37,,
ASML.AS,2022-11-03,dividend,1.37,,
ASML.AS,2023-02-06,dividend,1.37,,
ASML.AS,2023-04-28,dividend,1.69,,
ASML.AS,2023-08-01,dividend,1.45,,
ASML.AS,2023-11-01,dividend,1.45,,
ASML.AS,2024-02-05,dividend,1.45,,
ASML.AS,2024-04-26,dividend,1.75,,
ASML.AS,2024-07-29,dividend,1.52,,
ASML.AS,2024-10-29,dividend,1.52,,
ASML.AS,2025-02-10,dividend,1.52,,
ASML.AS,2025-04-25,dividend,1.84,,
ASML.AS,2025-07-28,dividend,1.6,,
ASML.AS,2025-10-28,dividend,1.6,,
ASML.AS,2026-02-09,dividend,1.6,,
ASML.AS,2026-04-24,dividend,2.7,,
ASML.AS,2026-07-27,dividend,1.88,,
AVGO,2010-12-13,dividend,0.007,,
AVGO,2011-03-16,dividend,0.008,,
AVGO,2011-06-15,dividend,0.009,,
AVGO,2011-09-15,dividend,0.011,,
AVGO,2011-12-15,dividend,0.012,,
AVGO,2012-03-15,dividend,0.013,,
AVGO,2012-06-14,dividend,0.015,,
AVGO,2012-09-18,dividend,0.016,,
AVGO,2012-12-13,dividend,0.017,,
AVGO,2013-03-21,dividend,0.019,,
AVGO,2013-06-13,dividend,0.021,,
AVGO,2013-09-17,dividend,0.023,,
AVGO,2013-12-18,dividend,0.025,,
AVGO,2014-03-18,dividend,0.027,,
AVGO,2014-06-17,dividend,0.029,,
AVGO,2014-09-17,dividend,0.032,,
AVGO,2014-12-17,dividend,0.035,,
AVGO,2015-03-18,dividend,0.038,,
AVGO,2015-06-17,dividend,0.04,,
AVGO,2015-09-16,dividend,0.042,,
AVGO,2015-12-16,dividend,0.044,,
AVGO,2016-03-16,dividend,0.049,,
AVGO,2016-06-15,dividend,0.05,,
AVGO,2016-09-15,dividend,0.051,,
AVGO,2016-12-14,dividend,0.102,,
AVGO,2017-03-16,dividend,0.102,,
AVGO,2017-06-15,dividend,0.102,,
AVGO,2017-09-18,dividend,0.102,,
AVGO,2017-12-18,dividend,0.175,,
AVGO,2018-03-21,dividend,0.35,,
AVGO,2018-06-19,dividend,0.35,,
AVGO,2018-09-18,dividend,0.175,,
AVGO,2018-12-18,dividend,0.265,,
AVGO,2019-03-20,dividend,0.265,,
AVGO,2019-06-21,dividend,0.265,,
AVGO,2019-09-20,dividend,0.265,,
AVGO,2019-12-20,dividend,0.325,,
AVGO,2020-03-20,dividend,0.325,,
AVGO,2020-06-19,dividend,0.325,,
AVGO,2020-09-21,dividend,0.325,,
AVGO,2020-12-18,dividend,0.36,,
AVGO,2021-03-19,dividend,0.36,,
AVGO,2021-06-21,dividend,0.36,,
AVGO,2021-09-21,dividend,0.36,,
AVGO,2021-12-21,dividend,0.41,,
AVGO,2022-03-21,dividend,0.41,,
AVGO,2022-06-21,dividend,0.41,,
AVGO,2022-09-21,dividend,0.41,,
AVGO,2022-12-19,dividend,0.46,,
AVGO,2023-03-21,dividend,0.46,,
AVGO,2023-06-21,dividend,0.46,,
AVGO,2023-09-20,dividend,0.46,,
AVGO,2023-12-19,dividend,0.525,,
AVGO,2024-03-20,dividend,0.525,,
AVGO,2024-06-24,dividend,0.525,,
AVGO,2024-07-15,split,10.0,10:1,
AVGO,2024-09-19,dividend,0.53,,
AVGO,2024-12-23,dividend,0.59,,
AVGO,2025-03-20,dividend,0.59,,
AVGO,2025-06-20,dividend,0.59,,
AVGO,2025-09-22,dividend,0.59,,
AVGO,2025-12-22,dividend,0.65,,
AVGO,2026-03-23,dividend,0.65,,
AVGO,2026-06-22,dividend,0.65,,
AXP,2006-10-04,dividend,0.15,,
AXP,2007-01-03,dividend,0.15,,
AXP,2007-04-03,dividend,0.15,,
AXP,2007-07-03,dividend,0.15,,
AXP,2007-10-03,dividend,0.15,,
AXP,2008-01-02,dividend,0.18,,
AXP,2008-04-09,dividend,0.18,,
AXP,2008-07-09,dividend,0.18,,
AXP,2008-10-01,dividend,0.18,,
AXP,2009-01-07,dividend,0.18,,
AXP,2009-04-01,dividend,0.18,,
AXP,2009-06-30,dividend,0.18,,
AXP,2009-09-30,dividend,0.18,,
AXP,2010-01-07,dividend,0.18,,
AXP,2010-03-30,dividend,0.18,,
AXP,2010-06-30,dividend,0.18,,
AXP,2010-10-06,dividend,0.18,,
AXP,2011-01-05,dividend,0.18,,
AXP,2011-04-06,dividend,0.18,,
AXP,2011-06-29,dividend,0.18,,
AXP,2011-10-05,dividend,0.18,,
AXP,2012-01-04,dividend,0.18,,
AXP,2012-04-03,dividend,0.2,,
AXP,2012-07-03,dividend,0.2,,
AXP,2012-10-03,dividend,0.2,,
AXP,2013-01-02,dividend,0.2,,
AXP,2013-04-03,dividend,0.2,,
AXP,2013-07-02,dividend,0.23,,
AXP,2013-10-02,dividend,0.23,,
AXP,2014-01-08,dividend,0.23,,
AXP,2014-04-02,dividend,0.23,,
AXP,2014-07-09,dividend,0.26,,
AXP,2014-10-01,dividend,0.26,,
AXP,2015-01-07,dividend,0.26,,
AXP,2015-03-31,dividend,0.26,,
AXP,2015-06-30,dividend,0.29,,
AXP,2015-10-07,dividend,0.29,,
AXP,2016-01-06,dividend,0.29,,
AXP,2016-04-06,dividend,0.29,,
AXP,2016-06-29,dividend,0.29,,
AXP,2016-10-05,dividend,0.32,,
AXP,2017-01-04,dividend,0.32,,
AXP,2017-04-05,dividend,0.32,,
AXP,2017-07-05,dividend,0.32,,
AXP,2017-10-05,dividend,0.35,,
AXP,2018-01-04,dividend,0.35,,
AXP,2018-04-05,dividend,0.35,,
AXP,2018-07-05,dividend,0.35,,
AXP,2018-10-04,dividend,0.39,,
AXP,2019-01-03,dividend,0.39,,
AXP,2019-04-04,dividend,0.39,,
AXP,2019-07-03,dividend,0.39,,
AXP,2019-10-03,dividend,0.43,,
AXP,2020-01-02,dividend,0.43,,
AXP,2020-04-02,dividend,0.43,,
AXP,2020-07-01,dividend,0.43,,
AXP,2020-10-08,dividend,0.43,,
AXP,2021-01-07,dividend,0.43,,
AXP,2021-03-31,dividend,0.43,,
AXP,2021-07-01,dividend,0.43,,
AXP,2021-10-07,dividend,0.43,,
AXP,2022-01-06,dividend,0.43,,
AXP,2022-04-07,dividend,0.52,,
AXP,2022-06-30,dividend,0.52,,
AXP,2022-10-13,dividend,0.52,,
AXP,2023-01-05,dividend,0.52,,
AXP,2023-04-05,dividend,0.6,,
AXP,2023-07-06,dividend,0.6,,
AXP,2023-10-05,dividend,0.6,,
AXP,2024-01-04,dividend,0.6,,
AXP,2024-04-04,dividend,0.7,,
AXP,2024-07-05,dividend,0.7,,
AXP,2024-10-04,dividend,0.7,,
AXP,2025-01-03,dividend,0.7,,
AXP,2025-04-04,dividend,0.82,,
AXP,2025-07-03,dividend,0.82,,
AXP,2025-10-10,dividend,0.82,,
AXP,2026-01-02,dividend,0.82,,
AXP,2026-04-02,dividend,0.95,,
AXP,2026-07-02,dividend,0.95,,
AZN.L,2007-02-07,dividend,63.0,,
AZN.L,2007-08-08,dividend,25.3,,
AZN.L,2008-02-06,dividend,67.7,,
AZN.L,2008-08-06,dividend,27.8,,
AZN.L,2009-02-04,dividend,104.799995,,
AZN.L,2009-08-05,dividend,36.0,,
AZN.L,2010-02-03,dividend,105.4,,
AZN.L,2010-08-04,dividend,44.9,,
AZN.L,2011-02-02,dividend,116.700005,,
AZN.L,2011-08-03,dividend,51.899998,,
AZN.L,2012-02-15,dividend,123.59999,,
AZN.L,2012-08-08,dividend,58.1,,
AZN.L,2013-02-13,dividend,120.50001,,
AZN.L,2013-08-14,dividend,59.2,,
AZN.L,2014-02-19,dividend,116.799995,,
AZN.L,2014-08-13,dividend,53.100002,,
AZN.L,2015-02-19,dividend,125.0,,
AZN.L,2015-08-13,dividend,57.5,,
AZN.L,2016-02-18,dividend,131.0,,
AZN.L,2016-08-11,dividend,68.7,,
AZN.L,2017-02-16,dividend,150.2,,
AZN.L,2017-08-10,dividend,68.9,,
AZN.L,2018-02-15,dividend,133.59999,,
AZN.L,2018-08-09,dividend,68.4,,
AZN.L,2019-02-28,dividend,146.8,,
AZN.L,2019-08-08,dividend,71.9,,
AZN.L,2020-02-27,dividend,146.4,,
AZN.L,2020-08-13,dividend,69.6,,
AZN.L,2021-02-25,dividend,137.4,,
AZN.L,2021-08-12,dividend,64.8,,
AZN.L,2022-02-24,dividend,145.29999,,
AZN.L,2022-08-11,dividend,76.4,,
AZN.L,2023-02-23,dividend,162.8,,
AZN.L,2023-08-10,dividend,71.8,,
AZN.L,2024-02-22,dividend,156.0,,
AZN.L,2024-08-08,dividend,77.600006,,
AZN.L,2025-02-20,dividend,168.0,,
AZN.L,2025-08-07,dividend,76.700005,,
AZN.L,2026-02-19,dividend,159.5,,
AZN.L,2026-08-06,dividend,79.5,,
BA,2006-11-08,dividend,0.3,,
BA,2007-02-07,dividend,0.35,,
BA,2007-05-09,dividend,0.35,,
BA,2007-08-08,dividend,0.35,,
BA,2007-11-07,dividend,0.35,,
BA,2008-02-06,dividend,0.4,,
BA,2008-05-07,dividend,0.4,,
BA,2008-08-06,dividend,0.4,,
BA,2008-11-05,dividend,0.4,,
BA,2009-02-04,dividend,0.42,,
BA,2009-05-06,dividend,0.42,,
BA,2009-08-05,dividend,0.42,,
BA,2009-11-04,dividend,0.42,,
BA,2010-02-03,dividend,0.42,,
BA,2010-05-05,dividend,0.42,,
BA,2010-08-04,dividend,0.42,,
BA,2010-11-03,dividend,0.42,,
BA,2011-02-09,dividend,0.42,,
BA,2011-05-11,dividend,0.42,,
BA,2011-08-10,dividend,0.42,,
BA,2011-11-08,dividend,0.42,,
BA,2012-02-08,dividend,0.44,,
BA,2012-05-09,dividend,0.44,,
BA,2012-08-15,dividend,0.44,,
BA,2012-11-07,dividend,0.44,,
BA,2013-02-13,dividend,0.485,,
BA,2013-05-08,dividend,0.485,,
BA,2013-08-07,dividend,0.485,,
BA,2013-11-06,dividend,0.485,,
BA,2014-02-12,dividend,0.73,,
BA,2014-05-07,dividend,0.73,,
BA,2014-08-06,dividend,0.73,,
BA,2014-11-05,dividend,0.73,,
BA,2015-02-11,dividend,0.91,,
BA,2015-05-06,dividend,0.91,,
BA,2015-08-05,dividend,0.91,,
BA,2015-11-04,dividend,0.91,,
BA,2016-02-10,dividend,1.09,,
BA,2016-05-11,dividend,1.09,,
BA,2016-08-10,dividend,1.09,,
BA,2016-11-08,dividend,1.09,,
BA,2017-02-08,dividend,1.42,,
BA,2017-05-10,dividend,1.42,,
BA,2017-08-09,dividend,1.42,,
BA,2017-11-09,dividend,1.42,,
BA,2018-02-08,dividend,1.71,,
BA,2018-05-10,dividend,1.71,,
BA,2018-08-09,dividend,1.71,,
BA,2018-11-08,dividend,1.71,,
BA,2019-02-07,dividend,2.055,,
BA,2019-05-09,dividend,2.055,,
BA,2019-08-08,dividend,2.055,,
BA,2019-11-07,dividend,2.055,,
BA,2020-02-13,dividend,2.055,,
BA.L,2006-10-18,dividend,4.4,,
BA.L,2007-04-18,dividend,6.8999996,,
BA.L,2007-10-17,dividend,5.0,,
BA.L,2008-04-16,dividend,7.8,,
BA.L,2008-10-15,dividend,5.7999997,,
BA.L,2009-04-22,dividend,8.7,,
BA.L,2009-10-21,dividend,6.4,,
BA.L,2010-04-21,dividend,9.6,,
BA.L,2010-10-20,dividend,7.0,,
BA.L,2011-04-20,dividend,10.5,,
BA.L,2011-10-19,dividend,7.5000005,,
BA.L,2012-04-18,dividend,11.3,,
BA.L,2012-10-17,dividend,7.8,,
BA.L,2013-04-17,dividend,11.7,,
BA.L,2013-10-23,dividend,8.0,,
BA.L,2014-04-16,dividend,12.1,,
BA.L,2014-10-23,dividend,8.2,,
BA.L,2015-04-16,dividend,12.3,,
BA.L,2015-10-22,dividend,8.4,,
BA.L,2016-04-21,dividend,12.5,,
BA.L,2016-10-20,dividend,8.6,,
BA.L,2017-04-20,dividend,12.700001,,
BA.L,2017-10-19,dividend,8.8,,
BA.L,2018-04-19,dividend,13.0,,
BA.L,2018-10-18,dividend,9.0,,
BA.L,2019-04-18,dividend,13.2,,
BA.L,2019-10-17,dividend,9.4,,
BA.L,2020-08-06,dividend,13.799999,,
BA.L,2020-10-22,dividend,9.4,,
BA.L,2021-04-22,dividend,14.300001,,
BA.L,2021-10-21,dividend,9.9,,
BA.L,2022-04-21,dividend,15.2,,
BA.L,2022-10-20,dividend,10.400001,,
BA.L,2023-04-20,dividend,16.599998,,
BA.L,2023-10-19,dividend,11.5,,
BA.L,2024-04-18,dividend,18.5,,
BA.L,2024-10-24,dividend,12.4,,
BA.L,2025-04-17,dividend,20.6,,
BA.L,2025-10-23,dividend,13.500001,,
BA.L,2026-04-23,dividend,22.8,,
BAC,2006-11-29,dividend,0.56,,
BAC,2007-02-28,dividend,0.56,,
BAC,2007-05-30,dividend,0.56,,
BAC,2007-09-05,dividend,0.64,,
BAC,2007-12-05,dividend,0.64,,
BAC,2008-03-05,dividend,0.64,,
BAC,2008-06-04,dividend,0.64,,
BAC,2008-09-03,dividend,0.64,,
BAC,2008-12-03,dividend,0.32,,
BAC,2009-03-04,dividend,0.01,,
BAC,2009-06-03,dividend,0.01,,
BAC,2009-09-02,dividend,0.01,,
BAC,2009-12-02,dividend,0.01,,
BAC,2010-03-03,dividend,0.01,,
BAC,2010-06-02,dividend,0.01,,
BAC,2010-09-01,dividend,0.01,,
BAC,2010-12-01,dividend,0.01,,
BAC,2011-03-02,dividend,0.01,,
BAC,2011-06-01,dividend,0.01,,
BAC,2011-08-31,dividend,0.01,,
BAC,2011-11-30,dividend,0.01,,
BAC,2012-02-29,dividend,0.01,,
BAC,2012-05-30,dividend,0.01,,
BAC,2012-09-05,dividend,0.01,,
BAC,2012-12-05,dividend,0.01,,
BAC,2013-02-27,dividend,0.01,,
BAC,2013-06-05,dividend,0.01,,
BAC,2013-09-04,dividend,0.01,,
BAC,2013-12-04,dividend,0.01,,
BAC,2014-03-05,dividend,0.01,,
BAC,2014-06-20,dividend,0.01,,
BAC,2014-09-03,dividend,0.05,,
BAC,2014-12-03,dividend,0.05,,
BAC,2015-03-04,dividend,0.05,,
BAC,2015-06-03,dividend,0.05,,
BAC,2015-09-02,dividend,0.05,,
BAC,2015-12-02,dividend,0.05,,
BAC,2016-03-02,dividend,0.05,,
BAC,2016-06-01,dividend,0.05,,
BAC,2016-08-31,dividend,0.075,,
BAC,2016-11-30,dividend,0.075,,
BAC,2017-03-01,dividend,0.075,,
BAC,2017-05-31,dividend,0.075,,
BAC,2017-08-30,dividend,0.12,,
BAC,2017-11-30,dividend,0.12,,
BAC,2018-03-01,dividend,0.12,,
BAC,2018-05-31,dividend,0.12,,
BAC,2018-09-06,dividend,0.15,,
BAC,2018-12-06,dividend,0.15,,
BAC,2019-02-28,dividend,0.15,,
BAC,2019-06-06,dividend,0.15,,
BAC,2019-09-05,dividend,0.18,,
BAC,2019-12-05,dividend,0.18,,
BAC,2020-03-05,dividend,0.18,,
BAC,2020-06-04,dividend,0.18,,
BAC,2020-09-03,dividend,0.18,,
BAC,2020-12-03,dividend,0.18,,
BAC,2021-03-04,dividend,0.18,,
BAC,2021-06-03,dividend,0.18,,
BAC,2021-09-02,dividend,0.21,,
BAC,2021-12-02,dividend,0.21,,
BAC,2022-03-03,dividend,0.21,,
BAC,2022-06-02,dividend,0.21,,
BAC,2022-09-01,dividend,0.22,,
BAC,2022-12-01,dividend,0.22,,
BAC,2023-03-02,dividend,0.22,,
BAC,2023-06-01,dividend,0.22,,
BAC,2023-08-31,dividend,0.24,,
BAC,2023-11-30,dividend,0.24,,
BAC,2024-02-29,dividend,0.24,,
BAC,2024-06-07,dividend,0.24,,
BAC,2024-09-06,dividend,0.26,,
BAC,2024-12-06,dividend,0.26,,
BAC,2025-03-07,dividend,0.26,,
BAC,2025-06-06,dividend,0.26,,
BAC,2025-09-05,dividend,0.28,,
BAC,2025-12-05,dividend,0.28,,
BAC,2026-03-06,dividend,0.28,,
BAC,2026-06-05,dividend,0.28,,
BAC,2026-09-04,dividend,0.32,,
BARC.L,2007-03-07,dividend,18.9368,,
BARC.L,2007-08-15,dividend,10.623099,,
BARC.L,2008-03-05,dividend,20.7843,,
BARC.L,2008-08-20,dividend,10.623099,,
BARC.L,2009-11-18,dividend,0.9237,,
BARC.L,2010-02-24,dividend,1.3856,,
BARC.L,2010-05-12,dividend,0.9237,,
BARC.L,2010-08-11,dividend,0.9237,,
BARC.L,2010-11-17,dividend,0.9237,,
BARC.L,2011-02-23,dividend,2.3094,,
BARC.L,2011-05-04,dividend,0.9237,,
BARC.L,2011-08-10,dividend,0.9237,,
BARC.L,2011-11-09,dividend,0.9237,,
BARC.L,2012-02-22,dividend,2.7712,,
BARC.L,2012-05-02,dividend,0.9237,,
BARC.L,2012-08-08,dividend,0.9237,,
BARC.L,2012-11-07,dividend,1.0264,,
BARC.L,2013-02-20,dividend,3.5923,,
BARC.L,2013-05-01,dividend,0.9237,,
BARC.L,2013-08-07,dividend,1.0264,,
BARC.L,2013-11-06,dividend,1.1111,,
BARC.L,2014-02-19,dividend,3.5,,
BARC.L,2014-05-14,dividend,1.0,,
BARC.L,2014-08-06,dividend,1.0,,
BARC.L,2014-11-06,dividend,1.0,,
BARC.L,2015-03-10,dividend,3.8888998,,
BARC.L,2015-05-07,dividend,1.1111,,
BARC.L,2015-08-06,dividend,1.1111,,
BARC.L,2015-11-05,dividend,1.1111,,
BARC.L,2016-03-10,dividend,3.5,,
BARC.L,2016-08-11,dividend,1.0,,
BARC.L,2017-03-02,dividend,2.0,,
BARC.L,2017-08-10,dividend,1.0,,
BARC.L,2018-03-01,dividend,2.0,,
BARC.L,2018-08-09,dividend,2.5,,
BARC.L,2019-02-28,dividend,4.0,,
BARC.L,2019-08-08,dividend,3.0,,
BARC.L,2021-02-25,dividend,1.0,,
BARC.L,2021-08-12,dividend,2.0,,
BARC.L,2022-03-03,dividend,4.0,,
BARC.L,2022-08-11,dividend,2.25,,
BARC.L,2023-02-23,dividend,5.0,,
BARC.L,2023-08-10,dividend,2.7,,
BARC.L,2024-02-29,dividend,5.2999997,,
BARC.L,2024-08-15,dividend,2.8999999,,
BARC.L,2025-02-27,dividend,5.5,,
BARC.L,2025-08-07,dividend,3.0,,
BARC.L,2026-02-19,dividend,5.6000004,,
BARC.L,2026-08-06,dividend,5.9,,
BAS.DE,2007-04-27,dividend,1.5,,
BAS.DE,2008-04-25,dividend,1.95,,
BAS.DE,2008-06-27,split,2.0,2:1,
BAS.DE,2009-05-04,dividend,1.95,,
BAS.DE,2010-04-30,dividend,1.7,,
BAS.DE,2011-05-09,dividend,2.2,,
BAS.DE,2012-04-30,dividend,2.5,,
BAS.DE,2013-04-29,dividend,2.6,,
BAS.DE,2014-05-05,dividend,2.7,,
BAS.DE,2015-05-04,dividend,2.8,,
BAS.DE,2016-05-02,dividend,2.9,,
BAS.DE,2017-05-15,dividend,3.0,,
BAS.DE,2018-05-07,dividend,3.1,,
BAS.DE,2019-05-06,dividend,3.2,,
BAS.DE,2020-06-19,dividend,3.3,,
BAS.DE,2021-04-30,dividend,3.3,,
BAS.DE,2022-05-02,dividend,3.4,,
BAS.DE,2023-04-28,dividend,3.4,,
BAS.DE,2024-04-26,dividend,3.4,,
BAS.DE,2025-05-05,dividend,2.25,,
BAS.DE,2026-05-04,dividend,2.25,,
BATS.L,2007-03-07,dividend,40.2,,
BATS.L,2007-08-01,dividend,18.6,,
BATS.L,2008-03-05,dividend,47.600002,,
BATS.L,2008-08-06,dividend,22.1,,
BATS.L,2009-03-11,dividend,61.6,,
BATS.L,2009-08-19,dividend,27.900002,,
BATS.L,2010-03-10,dividend,71.6,,
BATS.L,2010-08-18,dividend,33.199997,,
BATS.L,2011-03-09,dividend,81.0,,
BATS.L,2011-08-17,dividend,38.100002,,
BATS.L,2012-03-07,dividend,88.4,,
BATS.L,2012-08-15,dividend,42.2,,
BATS.L,2013-03-13,dividend,92.7,,
BATS.L,2013-08-21,dividend,45.0,,
BATS.L,2014-03-12,dividend,97.399994,,
BATS.L,2014-08-20,dividend,47.5,,
BATS.L,2015-03-19,dividend,111.777794,,
BATS.L,2015-08-20,dividend,54.888897,,
BATS.L,2016-03-17,dividend,116.222206,,
BATS.L,2016-08-18,dividend,51.300003,,
BATS.L,2017-03-16,dividend,118.1,,
BATS.L,2017-08-17,dividend,56.5,,
BATS.L,2017-12-28,dividend,43.6,,
BATS.L,2018-03-22,dividend,48.8,,
BATS.L,2018-06-28,dividend,48.8,,
BATS.L,2018-10-04,dividend,48.8,,
BATS.L,2018-12-27,dividend,48.8,,
BATS.L,2019-03-21,dividend,50.75,,
BATS.L,2019-06-27,dividend,50.75,,
BATS.L,2019-10-03,dividend,50.75,,
BATS.L,2019-12-24,dividend,50.75,,
BATS.L,2020-03-26,dividend,52.600002,,
BATS.L,2020-07-09,dividend,52.600002,,
BATS.L,2020-10-01,dividend,52.600002,,
BATS.L,2020-12-17,dividend,52.600002,,
BATS.L,2021-03-25,dividend,53.899998,,
BATS.L,2021-07-08,dividend,53.899998,,
BATS.L,2021-09-30,dividend,53.899998,,
BATS.L,2021-12-23,dividend,53.899998,,
BATS.L,2022-03-24,dividend,54.45,,
BATS.L,2022-07-07,dividend,54.45,,
BATS.L,2022-09-29,dividend,54.45,,
BATS.L,2022-12-22,dividend,54.45,,
BATS.L,2023-03-23,dividend,57.72,,
BATS.L,2023-07-13,dividend,57.72,,
BATS.L,2023-09-28,dividend,57.72,,
BATS.L,2023-12-21,dividend,57.72,,
BATS.L,2024-03-21,dividend,58.88,,
BATS.L,2024-06-27,dividend,58.88,,
BATS.L,2024-09-26,dividend,58.88,,
BATS.L,2024-12-19,dividend,58.88,,
BATS.L,2025-03-27,dividend,60.06,,
BATS.L,2025-06-26,dividend,60.06,,
BATS.L,2025-10-02,dividend,60.06,,
BATS.L,2025-12-29,dividend,60.06,,
BATS.L,2026-03-26,dividend,61.260002,,
BATS.L,2026-07-09,dividend,61.260002,,
BAYN.DE,2007-04-30,dividend,0.984095,,
BAYN.DE,2008-04-28,dividend,1.328528,,
BAYN.DE,2009-05-13,dividend,1.377733,,
BAYN.DE,2010-05-03,dividend,1.377733,,
BAYN.DE,2011-05-02,dividend,1.476143,,
BAYN.DE,2012-04-30,dividend,1.623757,,
BAYN.DE,2013-04-29,dividend,1.869781,,
BAYN.DE,2014-04-30,dividend,2.0666,,
BAYN.DE,2015-05-28,dividend,2.214214,,
BAYN.DE,2016-05-02,dividend,2.460238,,
BAYN.DE,2017-05-02,dividend,2.657057,,
BAYN.DE,2018-05-28,dividend,2.755466,,
BAYN.DE,2019-04-29,dividend,2.8,,
BAYN.DE,2020-04-29,dividend,2.8,,
BAYN.DE,2021-04-28,dividend,2.0,,
BAYN.DE,2022-05-02,dividend,2.0,,
BAYN.DE,2023-05-02,dividend,2.4,,
BAYN.DE,2024-04-29,dividend,0.11,,
BAYN.DE,2025-04-28,dividend,0.11,,
BAYN.DE,2026-04-27,dividend,0.11,,
BDX,2006-12-08,dividend,0.187912,,
BDX,2007-03-07,dividend,0.187912,,
BDX,2007-06-06,dividend,0.187912,,
BDX,2007-09-05,dividend,0.187912,,
BDX,2007-12-10,dividend,0.218592,,
BDX,2008-03-06,dividend,0.218592,,
BDX,2008-06-05,dividend,0.218592,,
BDX,2008-09-05,dividend,0.218592,,
BDX,2008-12-10,dividend,0.253106,,
BDX,2009-03-06,dividend,0.253106,,
BDX,2009-06-05,dividend,0.253106,,
BDX,2009-09-04,dividend,0.253106,,
BDX,2009-12-10,dividend,0.283786,,
BDX,2010-03-08,dividend,0.283786,,
BDX,2010-06-07,dividend,0.283786,,
BDX,2010-09-07,dividend,0.283786,,
BDX,2010-12-08,dividend,0.314465,,
BDX,2011-03-08,dividend,0.314465,,
BDX,2011-06-07,dividend,0.314465,,
BDX,2011-09-07,dividend,0.314465,,
BDX,2011-12-08,dividend,0.345145,,
BDX,2012-03-07,dividend,0.345145,,
BDX,2012-06-06,dividend,0.345145,,
BDX,2012-09-05,dividend,0.345145,,
BDX,2012-12-06,dividend,0.379659,,
BDX,2013-03-06,dividend,0.379659,,
BDX,2013-06-05,dividend,0.379659,,
BDX,2013-09-05,dividend,0.379659,,
BDX,2013-12-06,dividend,0.418009,,
BDX,2014-03-06,dividend,0.418009,,
BDX,2014-06-05,dividend,0.418009,,
BDX,2014-09-05,dividend,0.418009,,
BDX,2014-12-08,dividend,0.460193,,
BDX,2015-03-06,dividend,0.460193,,
BDX,2015-06-05,dividend,0.460193,,
BDX,2015-09-04,dividend,0.460193,,
BDX,2015-12-08,dividend,0.506213,,
BDX,2016-03-08,dividend,0.506213,,
BDX,2016-06-07,dividend,0.506213,,
BDX,2016-09-07,dividend,0.506213,,
BDX,2016-12-07,dividend,0.559902,,
BDX,2017-03-08,dividend,0.559902,,
BDX,2017-06-07,dividend,0.559902,,
BDX,2017-09-07,dividend,0.559902,,
BDX,2017-12-07,dividend,0.575242,,
BDX,2018-03-08,dividend,0.575242,,
BDX,2018-06-07,dividend,0.575242,,
BDX,2018-09-06,dividend,0.575242,,
BDX,2018-12-07,dividend,0.590581,,
BDX,2019-03-07,dividend,0.590581,,
BDX,2019-06-06,dividend,0.590581,,
BDX,2019-09-06,dividend,0.590581,,
BDX,2019-12-09,dividend,0.605921,,
BDX,2020-03-09,dividend,0.605921,,
BDX,2020-06-08,dividend,0.605921,,
BDX,2020-09-08,dividend,0.605921,,
BDX,2020-12-09,dividend,0.636601,,
BDX,2021-03-09,dividend,0.636601,,
BDX,2021-06-08,dividend,0.636601,,
BDX,2021-09-08,dividend,0.636601,,
BDX,2021-12-09,dividend,0.66728,,
BDX,2022-03-09,dividend,0.66728,,
BDX,2022-04-01,split,1.025,1025:1000,
BDX,2022-06-08,dividend,0.683962,,
BDX,2022-09-08,dividend,0.683962,,
BDX,2022-12-08,dividend,0.715409,,
BDX,2023-03-09,dividend,0.715409,,
BDX,2023-06-08,dividend,0.715409,,
BDX,2023-09-07,dividend,0.715409,,
BDX,2023-12-07,dividend,0.746855,,
BDX,2024-03-07,dividend,0.746855,,
BDX,2024-06-10,dividend,0.746855,,
BDX,2024-09-09,dividend,0.746855,,
BDX,2024-12-09,dividend,0.81761,,
BDX,2025-03-10,dividend,0.81761,,
BDX,2025-06-09,dividend,0.81761,,
BDX,2025-09-08,dividend,0.81761,,
BDX,2025-12-08,dividend,0.825472,,
BDX,2026-02-10,split,1.272,1272:1000,
BDX,2026-03-10,dividend,1.05,,
BDX,2026-06-09,dividend,1.05,,
BDX,2026-09-09,dividend,1.05,,
BKNG,2024-03-07,dividend,0.35,,
BKNG,2024-06-07,dividend,0.35,,
BKNG,2024-09-06,dividend,0.35,,
BKNG,2024-12-06,dividend,0.35,,
BKNG,2025-03-07,dividend,0.384,,
BKNG,2025-06-06,dividend,0.384,,
BKNG,2025-09-05,dividend,0.384,,
BKNG,2025-12-05,dividend,0.384,,
BKNG,2026-03-06,dividend,0.42,,
BKNG,2026-04-06,split,25.0,25:1,
BKNG,2026-06-05,dividend,0.42,,
BKNG,2026-09-11,dividend,0.42,,
BLK,2006-11-30,dividend,0.42,,
BLK,2007-03-05,dividend,0.67,,
BLK,2007-06-05,dividend,0.67,,
BLK,2007-08-29,dividend,0.67,,
BLK,2007-11-29,dividend,0.67,,
BLK,2008-03-05,dividend,0.78,,
BLK,2008-06-10,dividend,0.78,,
BLK,2008-08-28,dividend,0.78,,
BLK,2008-12-01,dividend,0.78,,
BLK,2009-03-05,dividend,0.78,,
BLK,2009-06-04,dividend,0.78,,
BLK,2009-08-31,dividend,0.78,,
BLK,2009-11-24,dividend,0.78,,
BLK,2010-03-04,dividend,1.0,,
BLK,2010-06-03,dividend,1.0,,
BLK,2010-08-31,dividend,1.0,,
BLK,2010-12-01,dividend,1.0,,
BLK,2011-03-03,dividend,1.375,,
BLK,2011-06-03,dividend,1.375,,
BLK,2011-08-31,dividend,1.375,,
BLK,2011-12-01,dividend,1.375,,
BLK,2012-03-05,dividend,1.5,,
BLK,2012-06-05,dividend,1.5,,
BLK,2012-08-30,dividend,1.5,,
BLK,2012-11-29,dividend,1.5,,
BLK,2013-03-05,dividend,1.68,,
BLK,2013-06-06,dividend,1.68,,
BLK,2013-08-29,dividend,1.68,,
BLK,2013-11-29,dividend,1.68,,
BLK,2014-03-05,dividend,1.93,,
BLK,2014-06-05,dividend,1.93,,
BLK,2014-08-28,dividend,1.93,,
BLK,2014-12-01,dividend,1.93,,
BLK,2015-03-04,dividend,2.18,,
BLK,2015-06-05,dividend,2.18,,
BLK,2015-08-31,dividend,2.18,,
BLK,2015-12-01,dividend,2.18,,
BLK,2016-03-03,dividend,2.29,,
BLK,2016-06-02,dividend,2.29,,
BLK,2016-08-31,dividend,2.29,,
BLK,2016-12-08,dividend,2.29,,
BLK,2017-03-02,dividend,2.5,,
BLK,2017-06-01,dividend,2.5,,
BLK,2017-08-31,dividend,2.5,,
BLK,2017-12-01,dividend,2.5,,
BLK,2018-03-06,dividend,2.88,,
BLK,2018-06-06,dividend,2.88,,
BLK,2018-09-06,dividend,3.13,,
BLK,2018-12-06,dividend,3.13,,
BLK,2019-03-05,dividend,3.3,,
BLK,2019-06-05,dividend,3.3,,
BLK,2019-09-04,dividend,3.3,,
BLK,2019-12-05,dividend,3.3,,
BLK,2020-03-04,dividend,3.63,,
BLK,2020-06-04,dividend,3.63,,
BLK,2020-09-03,dividend,3.63,,
BLK,2020-12-03,dividend,3.63,,
BLK,2021-03-04,dividend,4.13,,
BLK,2021-06-03,dividend,4.13,,
BLK,2021-09-03,dividend,4.13,,
BLK,2021-12-06,dividend,4.13,,
BLK,2022-03-04,dividend,4.88,,
BLK,2022-06-03,dividend,4.88,,
BLK,2022-09-06,dividend,4.88,,
BLK,2022-12-06,dividend,4.88,,
BLK,2023-03-06,dividend,5.0,,
BLK,2023-06-07,dividend,5.0,,
BLK,2023-09-07,dividend,5.0,,
BLK,2023-12-06,dividend,5.0,,
BLK,2024-03-06,dividend,5.1,,
BLK,2024-06-07,dividend,5.1,,
BLK,2024-09-09,dividend,5.1,,
BLK,2024-12-05,dividend,5.1,,
BLK,2025-03-07,dividend,5.21,,
BLK,2025-06-05,dividend,5.21,,
BLK,2025-09-05,dividend,5.21,,
BLK,2025-12-05,dividend,5.21,,
BLK,2026-03-06,dividend,5.73,,
BLK,2026-06-05,dividend,5.73,,
BLK,2026-09-08,dividend,5.73,,
BMW.DE,2007-05-16,dividend,0.7,,
BMW.DE,2008-05-09,dividend,1.06,,
BMW.DE,2009-05-15,dividend,0.3,,
BMW.DE,2010-05-19,dividend,0.3,,
BMW.DE,2011-05-13,dividend,1.3,,
BMW.DE,2012-05-17,dividend,2.3,,
BMW.DE,2013-05-15,dividend,2.5,,
BMW.DE,2014-05-16,dividend,2.6,,
BMW.DE,2015-05-14,dividend,2.9,,
BMW.DE,2016-05-13,dividend,3.2,,
BMW.DE,2017-05-12,dividend,3.5,,
BMW.DE,2018-05-18,dividend,4.0,,
BMW.DE,2019-05-17,dividend,3.5,,
BMW.DE,2020-05-15,dividend,2.5,,
BMW.DE,2021-05-13,dividend,1.9,,
BMW.DE,2022-05-12,dividend,5.8,,
BMW.DE,2023-05-12,dividend,8.5,,
BMW.DE,2024-05-16,dividend,6.0,,
BMW.DE,2025-05-15,dividend,4.3,,
BMW.DE,2026-05-14,dividend,4.4,,
BNP.PA,2007-05-24,dividend,3.1,,
BNP.PA,2007-06-08,dividend,0.95,,
BNP.PA,2008-05-26,dividend,3.35,,
BNP.PA,2009-05-20,dividend,1.0,,
BNP.PA,2010-05-19,dividend,1.5,,
BNP.PA,2011-05-20,dividend,2.1,,
BNP.PA,2012-05-30,dividend,1.2,,
BNP.PA,2013-05-21,dividend,1.5,,
BNP.PA,2014-05-20,dividend,1.5,,
BNP.PA,2015-05-20,dividend,1.5,,
BNP.PA,2016-06-02,dividend,2.31,,
BNP.PA,2017-05-30,dividend,2.7,,
BNP.PA,2018-05-30,dividend,3.02,,
BNP.PA,2019-05-29,dividend,3.02,,
BNP.PA,2021-05-24,dividend,1.11,,
BNP.PA,2021-09-28,dividend,1.55,,
BNP.PA,2022-05-23,dividend,3.67,,
BNP.PA,2023-05-22,dividend,3.9,,
BNP.PA,2024-05-21,dividend,4.6,,
BNP.PA,2025-05-19,dividend,4.79,,
BNP.PA,2025-09-26,dividend,2.59,,
BNP.PA,2026-05-18,dividend,2.57,,
BP.L,2006-11-08,dividend,5.2400002,,
BP.L,2007-02-21,dividend,5.26,,
BP.L,2007-05-09,dividend,5.151,,
BP.L,2007-08-08,dividend,5.278,,
BP.L,2007-11-07,dividend,5.308,,
BP.L,2008-02-20,dividend,6.813,,
BP.L,2008-05-14,dividend,6.83,,
BP.L,2008-08-13,dividend,7.04,,
BP.L,2008-11-12,dividend,8.705,,
BP.L,2009-02-18,dividend,9.82,,
BP.L,2009-05-13,dividend,10.6489,,
BP.L,2009-08-12,dividend,9.447801,,
BP.L,2009-11-11,dividend,9.4578,,
BP.L,2010-02-17,dividend,9.6433,,
BP.L,2011-02-09,dividend,4.8191,,
BP.L,2011-05-11,dividend,4.7566,,
BP.L,2011-08-03,dividend,4.7956,,
BP.L,2011-11-02,dividend,4.966,,
BP.L,2012-02-15,dividend,5.662,,
BP.L,2012-05-09,dividend,5.722,,
BP.L,2012-08-08,dividend,5.5746,,
BP.L,2012-11-07,dividend,6.21,,
BP.L,2013-02-13,dividend,6.6681,,
BP.L,2013-05-08,dividend,6.4824,,
BP.L,2013-08-07,dividend,6.4033003,,
BP.L,2013-11-06,dividend,6.4452996,,
BP.L,2014-02-12,dividend,5.7065,,
BP.L,2014-05-07,dividend,5.8071,,
BP.L,2014-08-06,dividend,6.6214004,,
BP.L,2014-11-06,dividend,6.3768997,,
BP.L,2015-02-12,dividend,7.4110003,,
BP.L,2015-05-07,dividend,7.255,,
BP.L,2015-08-06,dividend,7.2764,,
BP.L,2015-11-05,dividend,7.3712997,,
BP.L,2016-02-11,dividend,7.7917004,,
BP.L,2016-05-05,dividend,6.9167004,,
BP.L,2016-08-04,dividend,7.5578,,
BP.L,2016-11-10,dividend,7.9313,,
BP.L,2017-02-16,dividend,8.1587,,
BP.L,2017-05-11,dividend,7.7563004,,
BP.L,2017-08-10,dividend,7.6213,,
BP.L,2017-11-09,dividend,7.4435005,,
BP.L,2018-02-15,dividend,7.1691,,
BP.L,2018-05-10,dividend,7.4435005,,
BP.L,2018-08-09,dividend,7.9296002,,
BP.L,2018-11-08,dividend,8.0251,,
BP.L,2019-02-14,dividend,7.7381997,,
BP.L,2019-05-09,dividend,8.0655,,
BP.L,2019-08-08,dividend,8.3475,,
BP.L,2019-11-07,dividend,7.825,,
BP.L,2020-02-13,dividend,8.1558,,
BP.L,2020-05-07,dividend,8.3421,,
BP.L,2020-08-13,dividend,4.0433,,
BP.L,2020-11-05,dividend,3.9169,,
BP.L,2021-02-18,dividend,3.7684002,,
BP.L,2021-05-06,dividend,3.7117999,,
BP.L,2021-08-12,dividend,3.9529,,
BP.L,2021-11-11,dividend,4.1045,,
BP.L,2022-02-17,dividend,4.1595,,
BP.L,2022-05-12,dividend,4.3556,,
BP.L,2022-08-11,dividend,5.1684,,
BP.L,2022-11-10,dividend,4.9402,,
BP.L,2023-02-16,dividend,5.5507,,
BP.L,2023-05-11,dividend,5.3089,,
BP.L,2023-08-10,dividend,5.732,,
BP.L,2023-11-09,dividend,5.7367,,
BP.L,2024-02-15,dividend,5.6922,,
BP.L,2024-05-16,dividend,5.6825,,
BP.L,2024-08-08,dividend,6.0498,,
BP.L,2024-11-07,dividend,6.2959,,
BP.L,2025-02-20,dividend,6.1761,,
BP.L,2025-05-15,dividend,5.8993,,
BP.L,2025-08-14,dividend,6.1942,,
BP.L,2025-11-13,dividend,6.2394,,
BP.L,2026-02-19,dividend,6.226,,
BP.L,2026-05-14,dividend,6.1844,,
BP.L,2026-08-13,dividend,6.4058995,,
BRK-B,2010-01-21,split,50.0,50:1,
BX,2007-11-28,dividend,0.294406,,
BX,2008-03-27,dividend,0.294406,,
BX,2008-05-28,dividend,0.294406,,
BX,2008-08-27,dividend,0.294406,,
BX,2008-11-25,dividend,0.294406,,
BX,2009-05-27,dividend,0.294406,,
BX,2009-08-27,dividend,0.294406,,
BX,2009-11-25,dividend,0.294406,,
BX,2010-03-11,dividend,0.294406,,
BX,2010-05-12,dividend,0.098135,,
BX,2010-08-11,dividend,0.098135,,
BX,2010-11-10,dividend,0.098135,,
BX,2011-03-11,dividend,0.314033,,
BX,2011-05-12,dividend,0.196271,,
BX,2011-08-11,dividend,0.098135,,
BX,2011-11-10,dividend,0.098135,,
BX,2012-03-13,dividend,0.215898,,
BX,2012-05-11,dividend,0.098135,,
BX,2012-08-13,dividend,0.098135,,
BX,2012-11-13,dividend,0.098135,,
BX,2013-02-07,dividend,0.412169,,
BX,2013-04-25,dividend,0.294406,,
BX,2013-07-25,dividend,0.225711,,
BX,2013-10-24,dividend,0.225711,,
BX,2014-02-06,dividend,0.569185,,
BX,2014-04-24,dividend,0.343474,,
BX,2014-07-24,dividend,0.539745,,
BX,2014-10-23,dividend,0.431796,,
BX,2015-02-05,dividend,0.765456,,
BX,2015-04-23,dividend,0.873405,,
BX,2015-07-23,dividend,0.726202,,
BX,2015-10-22,dividend,0.49,,
BX,2016-02-04,dividend,0.61,,
BX,2016-04-28,dividend,0.28,,
BX,2016-07-28,dividend,0.36,,
BX,2016-11-03,dividend,0.41,,
BX,2017-02-02,dividend,0.47,,
BX,2017-04-27,dividend,0.87,,
BX,2017-07-27,dividend,0.54,,
BX,2017-10-27,dividend,0.44,,
BX,2018-02-09,dividend,0.85,,
BX,2018-04-27,dividend,0.35,,
BX,2018-07-27,dividend,0.58,,
BX,2018-10-26,dividend,0.64,,
BX,2019-02-08,dividend,0.58,,
BX,2019-04-26,dividend,0.37,,
BX,2019-07-26,dividend,0.48,,
BX,2019-11-01,dividend,0.49,,
BX,2020-02-07,dividend,0.61,,
BX,2020-05-01,dividend,0.39,,
BX,2020-07-31,dividend,0.37,,
BX,2020-11-06,dividend,0.54,,
BX,2021-02-05,dividend,0.96,,
BX,2021-04-30,dividend,0.82,,
BX,2021-07-30,dividend,0.7,,
BX,2021-10-29,dividend,1.09,,
BX,2022-02-04,dividend,1.45,,
BX,2022-04-29,dividend,1.32,,
BX,2022-07-29,dividend,1.27,,
BX,2022-10-28,dividend,0.9,,
BX,2023-02-03,dividend,0.91,,
BX,2023-04-28,dividend,0.82,,
BX,2023-07-28,dividend,0.79,,
BX,2023-10-27,dividend,0.8,,
BX,2024-02-02,dividend,0.94,,
BX,2024-04-26,dividend,0.83,,
BX,2024-07-29,dividend,0.82,,
BX,2024-10-28,dividend,0.86,,
BX,2025-02-10,dividend,1.44,,
BX,2025-04-28,dividend,0.93,,
BX,2025-08-04,dividend,1.03,,
BX,2025-11-03,dividend,1.29,,
BX,2026-02-09,dividend,1.49,,
BX,2026-05-04,dividend,1.16,,
BX,2026-08-03,dividend,1.29,,
C,2006-11-02,dividend,4.9,,
C,2007-02-01,dividend,5.4,,
C,2007-05-03,dividend,5.4,,
C,2007-08-02,dividend,5.4,,
C,2007-11-01,dividend,5.4,,
C,2008-01-31,dividend,3.2,,
C,2008-05-01,dividend,3.2,,
C,2008-07-31,dividend,3.2,,
C,2008-10-30,dividend,1.6,,
C,2009-01-29,dividend,0.1,,
C,2011-05-09,split,0.1,1:10,
C,2011-05-25,dividend,0.01,,
C,2011-07-28,dividend,0.01,,
C,2011-11-03,dividend,0.01,,
C,2012-02-02,dividend,0.01,,
C,2012-05-03,dividend,0.01,,
C,2012-08-02,dividend,0.01,,
C,2012-11-01,dividend,0.01,,
C,2013-01-31,dividend,0.01,,
C,2013-05-02,dividend,0.01,,
C,2013-08-01,dividend,0.01,,
C,2013-10-31,dividend,0.01,,
C,2014-01-30,dividend,0.01,,
C,2014-05-01,dividend,0.01,,
C,2014-07-31,dividend,0.01,,
C,2014-10-30,dividend,0.01,,
C,2015-01-29,dividend,0.01,,
C,2015-05-07,dividend,0.05,,
C,2015-07-30,dividend,0.05,,
C,2015-10-29,dividend,0.05,,
C,2016-01-28,dividend,0.05,,
C,2016-04-28,dividend,0.05,,
C,2016-07-28,dividend,0.16,,
C,2016-11-03,dividend,0.16,,
C,2017-02-02,dividend,0.16,,
C,2017-04-27,dividend,0.16,,
C,2017-08-03,dividend,0.32,,
C,2017-11-03,dividend,0.32,,
C,2018-02-02,dividend,0.32,,
C,2018-05-04,dividend,0.32,,
C,2018-08-03,dividend,0.45,,
C,2018-11-02,dividend,0.45,,
C,2019-02-01,dividend,0.45,,
C,2019-05-03,dividend,0.45,,
C,2019-08-02,dividend,0.51,,
C,2019-11-01,dividend,0.51,,
C,2020-01-31,dividend,0.51,,
C,2020-05-01,dividend,0.51,,
C,2020-07-31,dividend,0.51,,
C,2020-10-30,dividend,0.51,,
C,2021-01-29,dividend,0.51,,
C,2021-04-30,dividend,0.51,,
C,2021-07-30,dividend,0.51,,
C,2021-10-29,dividend,0.51,,
C,2022-02-04,dividend,0.51,,
C,2022-04-29,dividend,0.51,,
C,2022-07-29,dividend,0.51,,
C,2022-11-04,dividend,0.51,,
C,2023-02-03,dividend,0.51,,
C,2023-04-28,dividend,0.51,,
C,2023-08-04,dividend,0.53,,
C,2023-11-03,dividend,0.53,,
C,2024-02-02,dividend,0.53,,
C,2024-05-03,dividend,0.53,,
C,2024-08-05,dividend,0.56,,
C,2024-11-04,dividend,0.56,,
C,2025-02-03,dividend,0.56,,
C,2025-05-05,dividend,0.56,,
C,2025-08-04,dividend,0.6,,
C,2025-11-03,dividend,0.6,,
C,2026-02-02,dividend,0.6,,
C,2026-05-04,dividend,0.6,,
C,2026-08-03,dividend,0.67,,
CAT,2006-10-19,dividend,0.3,,
CAT,2007-01-18,dividend,0.3,,
CAT,2007-04-19,dividend,0.3,,
CAT,2007-07-18,dividend,0.36,,
CAT,2007-10-18,dividend,0.36,,
CAT,2008-01-17,dividend,0.36,,
CAT,2008-04-17,dividend,0.36,,
CAT,2008-07-17,dividend,0.42,,
CAT,2008-10-16,dividend,0.42,,
CAT,2009-01-15,dividend,0.42,,
CAT,2009-04-16,dividend,0.42,,
CAT,2009-07-16,dividend,0.42,,
CAT,2009-10-22,dividend,0.42,,
CAT,2010-01-15,dividend,0.42,,
CAT,2010-04-22,dividend,0.42,,
CAT,2010-07-16,dividend,0.44,,
CAT,2010-10-21,dividend,0.44,,
CAT,2011-01-18,dividend,0.44,,
CAT,2011-04-20,dividend,0.44,,
CAT,2011-07-18,dividend,0.46,,
CAT,2011-10-20,dividend,0.46,,
CAT,2012-01-18,dividend,0.46,,
CAT,2012-04-19,dividend,0.46,,
CAT,2012-07-18,dividend,0.52,,
CAT,2012-10-18,dividend,0.52,,
CAT,2012-12-20,dividend,0.52,,
CAT,2013-04-18,dividend,0.52,,
CAT,2013-07-18,dividend,0.6,,
CAT,2013-10-17,dividend,0.6,,
CAT,2014-01-16,dividend,0.6,,
CAT,2014-04-16,dividend,0.6,,
CAT,2014-07-17,dividend,0.7,,
CAT,2014-10-16,dividend,0.7,,
CAT,2015-01-15,dividend,0.7,,
CAT,2015-04-16,dividend,0.7,,
CAT,2015-07-16,dividend,0.77,,
CAT,2015-10-22,dividend,0.77,,
CAT,2016-01-15,dividend,0.77,,
CAT,2016-04-21,dividend,0.77,,
CAT,2016-07-18,dividend,0.77,,
CAT,2016-10-20,dividend,0.77,,
CAT,2017-01-18,dividend,0.77,,
CAT,2017-04-20,dividend,0.77,,
CAT,2017-07-18,dividend,0.78,,
CAT,2017-10-20,dividend,0.78,,
CAT,2018-01-19,dividend,0.78,,
CAT,2018-04-20,dividend,0.78,,
CAT,2018-07-19,dividend,0.86,,
CAT,2018-10-19,dividend,0.86,,
CAT,2019-01-18,dividend,0.86,,
CAT,2019-04-18,dividend,0.86,,
CAT,2019-07-19,dividend,1.03,,
CAT,2019-10-18,dividend,1.03,,
CAT,2020-01-17,dividend,1.03,,
CAT,2020-04-17,dividend,1.03,,
CAT,2020-07-17,dividend,1.03,,
CAT,2020-10-23,dividend,1.03,,
CAT,2021-01-19,dividend,1.03,,
CAT,2021-04-23,dividend,1.03,,
CAT,2021-07-19,dividend,1.11,,
CAT,2021-10-22,dividend,1.11,,
CAT,2022-01-19,dividend,1.11,,
CAT,2022-04-22,dividend,1.11,,
CAT,2022-07-19,dividend,1.2,,
CAT,2022-10-21,dividend,1.2,,
CAT,2023-01-19,dividend,1.2,,
CAT,2023-04-21,dividend,1.2,,
CAT,2023-07-19,dividend,1.3,,
CAT,2023-10-20,dividend,1.3,,
CAT,2024-01-19,dividend,1.3,,
CAT,2024-04-19,dividend,1.3,,
CAT,2024-07-22,dividend,1.41,,
CAT,2024-10-21,dividend,1.41,,
CAT,2025-01-21,dividend,1.41,,
CAT,2025-04-21,dividend,1.41,,
CAT,2025-07-21,dividend,1.51,,
CAT,2025-10-20,dividend,1.51,,
CAT,2026-01-20,dividend,1.51,,
CAT,2026-04-20,dividend,1.51,,
CAT,2026-07-20,dividend,1.63,,
CB,2006-09-27,dividend,0.25,,
CB,2006-12-27,dividend,0.25,,
CB,2007-03-28,dividend,0.25,,
CB,2007-06-27,dividend,0.27,,
CB,2007-09-26,dividend,0.27,,
CB,2007-12-27,dividend,0.27,,
CB,2008-03-27,dividend,0.27,,
CB,2008-06-26,dividend,0.29,,
CB,2008-10-09,dividend,0.26,,
CB,2009-01-06,dividend,0.27,,
CB,2009-03-27,dividend,0.25,,
CB,2009-07-24,dividend,0.31,,
CB,2009-09-29,dividend,0.31,,
CB,2009-12-15,dividend,0.31,,
CB,2010-03-29,dividend,0.31,,
CB,2010-07-23,dividend,0.33,,
CB,2010-09-29,dividend,0.33,,
CB,2010-12-14,dividend,0.33,,
CB,2011-03-30,dividend,0.33,,
CB,2011-06-28,dividend,0.35,,
CB,2011-09-28,dividend,0.35,,
CB,2012-01-10,dividend,0.47,,
CB,2012-03-28,dividend,0.47,,
CB,2012-07-27,dividend,0.49,,
CB,2012-09-26,dividend,0.49,,
CB,2012-12-13,dividend,0.49,,
CB,2013-03-26,dividend,0.49,,
CB,2013-07-19,dividend,0.51,,
CB,2013-09-26,dividend,0.51,,
CB,2014-01-13,dividend,0.63,,
CB,2014-03-26,dividend,0.63,,
CB,2014-07-21,dividend,0.65,,
CB,2014-09-26,dividend,0.65,,
CB,2014-12-15,dividend,0.65,,
CB,2015-03-27,dividend,0.65,,
CB,2015-06-26,dividend,0.67,,
CB,2015-09-28,dividend,0.67,,
CB,2015-12-29,dividend,0.67,,
CB,2016-03-29,dividend,0.67,,
CB,2016-06-28,dividend,0.69,,
CB,2016-09-28,dividend,0.69,,
CB,2016-12-28,dividend,0.69,,
CB,2017-03-29,dividend,0.69,,
CB,2017-06-28,dividend,0.71,,
CB,2017-09-28,dividend,0.71,,
CB,2017-12-28,dividend,0.71,,
CB,2018-03-28,dividend,0.71,,
CB,2018-06-21,dividend,0.73,,
CB,2018-09-20,dividend,0.73,,
CB,2018-12-20,dividend,0.73,,
CB,2019-03-21,dividend,0.73,,
CB,2019-06-20,dividend,0.75,,
CB,2019-09-19,dividend,0.75,,
CB,2019-12-19,dividend,0.75,,
CB,2020-03-19,dividend,0.75,,
CB,2020-06-18,dividend,0.78,,
CB,2020-09-17,dividend,0.78,,
CB,2020-12-17,dividend,0.78,,
CB,2021-03-18,dividend,0.78,,
CB,2021-06-17,dividend,0.8,,
CB,2021-09-16,dividend,0.8,,
CB,2021-12-16,dividend,0.8,,
CB,2022-03-17,dividend,0.8,,
CB,2022-06-16,dividend,0.83,,
CB,2022-09-15,dividend,0.83,,
CB,2022-12-15,dividend,0.83,,
CB,2023-03-16,dividend,0.83,,
CB,2023-06-15,dividend,0.86,,
CB,2023-09-14,dividend,0.86,,
CB,2023-12-14,dividend,0.86,,
CB,2024-03-14,dividend,0.86,,
CB,2024-06-14,dividend,0.91,,
CB,2024-09-13,dividend,0.91,,
CB,2024-12-13,dividend,0.91,,
CB,2025-03-14,dividend,0.91,,
CB,2025-06-13,dividend,0.97,,
CB,2026-03-13,dividend,0.97,,
CB,2026-06-12,dividend,1.02,,
CB,2026-09-11,dividend,1.02,,
CI,2006-12-07,dividend,0.008333,,
CI,2007-03-09,dividend,0.008333,,
CI,2007-06-05,split,3.0,3:1,
CI,2007-06-08,dividend,0.01,,
CI,2007-09-10,dividend,0.01,,
CI,2007-12-11,dividend,0.01,,
CI,2008-03-07,dividend,0.04,,
CI,2009-03-09,dividend,0.04,,
CI,2010-03-09,dividend,0.04,,
CI,2011-03-09,dividend,0.04,,
CI,2012-03-08,dividend,0.04,,
CI,2013-03-08,dividend,0.04,,
CI,2014-03-10,dividend,0.04,,
CI,2015-03-10,dividend,0.04,,
CI,2016-03-09,dividend,0.04,,
CI,2017-03-08,dividend,0.04,,
CI,2018-03-09,dividend,0.04,,
CI,2019-03-08,dividend,0.04,,
CI,2020-03-09,dividend,0.04,,
CI,2021-03-09,dividend,1.0,,
CI,2021-06-07,dividend,1.0,,
CI,2021-09-07,dividend,1.0,,
CI,2021-12-06,dividend,1.0,,
CI,2022-03-08,dividend,1.12,,
CI,2022-06-07,dividend,1.12,,
CI,2022-09-06,dividend,1.12,,
CI,2022-12-05,dividend,1.12,,
CI,2023-03-07,dividend,1.23,,
CI,2023-06-06,dividend,1.23,,
CI,2023-09-05,dividend,1.23,,
CI,2023-12-05,dividend,1.23,,
CI,2024-03-05,dividend,1.4,,
CI,2024-06-04,dividend,1.4,,
CI,2024-09-04,dividend,1.4,,
CI,2024-12-04,dividend,1.4,,
CI,2025-03-05,dividend,1.51,,
CI,2025-06-03,dividend,1.51,,
CI,2025-09-04,dividend,1.51,,
CI,2025-12-04,dividend,1.51,,
CI,2026-03-05,dividend,1.56,,
CI,2026-06-04,dividend,1.56,,
CI,2026-09-08,dividend,1.56,,
CL,2006-10-20,dividend,0.16,,
CL,2007-01-24,dividend,0.16,,
CL,2007-04-20,dividend,0.18,,
CL,2007-07-19,dividend,0.18,,
CL,2007-10-24,dividend,0.18,,
CL,2008-01-23,dividend,0.18,,
CL,2008-04-22,dividend,0.2,,
CL,2008-07-22,dividend,0.2,,
CL,2008-10-22,dividend,0.2,,
CL,2009-01-22,dividend,0.2,,
CL,2009-04-22,dividend,0.22,,
CL,2009-07-22,dividend,0.22,,
CL,2009-10-22,dividend,0.22,,
CL,2010-01-21,dividend,0.22,,
CL,2010-04-22,dividend,0.265,,
CL,2010-07-22,dividend,0.265,,
CL,2010-10-21,dividend,0.265,,
CL,2011-01-21,dividend,0.265,,
CL,2011-04-21,dividend,0.29,,
CL,2011-07-22,dividend,0.29,,
CL,2011-10-21,dividend,0.29,,
CL,2012-01-20,dividend,0.29,,
CL,2012-04-20,dividend,0.31,,
CL,2012-07-20,dividend,0.31,,
CL,2012-10-19,dividend,0.31,,
CL,2013-01-22,dividend,0.31,,
CL,2013-04-19,dividend,0.34,,
CL,2013-05-16,split,2.0,2:1,
CL,2013-07-19,dividend,0.34,,
CL,2013-10-18,dividend,0.34,,
CL,2014-01-22,dividend,0.34,,
CL,2014-04-17,dividend,0.36,,
CL,2014-07-16,dividend,0.36,,
CL,2014-10-15,dividend,0.36,,
CL,2015-01-21,dividend,0.36,,
CL,2015-04-21,dividend,0.38,,
CL,2015-07-21,dividend,0.38,,
CL,2015-10-21,dividend,0.38,,
CL,2016-01-21,dividend,0.38,,
CL,2016-04-20,dividend,0.39,,
CL,2016-07-20,dividend,0.39,,
CL,2016-10-20,dividend,0.39,,
CL,2017-01-19,dividend,0.39,,
CL,2017-04-19,dividend,0.4,,
CL,2017-07-14,dividend,0.4,,
CL,2017-10-20,dividend,0.4,,
CL,2018-01-22,dividend,0.4,,
CL,2018-04-19,dividend,0.42,,
CL,2018-07-17,dividend,0.42,,
CL,2018-10-18,dividend,0.42,,
CL,2019-01-22,dividend,0.42,,
CL,2019-04-17,dividend,0.43,,
CL,2019-07-17,dividend,0.43,,
CL,2019-10-22,dividend,0.43,,
CL,2020-01-22,dividend,0.43,,
CL,2020-04-17,dividend,0.44,,
CL,2020-07-17,dividend,0.44,,
CL,2020-10-22,dividend,0.44,,
CL,2021-01-22,dividend,0.44,,
CL,2021-04-20,dividend,0.45,,
CL,2021-07-20,dividend,0.45,,
CL,2021-10-20,dividend,0.45,,
CL,2022-01-21,dividend,0.45,,
CL,2022-04-20,dividend,0.47,,
CL,2022-07-20,dividend,0.47,,
CL,2022-10-20,dividend,0.47,,
CL,2023-01-20,dividend,0.47,,
CL,2023-04-20,dividend,0.48,,
CL,2023-07-20,dividend,0.48,,
CL,2023-10-20,dividend,0.48,,
CL,2024-01-19,dividend,0.48,,
CL,2024-04-19,dividend,0.5,,
CL,2024-07-19,dividend,0.5,,
CL,2024-10-18,dividend,0.5,,
CL,2025-01-21,dividend,0.5,,
CL,2025-04-17,dividend,0.52,,
CL,2025-07-18,dividend,0.52,,
CL,2025-10-17,dividend,0.52,,
CL,2026-01-21,dividend,0.52,,
CL,2026-04-20,dividend,0.53,,
CL,2026-07-20,dividend,0.53,,
CMCSA,2007-02-22,split,1.5,3:2,
CMCSA,2008-03-31,dividend,0.029522,,
CMCSA,2008-07-07,dividend,0.029522,,
CMCSA,2008-10-06,dividend,0.029522,,
CMCSA,2009-01-05,dividend,0.029522,,
CMCSA,2009-04-06,dividend,0.031865,,
CMCSA,2009-07-06,dividend,0.031865,,
CMCSA,2009-10-05,dividend,0.031865,,
CMCSA,2010-01-04,dividend,0.044517,,
CMCSA,2010-04-05,dividend,0.044517,,
CMCSA,2010-07-02,dividend,0.044517,,
CMCSA,2010-10-04,dividend,0.044517,,
CMCSA,2011-01-03,dividend,0.044517,,
CMCSA,2011-04-04,dividend,0.052952,,
CMCSA,2011-07-01,dividend,0.052952,,
CMCSA,2011-10-03,dividend,0.052952,,
CMCSA,2011-12-30,dividend,0.052952,,
CMCSA,2012-04-02,dividend,0.076382,,
CMCSA,2012-06-29,dividend,0.076382,,
CMCSA,2012-10-01,dividend,0.076382,,
CMCSA,2012-12-28,dividend,0.076382,,
CMCSA,2013-04-01,dividend,0.091378,,
CMCSA,2013-07-01,dividend,0.091378,,
CMCSA,2013-09-30,dividend,0.091378,,
CMCSA,2013-12-30,dividend,0.091378,,
CMCSA,2014-03-31,dividend,0.105436,,
CMCSA,2014-06-30,dividend,0.105436,,
CMCSA,2014-09-29,dividend,0.105436,,
CMCSA,2015-01-05,dividend,0.105436,,
CMCSA,2015-03-30,dividend,0.117151,,
CMCSA,2015-06-29,dividend,0.117151,,
CMCSA,2015-10-05,dividend,0.117151,,
CMCSA,2016-01-04,dividend,0.117151,,
CMCSA,2016-04-04,dividend,0.128866,,
CMCSA,2016-07-01,dividend,0.128866,,
CMCSA,2016-10-03,dividend,0.128866,,
CMCSA,2016-12-30,dividend,0.128866,,
CMCSA,2017-02-21,split,2.0,2:1,
CMCSA,2017-04-03,dividend,0.148079,,
CMCSA,2017-06-30,dividend,0.148079,,
CMCSA,2017-10-03,dividend,0.148079,,
CMCSA,2018-01-02,dividend,0.148079,,
CMCSA,2018-04-03,dividend,0.178069,,
CMCSA,2018-07-02,dividend,0.178069,,
CMCSA,2018-10-02,dividend,0.178069,,
CMCSA,2018-12-31,dividend,0.178069,,
CMCSA,2019-04-02,dividend,0.196813,,
CMCSA,2019-07-02,dividend,0.196813,,
CMCSA,2019-10-01,dividend,0.196813,,
CMCSA,2020-01-07,dividend,0.196813,,
CMCSA,2020-03-31,dividend,0.215558,,
CMCSA,2020-06-30,dividend,0.215558,,
CMCSA,2020-10-06,dividend,0.215558,,
CMCSA,2021-01-05,dividend,0.215558,,
CMCSA,2021-04-06,dividend,0.234302,,
CMCSA,2021-07-06,dividend,0.234302,,
CMCSA,2021-10-05,dividend,0.234302,,
CMCSA,2022-01-04,dividend,0.234302,,
CMCSA,2022-04-05,dividend,0.253046,,
CMCSA,2022-07-05,dividend,0.253046,,
CMCSA,2022-10-04,dividend,0.253046,,
CMCSA,2023-01-03,dividend,0.253046,,
CMCSA,2023-04-04,dividend,0.27179,,
CMCSA,2023-07-03,dividend,0.27179,,
CMCSA,2023-10-03,dividend,0.27179,,
CMCSA,2024-01-02,dividend,0.27179,,
CMCSA,2024-04-02,dividend,0.290534,,
CMCSA,2024-07-03,dividend,0.290534,,
CMCSA,2024-10-02,dividend,0.290534,,
CMCSA,2025-01-08,dividend,0.290534,,
CMCSA,2025-04-02,dividend,0.309278,,
CMCSA,2025-07-02,dividend,0.309278,,
CMCSA,2025-10-01,dividend,0.309278,,
CMCSA,2026-01-05,split,1.067,1067:1000,
CMCSA,2026-01-14,dividend,0.33,,
CMCSA,2026-04-01,dividend,0.33,,
CMCSA,2026-07-01,dividend,0.33,,
CME,2006-12-06,dividend,0.126,,
CME,2007-03-07,dividend,0.172,,
CME,2007-06-06,dividend,0.172,,
CME,2007-09-06,dividend,0.172,,
CME,2007-12-06,dividend,0.172,,
CME,2008-03-06,dividend,0.23,,
CME,2008-06-06,dividend,0.23,,
CME,2008-09-08,dividend,0.23,,
CME,2008-09-23,dividend,1.0,,
CME,2008-12-08,dividend,0.23,,
CME,2009-03-06,dividend,0.23,,
CME,2009-06-08,dividend,0.23,,
CME,2009-09-08,dividend,0.23,,
CME,2009-12-08,dividend,0.23,,
CME,2010-03-08,dividend,0.23,,
CME,2010-06-08,dividend,0.23,,
CME,2010-09-08,dividend,0.23,,
CME,2010-12-08,dividend,0.23,,
CME,2011-03-08,dividend,0.28,,
CME,2011-06-16,dividend,0.28,,
CME,2011-09-07,dividend,0.28,,
CME,2011-12-15,dividend,0.28,,
CME,2012-03-07,dividend,1.046,,
CME,2012-06-06,dividend,0.446,,
CME,2012-07-23,split,5.0,5:1,
CME,2012-09-06,dividend,0.45,,
CME,2012-12-06,dividend,0.45,,
CME,2012-12-13,dividend,1.3,,
CME,2013-03-06,dividend,0.45,,
CME,2013-06-06,dividend,0.45,,
CME,2013-09-06,dividend,0.45,,
CME,2013-12-06,dividend,0.45,,
CME,2013-12-24,dividend,2.6,,
CME,2014-03-06,dividend,0.47,,
CME,2014-06-06,dividend,0.47,,
CME,2014-09-08,dividend,0.47,,
CME,2014-12-08,dividend,0.47,,
CME,2014-12-24,dividend,2.0,,
CME,2015-03-06,dividend,0.5,,
CME,2015-06-08,dividend,0.5,,
CME,2015-09-08,dividend,0.5,,
CME,2015-12-08,dividend,0.5,,
CME,2015-12-23,dividend,2.9,,
CME,2016-03-08,dividend,0.6,,
CME,2016-06-08,dividend,0.6,,
CME,2016-09-07,dividend,0.6,,
CME,2016-12-07,dividend,0.6,,
CME,2016-12-23,dividend,3.25,,
CME,2017-03-08,dividend,0.66,,
CME,2017-06-07,dividend,0.66,,
CME,2017-09-07,dividend,0.66,,
CME,2017-12-07,dividend,0.66,,
CME,2017-12-27,dividend,3.5,,
CME,2018-03-08,dividend,0.7,,
CME,2018-06-07,dividend,0.7,,
CME,2018-09-07,dividend,0.7,,
CME,2018-12-07,dividend,0.7,,
CME,2018-12-27,dividend,1.75,,
CME,2019-03-07,dividend,0.75,,
CME,2019-06-07,dividend,0.75,,
CME,2019-09-09,dividend,0.75,,
CME,2019-12-09,dividend,0.75,,
CME,2019-12-26,dividend,2.5,,
CME,2020-03-09,dividend,0.85,,
CME,2020-06-09,dividend,0.85,,
CME,2020-09-09,dividend,0.85,,
CME,2020-12-09,dividend,0.85,,
CME,2020-12-24,dividend,2.5,,
CME,2021-03-09,dividend,0.9,,
CME,2021-06-09,dividend,0.9,,
CME,2021-09-09,dividend,0.9,,
CME,2021-12-09,dividend,0.9,,
CME,2021-12-27,dividend,3.25,,
CME,2022-03-09,dividend,1.0,,
CME,2022-06-09,dividend,1.0,,
CME,2022-09-08,dividend,1.0,,
CME,2022-12-08,dividend,1.0,,
CME,2022-12-27,dividend,4.5,,
CME,2023-03-09,dividend,1.1,,
CME,2023-06-08,dividend,1.1,,
CME,2023-09-07,dividend,1.1,,
CME,2023-12-07,dividend,1.1,,
CME,2023-12-27,dividend,5.25,,
CME,2024-03-07,dividend,1.15,,
CME,2024-06-07,dividend,1.15,,
CME,2024-09-09,dividend,1.15,,
CME,2024-12-09,dividend,1.15,,
CME,2024-12-27,dividend,5.8,,
CME,2025-03-07,dividend,1.25,,
CME,2025-06-09,dividend,1.25,,
CME,2025-09-09,dividend,1.25,,
CME,2025-12-12,dividend,1.25,,
CME,2026-03-10,dividend,7.45,,
CME,2026-06-09,dividend,1.3,,
CME,2026-09-09,dividend,1.3,,
CMG,2024-06-26,split,50.0,50:1,
COP,2006-10-27,dividend,0.274434,,
COP,2007-02-15,dividend,0.31255,,
COP,2007-05-17,dividend,0.31255,,
COP,2007-07-27,dividend,0.31255,,
COP,2007-10-29,dividend,0.31255,,
COP,2008-02-21,dividend,0.358289,,
COP,2008-05-22,dividend,0.358289,,
COP,2008-07-29,dividend,0.358289,,
COP,2008-10-29,dividend,0.358289,,
COP,2009-02-19,dividend,0.358289,,
COP,2009-05-21,dividend,0.358289,,
COP,2009-07-29,dividend,0.358289,,
COP,2009-10-28,dividend,0.381158,,
COP,2010-02-18,dividend,0.381158,,
COP,2010-05-20,dividend,0.419274,,
COP,2010-07-29,dividend,0.419274,,
COP,2010-10-27,dividend,0.419274,,
COP,2011-02-17,dividend,0.503129,,
COP,2011-05-19,dividend,0.503129,,
COP,2011-07-21,dividend,0.503129,,
COP,2011-10-13,dividend,0.503129,,
COP,2012-02-16,dividend,0.503129,,
COP,2012-05-01,split,1.311791,1311791:1000000,
COP,2012-05-17,dividend,0.66,,
COP,2012-07-19,dividend,0.66,,
COP,2012-10-11,dividend,0.66,,
COP,2013-02-14,dividend,0.66,,
COP,2013-05-22,dividend,0.66,,
COP,2013-07-18,dividend,0.69,,
COP,2013-10-10,dividend,0.69,,
COP,2014-02-13,dividend,0.69,,
COP,2014-05-21,dividend,0.69,,
COP,2014-07-17,dividend,0.73,,
COP,2014-10-09,dividend,0.73,,
COP,2015-02-12,dividend,0.73,,
COP,2015-05-20,dividend,0.73,,
COP,2015-07-23,dividend,0.74,,
COP,2015-10-15,dividend,0.74,,
COP,2016-02-11,dividend,0.25,,
COP,2016-05-18,dividend,0.25,,
COP,2016-07-21,dividend,0.25,,
COP,2016-10-13,dividend,0.25,,
COP,2017-02-10,dividend,0.265,,
COP,2017-05-11,dividend,0.265,,
COP,2017-07-20,dividend,0.265,,
COP,2017-10-13,dividend,0.265,,
COP,2018-02-09,dividend,0.285,,
COP,2018-05-11,dividend,0.285,,
COP,2018-07-20,dividend,0.285,,
COP,2018-10-12,dividend,0.305,,
COP,2019-02-08,dividend,0.305,,
COP,2019-05-10,dividend,0.305,,
COP,2019-07-19,dividend,0.305,,
COP,2019-10-16,dividend,0.42,,
COP,2020-02-13,dividend,0.42,,
COP,2020-05-08,dividend,0.42,,
COP,2020-07-17,dividend,0.42,,
COP,2020-10-16,dividend,0.43,,
COP,2021-02-11,dividend,0.43,,
COP,2021-05-13,dividend,0.43,,
COP,2021-07-23,dividend,0.43,,
COP,2021-10-27,dividend,0.46,,
COP,2021-12-31,dividend,0.2,,
COP,2022-02-11,dividend,0.46,,
COP,2022-03-30,dividend,0.3,,
COP,2022-05-16,dividend,0.46,,
COP,2022-06-27,dividend,0.7,,
COP,2022-08-15,dividend,0.46,,
COP,2022-09-28,dividend,1.4,,
COP,2022-11-14,dividend,0.51,,
COP,2022-12-23,dividend,0.7,,
COP,2023-02-13,dividend,0.51,,
COP,2023-03-28,dividend,0.6,,
COP,2023-05-15,dividend,0.51,,
COP,2023-06-26,dividend,0.6,,
COP,2023-08-15,dividend,0.51,,
COP,2023-09-27,dividend,0.6,,
COP,2023-11-13,dividend,0.58,,
COP,2024-02-15,dividend,0.78,,
COP,2024-05-10,dividend,0.78,,
COP,2024-08-12,dividend,0.78,,
COP,2024-11-08,dividend,0.78,,
COP,2025-02-14,dividend,0.78,,
COP,2025-05-19,dividend,0.78,,
COP,2025-08-18,dividend,0.78,,
COP,2025-11-17,dividend,0.84,,
COP,2026-02-18,dividend,0.84,,
COP,2026-05-11,dividend,0.84,,
COP,2026-08-17,dividend,0.84,,
COST,2006-11-15,dividend,0.13,,
COST,2007-02-12,dividend,0.13,,
COST,2007-04-25,dividend,0.145,,
COST,2007-07-25,dividend,0.145,,
COST,2007-11-28,dividend,0.145,,
COST,2008-02-13,dividend,0.145,,
COST,2008-05-14,dividend,0.16,,
COST,2008-08-06,dividend,0.16,,
COST,2008-11-12,dividend,0.16,,
COST,2009-02-11,dividend,0.16,,
COST,2009-05-13,dividend,0.18,,
COST,2009-08-12,dividend,0.18,,
COST,2009-10-21,dividend,0.18,,
COST,2010-02-10,dividend,0.18,,
COST,2010-05-05,dividend,0.205,,
COST,2010-08-04,dividend,0.205,,
COST,2010-10-27,dividend,0.205,,
COST,2011-02-09,dividend,0.205,,
COST,2011-05-11,dividend,0.24,,
COST,2011-08-03,dividend,0.24,,
COST,2011-11-08,dividend,0.24,,
COST,2012-02-08,dividend,0.24,,
COST,2012-05-23,dividend,0.275,,
COST,2012-08-08,dividend,0.275,,
COST,2012-11-14,dividend,0.275,,
COST,2012-12-06,dividend,7.0,,
COST,2013-02-06,dividend,0.275,,
COST,2013-05-15,dividend,0.31,,
COST,2013-08-07,dividend,0.31,,
COST,2013-11-13,dividend,0.31,,
COST,2014-02-12,dividend,0.31,,
COST,2014-05-14,dividend,0.355,,
COST,2014-07-09,dividend,0.355,,
COST,2014-11-12,dividend,0.355,,
COST,2015-02-05,dividend,5.0,,
COST,2015-02-11,dividend,0.355,,
COST,2015-04-29,dividend,0.4,,
COST,2015-08-12,dividend,0.4,,
COST,2015-11-10,dividend,0.4,,
COST,2016-02-10,dividend,0.4,,
COST,2016-04-27,dividend,0.45,,
COST,2016-08-10,dividend,0.45,,
COST,2016-11-02,dividend,0.45,,
COST,2017-02-08,dividend,0.45,,
COST,2017-05-08,dividend,7.0,,
COST,2017-05-10,dividend,0.5,,
COST,2017-08-16,dividend,0.5,,
COST,2017-11-16,dividend,0.5,,
COST,2018-02-15,dividend,0.5,,
COST,2018-05-10,dividend,0.57,,
COST,2018-08-30,dividend,0.57,,
COST,2018-11-08,dividend,0.57,,
COST,2019-02-07,dividend,0.57,,
COST,2019-05-09,dividend,0.65,,
COST,2019-08-29,dividend,0.65,,
COST,2019-10-31,dividend,0.65,,
COST,2020-02-06,dividend,0.65,,
COST,2020-04-30,dividend,0.7,,
COST,2020-07-30,dividend,0.7,,
COST,2020-10-29,dividend,0.7,,
COST,2020-12-01,dividend,10.0,,
COST,2021-02-04,dividend,0.7,,
COST,2021-04-29,dividend,0.79,,
COST,2021-07-29,dividend,0.79,,
COST,2021-10-28,dividend,0.79,,
COST,2022-02-03,dividend,0.79,,
COST,2022-04-28,dividend,0.9,,
COST,2022-07-28,dividend,0.9,,
COST,2022-10-27,dividend,0.9,,
COST,2023-02-02,dividend,0.9,,
COST,2023-05-04,dividend,1.02,,
COST,2023-08-24,dividend,1.02,,
COST,2023-11-02,dividend,1.02,,
COST,2023-12-27,dividend,15.0,,
COST,2024-02-01,dividend,1.02,,
COST,2024-04-25,dividend,1.16,,
COST,2024-07-26,dividend,1.16,,
COST,2024-11-01,dividend,1.16,,
COST,2025-02-07,dividend,1.16,,
COST,2025-05-02,dividend,1.3,,
COST,2025-08-01,dividend,1.3,,
COST,2025-10-31,dividend,1.3,,
COST,2026-01-30,dividend,1.3,,
COST,2026-05-01,dividend,1.47,,
COST,2026-07-24,dividend,1.47,,
CRM,2013-04-18,split,4.0,4:1,
CRM,2024-03-13,dividend,0.4,,
CRM,2024-07-09,dividend,0.4,,
CRM,2024-09-18,dividend,0.4,,
CRM,2024-12-18,dividend,0.4,,
CRM,2025-04-10,dividend,0.416,,
CRM,2025-06-18,dividend,0.416,,
CRM,2025-09-17,dividend,0.416,,
CRM,2025-12-18,dividend,0.416,,
CRM,2026-04-09,dividend,0.44,,
CRM,2026-06-11,dividend,0.44,,
CSCO,2011-03-29,dividend,0.06,,
CSCO,2011-07-05,dividend,0.06,,
CSCO,2011-10-04,dividend,0.06,,
CSCO,2012-01-03,dividend,0.06,,
CSCO,2012-04-03,dividend,0.08,,
CSCO,2012-07-02,dividend,0.08,,
CSCO,2012-10-02,dividend,0.14,,
CSCO,2012-11-27,dividend,0.14,,
CSCO,2013-04-04,dividend,0.17,,
CSCO,2013-07-01,dividend,0.17,,
CSCO,2013-10-01,dividend,0.17,,
CSCO,2014-01-02,dividend,0.17,,
CSCO,2014-04-01,dividend,0.19,,
CSCO,2014-07-02,dividend,0.19,,
CSCO,2014-09-30,dividend,0.19,,
CSCO,2015-01-02,dividend,0.19,,
CSCO,2015-03-31,dividend,0.21,,
CSCO,2015-07-01,dividend,0.21,,
CSCO,2015-10-01,dividend,0.21,,
CSCO,2016-01-04,dividend,0.21,,
CSCO,2016-04-04,dividend,0.26,,
CSCO,2016-07-05,dividend,0.26,,
CSCO,2016-10-03,dividend,0.26,,
CSCO,2017-01-04,dividend,0.26,,
CSCO,2017-04-04,dividend,0.29,,
CSCO,2017-07-05,dividend,0.29,,
CSCO,2017-10-04,dividend,0.29,,
CSCO,2018-01-04,dividend,0.29,,
CSCO,2018-04-04,dividend,0.33,,
CSCO,2018-07-05,dividend,0.33,,
CSCO,2018-10-04,dividend,0.33,,
CSCO,2019-01-03,dividend,0.33,,
CSCO,2019-04-04,dividend,0.35,,
CSCO,2019-07-03,dividend,0.35,,
CSCO,2019-10-03,dividend,0.35,,
CSCO,2020-01-02,dividend,0.35,,
CSCO,2020-04-02,dividend,0.36,,
CSCO,2020-07-02,dividend,0.36,,
CSCO,2020-10-01,dividend,0.36,,
CSCO,2021-01-04,dividend,0.36,,
CSCO,2021-04-05,dividend,0.37,,
CSCO,2021-07-02,dividend,0.37,,
CSCO,2021-10-04,dividend,0.37,,
CSCO,2022-01-04,dividend,0.37,,
CSCO,2022-04-05,dividend,0.38,,
CSCO,2022-07-05,dividend,0.38,,
CSCO,2022-10-04,dividend,0.38,,
CSCO,2023-01-04,dividend,0.38,,
CSCO,2023-04-04,dividend,0.39,,
CSCO,2023-07-05,dividend,0.39,,
CSCO,2023-10-03,dividend,0.39,,
CSCO,2024-01-03,dividend,0.39,,
CSCO,2024-04-03,dividend,0.4,,
CSCO,2024-07-05,dividend,0.4,,
CSCO,2024-10-02,dividend,0.4,,
CSCO,2025-01-03,dividend,0.4,,
CSCO,2025-04-03,dividend,0.41,,
CSCO,2025-07-03,dividend,0.41,,
CSCO,2025-10-03,dividend,0.41,,
CSCO,2026-01-02,dividend,0.41,,
CSCO,2026-04-02,dividend,0.42,,
CSCO,2026-07-06,dividend,0.42,,
CSX,2006-11-21,dividend,0.011111,,
CSX,2007-02-27,dividend,0.013333,,
CSX,2007-05-30,dividend,0.013333,,
CSX,2007-08-29,dividend,0.016667,,
CSX,2007-11-28,dividend,0.016667,,
CSX,2008-02-27,dividend,0.016667,,
CSX,2008-05-28,dividend,0.02,,
CSX,2008-08-27,dividend,0.024444,,
CSX,2008-11-26,dividend,0.024444,,
CSX,2009-02-25,dividend,0.024444,,
CSX,2009-05-27,dividend,0.024444,,
CSX,2009-08-27,dividend,0.024444,,
CSX,2009-11-25,dividend,0.024444,,
CSX,2010-02-24,dividend,0.026667,,
CSX,2010-05-26,dividend,0.026667,,
CSX,2010-08-27,dividend,0.026667,,
CSX,2010-11-26,dividend,0.028889,,
CSX,2011-02-24,dividend,0.028889,,
CSX,2011-05-26,dividend,0.04,,
CSX,2011-06-16,split,3.0,3:1,
CSX,2011-08-29,dividend,0.04,,
CSX,2011-11-28,dividend,0.04,,
CSX,2012-02-27,dividend,0.04,,
CSX,2012-05-29,dividend,0.046667,,
CSX,2012-08-29,dividend,0.046667,,
CSX,2012-11-28,dividend,0.046667,,
CSX,2013-02-26,dividend,0.046667,,
CSX,2013-05-29,dividend,0.05,,
CSX,2013-08-28,dividend,0.05,,
CSX,2013-11-26,dividend,0.05,,
CSX,2014-02-26,dividend,0.05,,
CSX,2014-05-23,dividend,0.053333,,
CSX,2014-08-27,dividend,0.053333,,
CSX,2014-11-25,dividend,0.053333,,
CSX,2015-02-25,dividend,0.053333,,
CSX,2015-05-27,dividend,0.06,,
CSX,2015-08-27,dividend,0.06,,
CSX,2015-11-25,dividend,0.06,,
CSX,2016-02-25,dividend,0.06,,
CSX,2016-05-26,dividend,0.06,,
CSX,2016-08-29,dividend,0.06,,
CSX,2016-11-28,dividend,0.06,,
CSX,2017-02-24,dividend,0.06,,
CSX,2017-05-26,dividend,0.066667,,
CSX,2017-08-29,dividend,0.066667,,
CSX,2017-11-29,dividend,0.066667,,
CSX,2018-02-28,dividend,0.073333,,
CSX,2018-05-30,dividend,0.073333,,
CSX,2018-08-30,dividend,0.073333,,
CSX,2018-11-29,dividend,0.073333,,
CSX,2019-02-27,dividend,0.08,,
CSX,2019-05-30,dividend,0.08,,
CSX,2019-08-29,dividend,0.08,,
CSX,2019-11-27,dividend,0.08,,
CSX,2020-02-27,dividend,0.086667,,
CSX,2020-05-28,dividend,0.086667,,
CSX,2020-08-28,dividend,0.086667,,
CSX,2020-11-27,dividend,0.086667,,
CSX,2021-02-25,dividend,0.093333,,
CSX,2021-05-27,dividend,0.093333,,
CSX,2021-06-29,split,3.0,3:1,
CSX,2021-08-30,dividend,0.093,,
CSX,2021-11-29,dividend,0.093,,
CSX,2022-02-25,dividend,0.1,,
CSX,2022-05-27,dividend,0.1,,
CSX,2022-08-30,dividend,0.1,,
CSX,2022-11-29,dividend,0.1,,
CSX,2023-02-27,dividend,0.11,,
CSX,2023-05-30,dividend,0.11,,
CSX,2023-08-30,dividend,0.11,,
CSX,2023-11-29,dividend,0.11,,
CSX,2024-02-28,dividend,0.12,,
CSX,2024-05-31,dividend,0.12,,
CSX,2024-08-30,dividend,0.12,,
CSX,2024-11-29,dividend,0.12,,
CSX,2025-02-28,dividend,0.13,,
CSX,2025-05-30,dividend,0.13,,
CSX,2025-08-29,dividend,0.13,,
CSX,2025-11-28,dividend,0.13,,
CSX,2026-02-27,dividend,0.14,,
CSX,2026-05-29,dividend,0.14,,
CSX,2026-08-31,dividend,0.14,,
CTAS,2007-02-02,dividend,0.0975,,
CTAS,2008-02-04,dividend,0.115,,
CTAS,2009-02-02,dividend,0.1175,,
CTAS,2010-02-08,dividend,0.12,,
CTAS,2010-11-09,dividend,0.1225,,
CTAS,2011-11-08,dividend,0.135,,
CTAS,2012-11-07,dividend,0.16,,
CTAS,2013-11-06,dividend,0.1925,,
CTAS,2014-11-05,dividend,0.425,,
CTAS,2015-11-04,dividend,0.2625,,
CTAS,2016-11-02,dividend,0.3325,,
CTAS,2017-11-09,dividend,0.405,,
CTAS,2018-11-08,dividend,0.5125,,
CTAS,2019-11-07,dividend,0.6375,,
CTAS,2020-11-05,dividend,0.8775,,
CTAS,2021-02-11,dividend,0.1875,,
CTAS,2021-05-13,dividend,0.1875,,
CTAS,2021-08-12,dividend,0.2375,,
CTAS,2021-11-12,dividend,0.2375,,
CTAS,2022-02-14,dividend,0.2375,,
CTAS,2022-05-13,dividend,0.2375,,
CTAS,2022-08-12,dividend,0.2875,,
CTAS,2022-11-14,dividend,0.2875,,
CTAS,2023-02-14,dividend,0.2875,,
CTAS,2023-05-12,dividend,0.2875,,
CTAS,2023-08-14,dividend,0.3375,,
CTAS,2023-11-14,dividend,0.3375,,
CTAS,2024-02-14,dividend,0.3375,,
CTAS,2024-05-14,dividend,0.3375,,
CTAS,2024-08-15,dividend,0.39,,
CTAS,2024-09-12,split,4.0,4:1,
CTAS,2024-11-15,dividend,0.39,,
CTAS,2025-02-14,dividend,0.39,,
CTAS,2025-05-15,dividend,0.39,,
CTAS,2025-08-15,dividend,0.45,,
CTAS,2025-11-14,dividend,0.45,,
CTAS,2026-02-13,dividend,0.45,,
CTAS,2026-05-15,dividend,0.45,,
CTAS,2026-08-14,dividend,0.52,,
CVS,2006-10-18,dividend,0.039,,
CVS,2007-01-18,dividend,0.049,,
CVS,2007-04-20,dividend,0.06,,
CVS,2007-07-19,dividend,0.06,,
CVS,2007-10-18,dividend,0.06,,
CVS,2008-01-17,dividend,0.06,,
CVS,2008-04-17,dividend,0.06,,
CVS,2008-07-17,dividend,0.069,,
CVS,2008-10-17,dividend,0.069,,
CVS,2009-01-21,dividend,0.076,,
CVS,2009-04-20,dividend,0.076,,
CVS,2009-07-21,dividend,0.076,,
CVS,2009-10-20,dividend,0.076,,
CVS,2010-01-20,dividend,0.088,,
CVS,2010-04-21,dividend,0.088,,
CVS,2010-07-20,dividend,0.088,,
CVS,2010-10-20,dividend,0.088,,
CVS,2011-01-19,dividend,0.125,,
CVS,2011-04-19,dividend,0.125,,
CVS,2011-07-20,dividend,0.125,,
CVS,2011-10-19,dividend,0.125,,
CVS,2012-01-19,dividend,0.163,,
CVS,2012-04-19,dividend,0.163,,
CVS,2012-07-19,dividend,0.163,,
CVS,2012-10-18,dividend,0.163,,
CVS,2013-01-22,dividend,0.225,,
CVS,2013-04-19,dividend,0.225,,
CVS,2013-07-18,dividend,0.225,,
CVS,2013-10-17,dividend,0.225,,
CVS,2014-01-21,dividend,0.275,,
CVS,2014-04-17,dividend,0.275,,
CVS,2014-07-17,dividend,0.275,,
CVS,2014-10-21,dividend,0.275,,
CVS,2015-01-20,dividend,0.35,,
CVS,2015-04-22,dividend,0.35,,
CVS,2015-07-21,dividend,0.35,,
CVS,2015-10-20,dividend,0.35,,
CVS,2016-01-20,dividend,0.425,,
CVS,2016-04-20,dividend,0.425,,
CVS,2016-07-19,dividend,0.425,,
CVS,2016-10-20,dividend,0.425,,
CVS,2017-01-20,dividend,0.5,,
CVS,2017-04-19,dividend,0.5,,
CVS,2017-07-20,dividend,0.5,,
CVS,2017-10-23,dividend,0.5,,
CVS,2018-01-23,dividend,0.5,,
CVS,2018-04-20,dividend,0.5,,
CVS,2018-07-24,dividend,0.5,,
CVS,2018-10-23,dividend,0.5,,
CVS,2019-01-24,dividend,0.5,,
CVS,2019-04-22,dividend,0.5,,
CVS,2019-07-24,dividend,0.5,,
CVS,2019-10-23,dividend,0.5,,
CVS,2020-01-22,dividend,0.5,,
CVS,2020-04-22,dividend,0.5,,
CVS,2020-07-22,dividend,0.5,,
CVS,2020-10-21,dividend,0.5,,
CVS,2021-01-21,dividend,0.5,,
CVS,2021-04-22,dividend,0.5,,
CVS,2021-07-22,dividend,0.5,,
CVS,2021-10-21,dividend,0.5,,
CVS,2022-01-20,dividend,0.55,,
CVS,2022-04-21,dividend,0.55,,
CVS,2022-07-21,dividend,0.55,,
CVS,2022-10-20,dividend,0.55,,
CVS,2023-01-19,dividend,0.605,,
CVS,2023-04-20,dividend,0.605,,
CVS,2023-07-20,dividend,0.605,,
CVS,2023-10-19,dividend,0.605,,
CVS,2024-01-19,dividend,0.665,,
CVS,2024-04-19,dividend,0.665,,
CVS,2024-07-22,dividend,0.665,,
CVS,2024-10-21,dividend,0.665,,
CVS,2025-01-23,dividend,0.665,,
CVS,2025-04-22,dividend,0.665,,
CVS,2025-07-22,dividend,0.665,,
CVS,2025-10-23,dividend,0.665,,
CVS,2026-01-22,dividend,0.665,,
CVS,2026-04-23,dividend,0.665,,
CVS,2026-07-23,dividend,0.665,,
CVX,2006-11-15,dividend,0.52,,
CVX,2007-02-14,dividend,0.52,,
CVX,2007-05-16,dividend,0.58,,
CVX,2007-08-15,dividend,0.58,,
CVX,2007-11-14,dividend,0.58,,
CVX,2008-02-13,dividend,0.58,,
CVX,2008-05-15,dividend,0.65,,
CVX,2008-08-15,dividend,0.65,,
CVX,2008-11-14,dividend,0.65,,
CVX,2009-02-12,dividend,0.65,,
CVX,2009-05-15,dividend,0.65,,
CVX,2009-08-17,dividend,0.68,,
CVX,2009-11-16,dividend,0.68,,
CVX,2010-02-12,dividend,0.68,,
CVX,2010-05-17,dividend,0.72,,
CVX,2010-08-17,dividend,0.72,,
CVX,2010-11-16,dividend,0.72,,
CVX,2011-02-14,dividend,0.72,,
CVX,2011-05-17,dividend,0.78,,
CVX,2011-08-17,dividend,0.78,,
CVX,2011-11-16,dividend,0.81,,
CVX,2012-02-15,dividend,0.81,,
CVX,2012-05-16,dividend,0.9,,
CVX,2012-08-15,dividend,0.9,,
CVX,2012-11-14,dividend,0.9,,
CVX,2013-02-13,dividend,0.9,,
CVX,2013-05-15,dividend,1.0,,
CVX,2013-08-15,dividend,1.0,,
CVX,2013-11-14,dividend,1.0,,
CVX,2014-02-12,dividend,1.0,,
CVX,2014-05-15,dividend,1.07,,
CVX,2014-08-15,dividend,1.07,,
CVX,2014-11-14,dividend,1.07,,
CVX,2015-02-12,dividend,1.07,,
CVX,2015-05-15,dividend,1.07,,
CVX,2015-08-17,dividend,1.07,,
CVX,2015-11-16,dividend,1.07,,
CVX,2016-02-16,dividend,1.07,,
CVX,2016-05-17,dividend,1.07,,
CVX,2016-08-17,dividend,1.07,,
CVX,2016-11-16,dividend,1.08,,
CVX,2017-02-14,dividend,1.08,,
CVX,2017-05-17,dividend,1.08,,
CVX,2017-08-16,dividend,1.08,,
CVX,2017-11-16,dividend,1.08,,
CVX,2018-02-15,dividend,1.12,,
CVX,2018-05-17,dividend,1.12,,
CVX,2018-08-16,dividend,1.12,,
CVX,2018-11-15,dividend,1.12,,
CVX,2019-02-14,dividend,1.19,,
CVX,2019-05-16,dividend,1.19,,
CVX,2019-08-16,dividend,1.19,,
CVX,2019-11-15,dividend,1.19,,
CVX,2020-02-14,dividend,1.29,,
CVX,2020-05-18,dividend,1.29,,
CVX,2020-08-18,dividend,1.29,,
CVX,2020-11-17,dividend,1.29,,
CVX,2021-02-16,dividend,1.29,,
CVX,2021-05-18,dividend,1.34,,
CVX,2021-08-18,dividend,1.34,,
CVX,2021-11-17,dividend,1.34,,
CVX,2022-02-15,dividend,1.42,,
CVX,2022-05-18,dividend,1.42,,
CVX,2022-08-18,dividend,1.42,,
CVX,2022-11-17,dividend,1.42,,
CVX,2023-02-15,dividend,1.51,,
CVX,2023-05-18,dividend,1.51,,
CVX,2023-08-17,dividend,1.51,,
CVX,2023-11-16,dividend,1.51,,
CVX,2024-02-15,dividend,1.63,,
CVX,2024-05-16,dividend,1.63,,
CVX,2024-08-19,dividend,1.63,,
CVX,2024-11-18,dividend,1.63,,
CVX,2025-02-14,dividend,1.71,,
CVX,2025-05-19,dividend,1.71,,
CVX,2025-08-19,dividend,1.71,,
CVX,2025-11-18,dividend,1.71,,
CVX,2026-02-17,dividend,1.78,,
CVX,2026-05-19,dividend,1.78,,
CVX,2026-08-19,dividend,1.78,,
DAL,2013-08-07,dividend,0.06,,
DAL,2013-11-04,dividend,0.06,,
DAL,2014-02-19,dividend,0.06,,
DAL,2014-05-07,dividend,0.06,,
DAL,2014-08-06,dividend,0.09,,
DAL,2014-11-05,dividend,0.09,,
DAL,2015-02-18,dividend,0.09,,
DAL,2015-05-06,dividend,0.09,,
DAL,2015-08-05,dividend,0.135,,
DAL,2015-11-04,dividend,0.135,,
DAL,2016-02-12,dividend,0.135,,
DAL,2016-05-09,dividend,0.135,,
DAL,2016-08-10,dividend,0.203,,
DAL,2016-11-08,dividend,0.203,,
DAL,2017-02-22,dividend,0.203,,
DAL,2017-05-17,dividend,0.203,,
DAL,2017-08-21,dividend,0.305,,
DAL,2017-11-16,dividend,0.305,,
DAL,2018-02-22,dividend,0.305,,
DAL,2018-05-10,dividend,0.305,,
DAL,2018-07-25,dividend,0.35,,
DAL,2018-11-06,dividend,0.35,,
DAL,2019-02-28,dividend,0.35,,
DAL,2019-05-01,dividend,0.35,,
DAL,2019-07-24,dividend,0.403,,
DAL,2019-10-23,dividend,0.403,,
DAL,2020-02-19,dividend,0.403,,
DAL,2023-07-14,dividend,0.1,,
DAL,2023-10-11,dividend,0.1,,
DAL,2024-02-23,dividend,0.1,,
DAL,2024-05-13,dividend,0.1,,
DAL,2024-07-30,dividend,0.15,,
DAL,2024-10-10,dividend,0.15,,
DAL,2025-02-27,dividend,0.15,,
DAL,2025-05-13,dividend,0.15,,
DAL,2025-07-31,dividend,0.188,,
DAL,2025-10-16,dividend,0.188,,
DAL,2026-02-26,dividend,0.188,,
DAL,2026-05-14,dividend,0.188,,
DAL,2026-07-09,dividend,0.215,,
DE,2006-09-27,dividend,0.195,,
DE,2006-12-27,dividend,0.22,,
DE,2007-03-28,dividend,0.22,,
DE,2007-06-27,dividend,0.22,,
DE,2007-09-26,dividend,0.25,,
DE,2007-12-04,split,2.0,2:1,
DE,2007-12-27,dividend,0.25,,
DE,2008-03-27,dividend,0.25,,
DE,2008-06-26,dividend,0.28,,
DE,2008-09-26,dividend,0.28,,
DE,2008-12-29,dividend,0.28,,
DE,2009-03-27,dividend,0.28,,
DE,2009-06-26,dividend,0.28,,
DE,2009-09-28,dividend,0.28,,
DE,2009-12-29,dividend,0.28,,
DE,2010-03-29,dividend,0.28,,
DE,2010-06-28,dividend,0.3,,
DE,2010-09-28,dividend,0.3,,
DE,2010-12-29,dividend,0.35,,
DE,2011-03-29,dividend,0.35,,
DE,2011-06-28,dividend,0.41,,
DE,2011-09-28,dividend,0.41,,
DE,2011-12-28,dividend,0.41,,
DE,2012-03-28,dividend,0.46,,
DE,2012-06-27,dividend,0.46,,
DE,2012-09-26,dividend,0.46,,
DE,2012-12-27,dividend,0.46,,
DE,2013-03-26,dividend,0.51,,
DE,2013-06-26,dividend,0.51,,
DE,2013-09-26,dividend,0.51,,
DE,2013-12-27,dividend,0.51,,
DE,2014-03-27,dividend,0.51,,
DE,2014-06-26,dividend,0.6,,
DE,2014-09-26,dividend,0.6,,
DE,2014-12-29,dividend,0.6,,
DE,2015-03-27,dividend,0.6,,
DE,2015-06-26,dividend,0.6,,
DE,2015-09-28,dividend,0.6,,
DE,2015-12-29,dividend,0.6,,
DE,2016-03-29,dividend,0.6,,
DE,2016-06-28,dividend,0.6,,
DE,2016-09-28,dividend,0.6,,
DE,2016-12-28,dividend,0.6,,
DE,2017-03-29,dividend,0.6,,
DE,2017-06-28,dividend,0.6,,
DE,2017-09-28,dividend,0.6,,
DE,2017-12-28,dividend,0.6,,
DE,2018-03-28,dividend,0.6,,
DE,2018-06-28,dividend,0.69,,
DE,2018-09-27,dividend,0.69,,
DE,2018-12-28,dividend,0.76,,
DE,2019-03-28,dividend,0.76,,
DE,2019-06-27,dividend,0.76,,
DE,2019-09-27,dividend,0.76,,
DE,2019-12-30,dividend,0.76,,
DE,2020-03-30,dividend,0.76,,
DE,2020-06-29,dividend,0.76,,
DE,2020-09-29,dividend,0.76,,
DE,2020-12-30,dividend,0.76,,
DE,2021-03-30,dividend,0.9,,
DE,2021-06-29,dividend,0.9,,
DE,2021-09-29,dividend,1.05,,
DE,2021-12-30,dividend,1.05,,
DE,2022-03-30,dividend,1.05,,
DE,2022-06-29,dividend,1.13,,
DE,2022-09-29,dividend,1.13,,
DE,2022-12-29,dividend,1.2,,
DE,2023-03-30,dividend,1.25,,
DE,2023-06-29,dividend,1.25,,
DE,2023-09-28,dividend,1.35,,
DE,2023-12-28,dividend,1.47,,
DE,2024-03-27,dividend,1.47,,
DE,2024-06-28,dividend,1.47,,
DE,2024-09-30,dividend,1.47,,
DE,2024-12-31,dividend,1.62,,
DE,2025-03-31,dividend,1.62,,
DE,2025-06-30,dividend,1.62,,
DE,2025-09-30,dividend,1.62,,
DE,2025-12-31,dividend,1.62,,
DE,2026-03-31,dividend,1.62,,
DE,2026-06-30,dividend,1.62,,
DECK,2010-07-06,split,3.0,3:1,
DECK,2024-09-17,split,6.0,6:1,
DGE.L,2007-03-07,dividend,13.944399,,
DGE.L,2007-09-12,dividend,22.388899,,
DGE.L,2008-03-05,dividend,14.6667,,
DGE.L,2008-09-10,dividend,23.5,,
DGE.L,2009-03-04,dividend,15.4444,,
DGE.L,2009-09-09,dividend,24.6667,,
DGE.L,2010-03-03,dividend,16.2222,,
DGE.L,2010-09-08,dividend,23.5,,
DGE.L,2011-03-02,dividend,17.2222,,
DGE.L,2011-09-07,dividend,27.6667,,
DGE.L,2012-02-29,dividend,18.444399,,
DGE.L,2012-09-05,dividend,29.8889,,
DGE.L,2013-02-27,dividend,20.111101,,
DGE.L,2013-08-14,dividend,32.5556,,
DGE.L,2014-02-26,dividend,19.699999,,
DGE.L,2014-08-13,dividend,32.0,,
DGE.L,2015-02-26,dividend,23.888899,,
DGE.L,2015-08-13,dividend,38.7778,,
DGE.L,2016-02-25,dividend,22.6,,
DGE.L,2016-08-11,dividend,36.6,,
DGE.L,2017-02-23,dividend,23.7,,
DGE.L,2017-08-10,dividend,38.5,,
DGE.L,2018-02-22,dividend,24.9,,
DGE.L,2018-08-09,dividend,40.4,,
DGE.L,2019-02-28,dividend,26.1,,
DGE.L,2019-08-08,dividend,42.469997,,
DGE.L,2020-02-27,dividend,27.41,,
DGE.L,2020-08-13,dividend,42.469997,,
DGE.L,2021-02-25,dividend,27.96,,
DGE.L,2021-08-26,dividend,44.59,,
DGE.L,2022-02-24,dividend,29.359999,,
DGE.L,2022-08-25,dividend,46.82,,
DGE.L,2023-03-02,dividend,30.829998,,
DGE.L,2023-08-24,dividend,49.17,,
DGE.L,2024-02-29,dividend,32.05,,
DGE.L,2024-08-29,dividend,47.23,,
DGE.L,2025-02-27,dividend,31.48,,
DGE.L,2025-10-16,dividend,47.91,,
DGE.L,2026-04-16,dividend,14.9782,,
DHR,2006-09-27,dividend,0.006721,,
DHR,2006-12-27,dividend,0.006721,,
DHR,2007-03-28,dividend,0.006721,,
DHR,2007-06-27,dividend,0.010082,,
DHR,2007-09-26,dividend,0.010082,,
DHR,2007-12-27,dividend,0.010082,,
DHR,2008-03-26,dividend,0.010082,,
DHR,2008-06-25,dividend,0.010082,,
DHR,2008-09-24,dividend,0.010082,,
DHR,2008-12-23,dividend,0.010082,,
DHR,2009-03-25,dividend,0.010082,,
DHR,2009-06-24,dividend,0.010082,,
DHR,2009-09-23,dividend,0.010082,,
DHR,2009-12-29,dividend,0.013442,,
DHR,2010-03-24,dividend,0.013442,,
DHR,2010-06-14,split,2.0,2:1,
DHR,2010-06-23,dividend,0.013442,,
DHR,2010-09-22,dividend,0.013442,,
DHR,2010-12-29,dividend,0.013442,,
DHR,2011-03-23,dividend,0.013442,,
DHR,2011-06-22,dividend,0.013442,,
DHR,2011-09-28,dividend,0.016803,,
DHR,2011-12-28,dividend,0.016803,,
DHR,2012-03-28,dividend,0.016803,,
DHR,2012-06-27,dividend,0.016803,,
DHR,2012-09-26,dividend,0.016803,,
DHR,2012-12-12,dividend,0.016803,,
DHR,2013-03-26,dividend,0.016803,,
DHR,2013-06-26,dividend,0.016803,,
DHR,2013-09-25,dividend,0.016803,,
DHR,2013-12-26,dividend,0.016803,,
DHR,2014-03-26,dividend,0.067212,,
DHR,2014-06-25,dividend,0.067212,,
DHR,2014-09-24,dividend,0.067212,,
DHR,2014-12-23,dividend,0.067212,,
DHR,2015-03-25,dividend,0.090736,,
DHR,2015-06-24,dividend,0.090736,,
DHR,2015-09-30,dividend,0.090736,,
DHR,2015-12-17,dividend,0.090736,,
DHR,2016-03-22,dividend,0.107539,,
DHR,2016-06-01,dividend,0.107539,,
DHR,2016-07-05,dividend,24.56,,
DHR,2016-07-05,split,1.319,1319:1000,
DHR,2016-09-28,dividend,0.110816,,
DHR,2016-12-28,dividend,0.110816,,
DHR,2017-03-29,dividend,0.124113,,
DHR,2017-06-28,dividend,0.124113,,
DHR,2017-09-28,dividend,0.124113,,
DHR,2017-12-28,dividend,0.124113,,
DHR,2018-03-28,dividend,0.141844,,
DHR,2018-06-28,dividend,0.141844,,
DHR,2018-09-27,dividend,0.141844,,
DHR,2018-12-27,dividend,0.141844,,
DHR,2019-03-28,dividend,0.150709,,
DHR,2019-06-27,dividend,0.150709,,
DHR,2019-09-26,dividend,0.150709,,
DHR,2019-12-26,dividend,0.150709,,
DHR,2020-03-26,dividend,0.159574,,
DHR,2020-06-25,dividend,0.159574,,
DHR,2020-09-25,dividend,0.159574,,
DHR,2020-12-24,dividend,0.159574,,
DHR,2021-03-25,dividend,0.18617,,
DHR,2021-06-24,dividend,0.18617,,
DHR,2021-09-29,dividend,0.18617,,
DHR,2021-12-29,dividend,0.18617,,
DHR,2022-03-24,dividend,0.221631,,
DHR,2022-06-23,dividend,0.221631,,
DHR,2022-09-29,dividend,0.221631,,
DHR,2022-12-29,dividend,0.221631,,
DHR,2023-03-30,dividend,0.239362,,
DHR,2023-06-29,dividend,0.239362,,
DHR,2023-10-02,split,1.128,1128:1000,
DHR,2023-10-11,dividend,0.27,,
DHR,2023-12-28,dividend,0.24,,
DHR,2024-03-27,dividend,0.27,,
DHR,2024-06-28,dividend,0.27,,
DHR,2024-09-27,dividend,0.27,,
DHR,2024-12-27,dividend,0.27,,
DHR,2025-03-28,dividend,0.32,,
DHR,2025-06-27,dividend,0.32,,
DHR,2025-09-26,dividend,0.32,,
DHR,2025-12-26,dividend,0.32,,
DHR,2026-03-27,dividend,0.4,,
DHR,2026-06-26,dividend,0.4,,
DIS,2006-12-13,dividend,0.305815,,
DIS,2007-06-13,split,1.0136847440446022,10000:9865,
DIS,2007-12-05,dividend,0.35,,
DIS,2008-12-11,dividend,0.35,,
DIS,2009-12-10,dividend,0.35,,
DIS,2010-12-09,dividend,0.4,,
DIS,2011-12-14,dividend,0.6,,
DIS,2012-12-06,dividend,0.75,,
DIS,2013-12-12,dividend,0.86,,
DIS,2014-12-11,dividend,1.15,,
DIS,2015-07-01,dividend,0.66,,
DIS,2015-12-10,dividend,0.71,,
DIS,2016-07-07,dividend,0.71,,
DIS,2016-12-08,dividend,0.78,,
DIS,2017-07-06,dividend,0.78,,
DIS,2017-12-08,dividend,0.84,,
DIS,2018-07-06,dividend,0.84,,
DIS,2018-12-07,dividend,0.88,,
DIS,2019-07-05,dividend,0.88,,
DIS,2019-12-13,dividend,0.88,,
DIS,2023-12-08,dividend,0.3,,
DIS,2024-07-08,dividend,0.45,,
DIS,2024-12-16,dividend,0.5,,
DIS,2025-06-24,dividend,0.5,,
DIS,2025-12-15,dividend,0.75,,
DIS,2026-06-30,dividend,0.75,,
DTE.DE,2007-05-04,dividend,0.72,,
DTE.DE,2008-05-16,dividend,0.78,,
DTE.DE,2009-05-04,dividend,0.78,,
DTE.DE,2010-05-04,dividend,0.78,,
DTE.DE,2011-05-13,dividend,0.7,,
DTE.DE,2012-05-25,dividend,0.7,,
DTE.DE,2013-05-17,dividend,0.7,,
DTE.DE,2014-05-16,dividend,0.5,,
DTE.DE,2015-05-22,dividend,0.5,,
DTE.DE,2016-05-26,dividend,0.55,,
DTE.DE,2017-06-02,dividend,0.6,,
DTE.DE,2018-05-18,dividend,0.65,,
DTE.DE,2019-03-29,dividend,0.7,,
DTE.DE,2020-06-22,dividend,0.6,,
DTE.DE,2021-04-06,dividend,0.6,,
DTE.DE,2022-04-08,dividend,0.64,,
DTE.DE,2023-04-06,dividend,0.7,,
DTE.DE,2024-04-11,dividend,0.77,,
DTE.DE,2025-04-10,dividend,0.9,,
DTE.DE,2026-04-02,dividend,1.0,,
DUK,2006-11-15,dividend,0.557856,,
DUK,2007-01-03,split,1.7208742040956806,10000:5811,
DUK,2007-02-14,dividend,0.63,,
DUK,2007-05-09,dividend,0.63,,
DUK,2007-08-15,dividend,0.66,,
DUK,2007-11-14,dividend,0.66,,
DUK,2008-02-13,dividend,0.66,,
DUK,2008-05-15,dividend,0.66,,
DUK,2008-08-13,dividend,0.69,,
DUK,2008-11-12,dividend,0.69,,
DUK,2009-02-11,dividend,0.69,,
DUK,2009-05-14,dividend,0.69,,
DUK,2009-08-12,dividend,0.72,,
DUK,2009-11-10,dividend,0.72,,
DUK,2010-02-10,dividend,0.72,,
DUK,2010-05-19,dividend,0.72,,
DUK,2010-08-11,dividend,0.735,,
DUK,2010-11-09,dividend,0.735,,
DUK,2011-02-09,dividend,0.735,,
DUK,2011-05-18,dividend,0.735,,
DUK,2011-08-10,dividend,0.75,,
DUK,2011-11-16,dividend,0.75,,
DUK,2012-02-15,dividend,0.75,,
DUK,2012-05-16,dividend,0.75,,
DUK,2012-07-03,split,0.3333333333333333,1:3,
DUK,2012-08-15,dividend,0.765,,
DUK,2012-11-14,dividend,0.765,,
DUK,2013-02-13,dividend,0.765,,
DUK,2013-05-15,dividend,0.765,,
DUK,2013-08-14,dividend,0.78,,
DUK,2013-11-13,dividend,0.78,,
DUK,2014-02-12,dividend,0.78,,
DUK,2014-05-14,dividend,0.78,,
DUK,2014-08-13,dividend,0.795,,
DUK,2014-11-12,dividend,0.795,,
DUK,2015-02-11,dividend,0.795,,
DUK,2015-05-13,dividend,0.795,,
DUK,2015-08-12,dividend,0.825,,
DUK,2015-11-10,dividend,0.825,,
DUK,2016-02-10,dividend,0.825,,
DUK,2016-05-18,dividend,0.825,,
DUK,2016-08-10,dividend,0.855,,
DUK,2016-11-16,dividend,0.855,,
DUK,2017-02-15,dividend,0.855,,
DUK,2017-05-17,dividend,0.855,,
DUK,2017-08-16,dividend,0.89,,
DUK,2017-11-16,dividend,0.89,,
DUK,2018-02-15,dividend,0.89,,
DUK,2018-05-17,dividend,0.89,,
DUK,2018-08-16,dividend,0.928,,
DUK,2018-11-15,dividend,0.928,,
DUK,2019-02-14,dividend,0.928,,
DUK,2019-05-16,dividend,0.928,,
DUK,2019-08-15,dividend,0.945,,
DUK,2019-11-14,dividend,0.945,,
DUK,2020-02-13,dividend,0.945,,
DUK,2020-05-14,dividend,0.945,,
DUK,2020-08-13,dividend,0.965,,
DUK,2020-11-12,dividend,0.965,,
DUK,2021-02-11,dividend,0.965,,
DUK,2021-05-13,dividend,0.965,,
DUK,2021-08-12,dividend,0.985,,
DUK,2021-11-10,dividend,0.985,,
DUK,2022-02-17,dividend,0.985,,
DUK,2022-05-12,dividend,0.985,,
DUK,2022-08-11,dividend,1.005,,
DUK,2022-11-17,dividend,1.005,,
DUK,2023-02-16,dividend,1.005,,
DUK,2023-05-11,dividend,1.005,,
DUK,2023-08-17,dividend,1.025,,
DUK,2023-11-16,dividend,1.025,,
DUK,2024-02-15,dividend,1.025,,
DUK,2024-05-16,dividend,1.025,,
DUK,2024-08-16,dividend,1.045,,
DUK,2024-11-15,dividend,1.045,,
DUK,2025-02-14,dividend,1.045,,
DUK,2025-05-16,dividend,1.045,,
DUK,2025-08-15,dividend,1.065,,
DUK,2025-11-14,dividend,1.065,,
DUK,2026-02-13,dividend,1.065,,
DUK,2026-05-15,dividend,1.065,,
DUK,2026-08-14,dividend,1.085,,
ECL,2006-12-15,dividend,0.115,,
ECL,2007-03-16,dividend,0.115,,
ECL,2007-06-15,dividend,0.115,,
ECL,2007-09-14,dividend,0.115,,
ECL,2007-12-14,dividend,0.13,,
ECL,2008-03-07,dividend,0.13,,
ECL,2008-06-13,dividend,0.13,,
ECL,2008-09-12,dividend,0.13,,
ECL,2008-12-12,dividend,0.14,,
ECL,2009-03-06,dividend,0.14,,
ECL,2009-06-12,dividend,0.14,,
ECL,2009-09-11,dividend,0.14,,
ECL,2009-12-11,dividend,0.155,,
ECL,2010-03-05,dividend,0.155,,
ECL,2010-06-11,dividend,0.155,,
ECL,2010-09-17,dividend,0.155,,
ECL,2010-12-17,dividend,0.175,,
ECL,2011-03-04,dividend,0.175,,
ECL,2011-06-17,dividend,0.175,,
ECL,2011-09-16,dividend,0.175,,
ECL,2011-12-16,dividend,0.2,,
ECL,2012-03-02,dividend,0.2,,
ECL,2012-06-15,dividend,0.2,,
ECL,2012-09-14,dividend,0.2,,
ECL,2012-12-14,dividend,0.23,,
ECL,2013-03-01,dividend,0.23,,
ECL,2013-06-14,dividend,0.23,,
ECL,2013-09-13,dividend,0.23,,
ECL,2013-12-13,dividend,0.275,,
ECL,2014-03-07,dividend,0.275,,
ECL,2014-06-13,dividend,0.275,,
ECL,2014-09-12,dividend,0.275,,
ECL,2014-12-12,dividend,0.33,,
ECL,2015-03-06,dividend,0.33,,
ECL,2015-06-12,dividend,0.33,,
ECL,2015-09-11,dividend,0.33,,
ECL,2015-12-11,dividend,0.35,,
ECL,2016-03-11,dividend,0.35,,
ECL,2016-06-17,dividend,0.35,,
ECL,2016-09-16,dividend,0.35,,
ECL,2016-12-16,dividend,0.37,,
ECL,2017-03-17,dividend,0.37,,
ECL,2017-06-16,dividend,0.37,,
ECL,2017-09-18,dividend,0.37,,
ECL,2017-12-18,dividend,0.41,,
ECL,2018-03-19,dividend,0.41,,
ECL,2018-06-18,dividend,0.41,,
ECL,2018-09-17,dividend,0.41,,
ECL,2018-12-17,dividend,0.46,,
ECL,2019-03-18,dividend,0.46,,
ECL,2019-06-17,dividend,0.46,,
ECL,2019-09-16,dividend,0.46,,
ECL,2019-12-16,dividend,0.47,,
ECL,2020-03-16,dividend,0.47,,
ECL,2020-06-15,dividend,0.47,,
ECL,2020-09-14,dividend,0.47,,
ECL,2020-12-14,dividend,0.48,,
ECL,2021-03-15,dividend,0.48,,
ECL,2021-06-14,dividend,0.48,,
ECL,2021-09-13,dividend,0.48,,
ECL,2021-12-13,dividend,0.51,,
ECL,2022-03-14,dividend,0.51,,
ECL,2022-06-17,dividend,0.51,,
ECL,2022-09-19,dividend,0.51,,
ECL,2022-12-19,dividend,0.53,,
ECL,2023-03-20,dividend,0.53,,
ECL,2023-06-16,dividend,0.53,,
ECL,2023-09-18,dividend,0.53,,
ECL,2023-12-18,dividend,0.57,,
ECL,2024-03-18,dividend,0.57,,
ECL,2024-06-18,dividend,0.57,,
ECL,2024-09-17,dividend,0.57,,
ECL,2024-12-17,dividend,0.65,,
ECL,2025-03-18,dividend,0.65,,
ECL,2025-06-17,dividend,0.65,,
ECL,2025-09-16,dividend,0.65,,
ECL,2025-12-16,dividend,0.73,,
ECL,2026-03-17,dividend,0.73,,
ECL,2026-06-16,dividend,0.73,,
ECL,2026-09-15,dividend,0.73,,
ELV,2011-03-08,dividend,0.25,,
ELV,2011-06-08,dividend,0.25,,
ELV,2011-09-07,dividend,0.25,,
ELV,2011-12-07,dividend,0.25,,
ELV,2012-03-07,dividend,0.288,,
ELV,2012-06-06,dividend,0.288,,
ELV,2012-09-06,dividend,0.288,,
ELV,2012-12-05,dividend,0.287,,
ELV,2013-03-06,dividend,0.375,,
ELV,2013-06-06,dividend,0.375,,
ELV,2013-09-06,dividend,0.375,,
ELV,2013-12-05,dividend,0.375,,
ELV,2014-03-06,dividend,0.438,,
ELV,2014-06-06,dividend,0.438,,
ELV,2014-09-08,dividend,0.438,,
ELV,2014-12-03,dividend,0.438,,
ELV,2015-03-06,dividend,0.625,,
ELV,2015-06-08,dividend,0.625,,
ELV,2015-09-08,dividend,0.625,,
ELV,2015-12-02,dividend,0.625,,
ELV,2016-03-08,dividend,0.65,,
ELV,2016-06-08,dividend,0.65,,
ELV,2016-09-07,dividend,0.65,,
ELV,2016-12-01,dividend,0.65,,
ELV,2017-03-08,dividend,0.65,,
ELV,2017-06-07,dividend,0.65,,
ELV,2017-09-07,dividend,0.7,,
ELV,2017-12-04,dividend,0.7,,
ELV,2018-03-08,dividend,0.75,,
ELV,2018-06-07,dividend,0.75,,
ELV,2018-09-07,dividend,0.75,,
ELV,2018-12-04,dividend,0.75,,
ELV,2019-03-15,dividend,0.8,,
ELV,2019-06-07,dividend,0.8,,
ELV,2019-09-09,dividend,0.8,,
ELV,2019-12-04,dividend,0.8,,
ELV,2020-03-13,dividend,0.95,,
ELV,2020-06-09,dividend,0.95,,
ELV,2020-09-09,dividend,0.95,,
ELV,2020-12-04,dividend,0.95,,
ELV,2021-03-09,dividend,1.13,,
ELV,2021-06-09,dividend,1.13,,
ELV,2021-09-09,dividend,1.13,,
ELV,2021-12-02,dividend,1.13,,
ELV,2022-03-09,dividend,1.28,,
ELV,2022-06-09,dividend,1.28,,
ELV,2022-09-08,dividend,1.28,,
ELV,2022-12-02,dividend,1.28,,
ELV,2023-03-09,dividend,1.48,,
ELV,2023-06-08,dividend,1.48,,
ELV,2023-09-07,dividend,1.48,,
ELV,2023-12-05,dividend,1.48,,
ELV,2024-03-07,dividend,1.63,,
ELV,2024-06-10,dividend,1.63,,
ELV,2024-09-10,dividend,1.63,,
ELV,2024-12-05,dividend,1.63,,
ELV,2025-03-10,dividend,1.71,,
ELV,2025-06-10,dividend,1.71,,
ELV,2025-09-10,dividend,1.71,,
ELV,2025-12-05,dividend,1.71,,
ELV,2026-03-10,dividend,1.72,,
ELV,2026-06-10,dividend,1.72,,
ELV,2026-09-10,dividend,1.72,,
EMR,2006-11-15,dividend,0.2625,,
EMR,2006-12-12,split,2.0,2:1,
EMR,2007-02-14,dividend,0.263,,
EMR,2007-05-09,dividend,0.263,,
EMR,2007-08-15,dividend,0.263,,
EMR,2007-11-14,dividend,0.3,,
EMR,2008-02-13,dividend,0.3,,
EMR,2008-05-14,dividend,0.3,,
EMR,2008-08-13,dividend,0.3,,
EMR,2008-11-12,dividend,0.33,,
EMR,2009-02-11,dividend,0.33,,
EMR,2009-05-13,dividend,0.33,,
EMR,2009-08-12,dividend,0.33,,
EMR,2009-11-10,dividend,0.335,,
EMR,2010-02-10,dividend,0.335,,
EMR,2010-05-12,dividend,0.335,,
EMR,2010-08-11,dividend,0.335,,
EMR,2010-11-09,dividend,0.345,,
EMR,2011-02-09,dividend,0.345,,
EMR,2011-05-11,dividend,0.345,,
EMR,2011-08-10,dividend,0.345,,
EMR,2011-11-08,dividend,0.4,,
EMR,2012-02-15,dividend,0.4,,
EMR,2012-05-09,dividend,0.4,,
EMR,2012-08-15,dividend,0.4,,
EMR,2012-11-14,dividend,0.41,,
EMR,2013-02-13,dividend,0.41,,
EMR,2013-05-15,dividend,0.41,,
EMR,2013-08-14,dividend,0.41,,
EMR,2013-11-13,dividend,0.43,,
EMR,2014-02-12,dividend,0.43,,
EMR,2014-05-14,dividend,0.43,,
EMR,2014-08-13,dividend,0.43,,
EMR,2014-11-12,dividend,0.47,,
EMR,2015-02-11,dividend,0.47,,
EMR,2015-05-13,dividend,0.47,,
EMR,2015-08-12,dividend,0.47,,
EMR,2015-11-10,dividend,0.475,,
EMR,2016-02-10,dividend,0.475,,
EMR,2016-05-11,dividend,0.475,,
EMR,2016-08-10,dividend,0.475,,
EMR,2016-11-08,dividend,0.48,,
EMR,2017-02-15,dividend,0.48,,
EMR,2017-05-10,dividend,0.48,,
EMR,2017-08-09,dividend,0.48,,
EMR,2017-11-16,dividend,0.485,,
EMR,2018-02-15,dividend,0.485,,
EMR,2018-05-10,dividend,0.485,,
EMR,2018-08-16,dividend,0.485,,
EMR,2018-11-15,dividend,0.49,,
EMR,2019-02-14,dividend,0.49,,
EMR,2019-05-16,dividend,0.49,,
EMR,2019-08-15,dividend,0.49,,
EMR,2019-11-14,dividend,0.5,,
EMR,2020-02-13,dividend,0.5,,
EMR,2020-05-14,dividend,0.5,,
EMR,2020-08-13,dividend,0.5,,
EMR,2020-11-12,dividend,0.505,,
EMR,2021-02-11,dividend,0.505,,
EMR,2021-05-13,dividend,0.505,,
EMR,2021-08-12,dividend,0.505,,
EMR,2021-11-10,dividend,0.515,,
EMR,2022-02-10,dividend,0.515,,
EMR,2022-05-12,dividend,0.515,,
EMR,2022-08-11,dividend,0.515,,
EMR,2022-11-09,dividend,0.52,,
EMR,2023-02-16,dividend,0.52,,
EMR,2023-05-11,dividend,0.52,,
EMR,2023-08-10,dividend,0.52,,
EMR,2023-11-16,dividend,0.525,,
EMR,2024-02-15,dividend,0.525,,
EMR,2024-05-16,dividend,0.525,,
EMR,2024-08-16,dividend,0.525,,
EMR,2024-11-15,dividend,0.528,,
EMR,2025-02-14,dividend,0.528,,
EMR,2025-05-16,dividend,0.528,,
EMR,2025-08-15,dividend,0.528,,
EMR,2025-11-14,dividend,0.555,,
EMR,2026-02-13,dividend,0.555,,
EMR,2026-05-15,dividend,0.555,,
EMR,2026-08-14,dividend,0.555,,
EOG,2006-10-13,dividend,0.03,,
EOG,2007-01-12,dividend,0.03,,
EOG,2007-04-12,dividend,0.045,,
EOG,2007-07-13,dividend,0.045,,
EOG,2007-10-15,dividend,0.045,,
EOG,2008-01-15,dividend,0.045,,
EOG,2008-04-14,dividend,0.06,,
EOG,2008-07-15,dividend,0.06,,
EOG,2008-10-15,dividend,0.0675,,
EOG,2009-01-14,dividend,0.0675,,
EOG,2009-04-14,dividend,0.0725,,
EOG,2009-07-15,dividend,0.0725,,
EOG,2009-10-14,dividend,0.0725,,
EOG,2010-01-13,dividend,0.0725,,
EOG,2010-04-14,dividend,0.0775,,
EOG,2010-07-14,dividend,0.0775,,
EOG,2010-10-13,dividend,0.0775,,
EOG,2011-01-12,dividend,0.0775,,
EOG,2011-04-13,dividend,0.08,,
EOG,2011-07-13,dividend,0.08,,
EOG,2011-10-13,dividend,0.08,,
EOG,2012-01-12,dividend,0.08,,
EOG,2012-04-12,dividend,0.085,,
EOG,2012-07-13,dividend,0.085,,
EOG,2012-10-15,dividend,0.085,,
EOG,2013-01-15,dividend,0.085,,
EOG,2013-04-12,dividend,0.094,,
EOG,2013-07-15,dividend,0.094,,
EOG,2013-10-15,dividend,0.094,,
EOG,2014-01-15,dividend,0.094,,
EOG,2014-04-01,split,2.0,2:1,
EOG,2014-04-14,dividend,0.125,,
EOG,2014-07-15,dividend,0.125,,
EOG,2014-10-15,dividend,0.168,,
EOG,2015-01-14,dividend,0.168,,
EOG,2015-04-14,dividend,0.168,,
EOG,2015-07-15,dividend,0.168,,
EOG,2015-10-14,dividend,0.168,,
EOG,2016-01-13,dividend,0.168,,
EOG,2016-04-13,dividend,0.168,,
EOG,2016-07-13,dividend,0.168,,
EOG,2016-10-13,dividend,0.168,,
EOG,2017-01-12,dividend,0.168,,
EOG,2017-04-11,dividend,0.168,,
EOG,2017-07-13,dividend,0.168,,
EOG,2017-10-16,dividend,0.168,,
EOG,2018-01-16,dividend,0.168,,
EOG,2018-04-13,dividend,0.185,,
EOG,2018-07-16,dividend,0.185,,
EOG,2018-10-16,dividend,0.22,,
EOG,2019-01-16,dividend,0.22,,
EOG,2019-04-15,dividend,0.22,,
EOG,2019-07-16,dividend,0.288,,
EOG,2019-10-16,dividend,0.288,,
EOG,2020-01-16,dividend,0.288,,
EOG,2020-04-15,dividend,0.375,,
EOG,2020-07-16,dividend,0.375,,
EOG,2020-10-15,dividend,0.375,,
EOG,2021-01-14,dividend,0.375,,
EOG,2021-04-15,dividend,0.413,,
EOG,2021-07-15,dividend,1.413,,
EOG,2021-10-14,dividend,0.413,,
EOG,2021-12-14,dividend,2.0,,
EOG,2022-01-13,dividend,0.75,,
EOG,2022-03-14,dividend,1.0,,
EOG,2022-04-13,dividend,0.75,,
EOG,2022-06-14,dividend,1.8,,
EOG,2022-07-14,dividend,0.75,,
EOG,2022-09-14,dividend,1.5,,
EOG,2022-10-14,dividend,0.75,,
EOG,2022-12-14,dividend,1.5,,
EOG,2023-01-13,dividend,0.825,,
EOG,2023-03-15,dividend,1.0,,
EOG,2023-04-13,dividend,0.825,,
EOG,2023-07-14,dividend,0.825,,
EOG,2023-10-16,dividend,0.825,,
EOG,2023-12-14,dividend,1.5,,
EOG,2024-01-16,dividend,0.91,,
EOG,2024-04-15,dividend,0.91,,
EOG,2024-07-17,dividend,0.91,,
EOG,2024-10-17,dividend,0.91,,
EOG,2025-01-17,dividend,0.975,,
EOG,2025-04-16,dividend,0.975,,
EOG,2025-07-17,dividend,0.975,,
EOG,2025-10-17,dividend,1.02,,
EOG,2026-01-16,dividend,1.02,,
EOG,2026-04-16,dividend,1.02,,
EOG,2026-07-17,dividend,1.02,,
EQIX,2014-10-23,dividend,7.57,,
EQIX,2015-03-09,dividend,1.69,,
EQIX,2015-05-22,dividend,1.69,,
EQIX,2015-08-24,dividend,1.69,,
EQIX,2015-10-06,dividend,10.95,,
EQIX,2015-12-07,dividend,1.69,,
EQIX,2016-03-07,dividend,1.75,,
EQIX,2016-05-23,dividend,1.75,,
EQIX,2016-08-22,dividend,1.75,,
EQIX,2016-11-14,dividend,1.75,,
EQIX,2017-02-23,dividend,2.0,,
EQIX,2017-05-22,dividend,2.0,,
EQIX,2017-08-21,dividend,2.0,,
EQIX,2017-11-14,dividend,2.0,,
EQIX,2018-02-23,dividend,2.28,,
EQIX,2018-05-22,dividend,2.28,,
EQIX,2018-08-21,dividend,2.28,,
EQIX,2018-11-13,dividend,2.28,,
EQIX,2019-02-26,dividend,2.46,,
EQIX,2019-05-21,dividend,2.46,,
EQIX,2019-08-20,dividend,2.46,,
EQIX,2019-11-19,dividend,2.46,,
EQIX,2020-02-25,dividend,2.66,,
EQIX,2020-05-19,dividend,2.66,,
EQIX,2020-08-18,dividend,2.66,,
EQIX,2020-11-17,dividend,2.66,,
EQIX,2021-02-23,dividend,2.87,,
EQIX,2021-05-18,dividend,2.87,,
EQIX,2021-08-17,dividend,2.87,,
EQIX,2021-11-16,dividend,2.87,,
EQIX,2022-03-04,dividend,3.1,,
EQIX,2022-05-17,dividend,3.1,,
EQIX,2022-08-16,dividend,3.1,,
EQIX,2022-11-15,dividend,3.1,,
EQIX,2023-03-06,dividend,3.41,,
EQIX,2023-05-23,dividend,3.41,,
EQIX,2023-08-22,dividend,3.41,,
EQIX,2023-11-14,dividend,4.26,,
EQIX,2024-02-27,dividend,4.26,,
EQIX,2024-05-21,dividend,4.26,,
EQIX,2024-08-21,dividend,4.26,,
EQIX,2024-11-13,dividend,4.26,,
EQIX,2025-02-26,dividend,4.69,,
EQIX,2025-05-21,dividend,4.69,,
EQIX,2025-08-20,dividend,4.69,,
EQIX,2025-11-19,dividend,4.69,,
EQIX,2026-02-25,dividend,5.16,,
EQIX,2026-05-20,dividend,5.16,,
EQIX,2026-08-19,dividend,5.16,,
ETN,2006-11-02,dividend,0.195,,
ETN,2007-02-01,dividend,0.215,,
ETN,2007-05-03,dividend,0.215,,
ETN,2007-08-02,dividend,0.215,,
ETN,2007-11-01,dividend,0.215,,
ETN,2008-01-31,dividend,0.25,,
ETN,2008-05-01,dividend,0.25,,
ETN,2008-07-31,dividend,0.25,,
ETN,2008-10-30,dividend,0.25,,
ETN,2009-02-05,dividend,0.25,,
ETN,2009-04-30,dividend,0.25,,
ETN,2009-07-30,dividend,0.25,,
ETN,2009-11-05,dividend,0.25,,
ETN,2010-02-04,dividend,0.25,,
ETN,2010-05-06,dividend,0.25,,
ETN,2010-08-05,dividend,0.29,,
ETN,2010-11-04,dividend,0.29,,
ETN,2011-02-03,dividend,0.34,,
ETN,2011-03-01,split,2.0,2:1,
ETN,2011-05-05,dividend,0.34,,
ETN,2011-08-04,dividend,0.34,,
ETN,2011-11-03,dividend,0.34,,
ETN,2012-02-02,dividend,0.38,,
ETN,2012-05-03,dividend,0.38,,
ETN,2012-08-02,dividend,0.38,,
ETN,2012-10-04,dividend,0.38,,
ETN,2013-03-07,dividend,0.42,,
ETN,2013-05-02,dividend,0.42,,
ETN,2013-08-01,dividend,0.42,,
ETN,2013-10-31,dividend,0.42,,
ETN,2014-03-06,dividend,0.49,,
ETN,2014-05-01,dividend,0.49,,
ETN,2014-07-31,dividend,0.49,,
ETN,2014-11-12,dividend,0.49,,
ETN,2015-03-05,dividend,0.55,,
ETN,2015-04-30,dividend,0.55,,
ETN,2015-07-30,dividend,0.55,,
ETN,2015-11-05,dividend,0.55,,
ETN,2016-03-03,dividend,0.57,,
ETN,2016-05-04,dividend,0.57,,
ETN,2016-08-03,dividend,0.57,,
ETN,2016-11-03,dividend,0.57,,
ETN,2017-03-02,dividend,0.6,,
ETN,2017-05-03,dividend,0.6,,
ETN,2017-08-02,dividend,0.6,,
ETN,2017-11-02,dividend,0.6,,
ETN,2018-03-09,dividend,0.66,,
ETN,2018-05-03,dividend,0.66,,
ETN,2019-03-07,dividend,0.71,,
ETN,2019-05-02,dividend,0.71,,
ETN,2019-08-01,dividend,0.71,,
ETN,2019-10-31,dividend,0.71,,
ETN,2020-03-12,dividend,0.73,,
ETN,2020-05-13,dividend,0.073,,
ETN,2020-08-13,dividend,0.73,,
ETN,2020-11-05,dividend,0.73,,
ETN,2021-03-15,dividend,0.76,,
ETN,2021-05-13,dividend,0.76,,
ETN,2021-08-12,dividend,0.76,,
ETN,2021-11-10,dividend,0.76,,
ETN,2022-03-10,dividend,0.81,,
ETN,2022-05-12,dividend,0.81,,
ETN,2022-08-11,dividend,0.81,,
ETN,2022-11-09,dividend,0.81,,
ETN,2023-03-03,dividend,0.86,,
ETN,2023-05-05,dividend,0.86,,
ETN,2023-08-04,dividend,0.86,,
ETN,2023-11-03,dividend,0.86,,
ETN,2024-03-08,dividend,0.94,,
ETN,2024-05-03,dividend,0.94,,
ETN,2024-08-05,dividend,0.94,,
ETN,2024-11-04,dividend,0.94,,
ETN,2025-03-10,dividend,1.04,,
ETN,2025-05-05,dividend,1.04,,
ETN,2025-08-07,dividend,1.04,,
ETN,2025-11-05,dividend,1.04,,
ETN,2026-03-10,dividend,1.1,,
ETN,2026-05-08,dividend,1.1,,
ETN,2026-08-07,dividend,1.1,,
F,2012-01-27,dividend,0.05,,
F,2012-04-30,dividend,0.05,,
F,2012-08-01,dividend,0.05,,
F,2012-10-31,dividend,0.05,,
F,2013-01-28,dividend,0.1,,
F,2013-05-01,dividend,0.1,,
F,2013-07-31,dividend,0.1,,
F,2013-10-30,dividend,0.1,,
F,2014-01-29,dividend,0.125,,
F,2014-04-30,dividend,0.125,,
F,2014-07-30,dividend,0.125,,
F,2014-10-29,dividend,0.125,,
F,2015-01-28,dividend,0.15,,
F,2015-04-29,dividend,0.15,,
F,2015-07-29,dividend,0.15,,
F,2015-10-28,dividend,0.15,,
F,2016-01-27,dividend,0.4,,
F,2016-04-27,dividend,0.15,,
F,2016-07-26,dividend,0.15,,
F,2016-10-25,dividend,0.15,,
F,2017-01-18,dividend,0.2,,
F,2017-04-18,dividend,0.15,,
F,2017-07-20,dividend,0.15,,
F,2017-10-20,dividend,0.15,,
F,2018-01-29,dividend,0.28,,
F,2018-04-19,dividend,0.15,,
F,2018-07-20,dividend,0.15,,
F,2018-10-22,dividend,0.15,,
F,2019-01-30,dividend,0.15,,
F,2019-04-23,dividend,0.15,,
F,2019-07-22,dividend,0.15,,
F,2019-10-21,dividend,0.15,,
F,2020-01-29,dividend,0.15,,
F,2021-11-18,dividend,0.1,,
F,2022-01-28,dividend,0.1,,
F,2022-04-25,dividend,0.1,,
F,2022-08-10,dividend,0.15,,
F,2022-11-14,dividend,0.15,,
F,2023-02-10,dividend,0.8,,
F,2023-04-25,dividend,0.15,,
F,2023-07-24,dividend,0.15,,
F,2023-10-31,dividend,0.15,,
F,2024-02-15,dividend,0.33,,
F,2024-05-07,dividend,0.15,,
F,2024-08-07,dividend,0.15,,
F,2024-11-07,dividend,0.15,,
F,2025-02-18,dividend,0.3,,
F,2025-05-12,dividend,0.15,,
F,2025-08-11,dividend,0.15,,
F,2025-11-07,dividend,0.15,,
F,2026-02-13,dividend,0.15,,
F,2026-05-12,dividend,0.15,,
F,2026-08-11,dividend,0.15,,
FAST,2007-02-22,dividend,0.02625,,
FAST,2007-08-16,dividend,0.02875,,
FAST,2008-02-21,dividend,0.03125,,
FAST,2008-08-14,dividend,0.03375,,
FAST,2008-12-03,dividend,0.03375,,
FAST,2009-02-11,dividend,0.04375,,
FAST,2009-08-13,dividend,0.04625,,
FAST,2010-02-10,dividend,0.05,,
FAST,2010-08-18,dividend,0.0525,,
FAST,2010-11-22,dividend,0.0525,,
FAST,2011-02-11,dividend,0.0625,,
FAST,2011-04-13,dividend,0.0325,,
FAST,2011-05-23,split,2.0,2:1,
FAST,2011-07-21,dividend,0.0325,,
FAST,2011-10-24,dividend,0.035,,
FAST,2012-01-30,dividend,0.0425,,
FAST,2012-04-30,dividend,0.0425,,
FAST,2012-07-25,dividend,0.0475,,
FAST,2012-10-25,dividend,0.0525,,
FAST,2012-12-05,dividend,0.125,,
FAST,2013-01-30,dividend,0.025,,
FAST,2013-04-30,dividend,0.05,,
FAST,2013-07-24,dividend,0.0625,,
FAST,2013-10-23,dividend,0.0625,,
FAST,2014-01-29,dividend,0.0625,,
FAST,2014-04-23,dividend,0.0625,,
FAST,2014-07-23,dividend,0.0625,,
FAST,2014-10-22,dividend,0.0625,,
FAST,2015-01-28,dividend,0.07,,
FAST,2015-04-24,dividend,0.07,,
FAST,2015-07-24,dividend,0.07,,
FAST,2015-10-23,dividend,0.07,,
FAST,2016-01-27,dividend,0.075,,
FAST,2016-04-22,dividend,0.075,,
FAST,2016-07-22,dividend,0.075,,
FAST,2016-10-21,dividend,0.075,,
FAST,2017-01-30,dividend,0.08,,
FAST,2017-04-24,dividend,0.08,,
FAST,2017-07-24,dividend,0.08,,
FAST,2017-10-24,dividend,0.08,,
FAST,2018-01-30,dividend,0.0925,,
FAST,2018-04-24,dividend,0.0925,,
FAST,2018-07-24,dividend,0.1,,
FAST,2018-10-23,dividend,0.1,,
FAST,2019-01-30,dividend,0.1075,,
FAST,2019-04-23,dividend,0.1075,,
FAST,2019-05-23,split,2.0,2:1,
FAST,2019-07-24,dividend,0.11,,
FAST,2019-10-24,dividend,0.11,,
FAST,2020-01-30,dividend,0.125,,
FAST,2020-04-27,dividend,0.125,,
FAST,2020-07-27,dividend,0.125,,
FAST,2020-10-26,dividend,0.125,,
FAST,2020-12-01,dividend,0.2,,
FAST,2021-02-02,dividend,0.14,,
FAST,2021-04-23,dividend,0.14,,
FAST,2021-07-26,dividend,0.14,,
FAST,2021-10-25,dividend,0.14,,
FAST,2022-02-01,dividend,0.155,,
FAST,2022-04-26,dividend,0.155,,
FAST,2022-07-26,dividend,0.155,,
FAST,2022-10-26,dividend,0.155,,
FAST,2023-02-01,dividend,0.175,,
FAST,2023-04-26,dividend,0.175,,
FAST,2023-07-26,dividend,0.175,,
FAST,2023-10-25,dividend,0.175,,
FAST,2023-12-05,dividend,0.19,,
FAST,2024-01-31,dividend,0.195,,
FAST,2024-04-24,dividend,0.195,,
FAST,2024-07-26,dividend,0.195,,
FAST,2024-10-25,dividend,0.195,,
FAST,2025-01-31,dividend,0.215,,
FAST,2025-04-25,dividend,0.22,,
FAST,2025-05-22,split,2.0,2:1,
FAST,2025-07-29,dividend,0.22,,
FAST,2025-10-28,dividend,0.22,,
FAST,2026-01-29,dividend,0.24,,
FAST,2026-04-28,dividend,0.24,,
FAST,2026-07-28,dividend,0.26,,
FDX,2006-12-08,dividend,0.072522,,
FDX,2007-03-08,dividend,0.072522,,
FDX,2007-06-07,dividend,0.08058,,
FDX,2007-09-06,dividend,0.08058,,
FDX,2007-12-10,dividend,0.08058,,
FDX,2008-03-07,dividend,0.08058,,
FDX,2008-06-11,dividend,0.088638,,
FDX,2008-09-08,dividend,0.088638,,
FDX,2008-12-10,dividend,0.088638,,
FDX,2009-03-09,dividend,0.088638,,
FDX,2009-06-16,dividend,0.088638,,
FDX,2009-09-08,dividend,0.088638,,
FDX,2009-12-10,dividend,0.088638,,
FDX,2010-03-09,dividend,0.088638,,
FDX,2010-06-15,dividend,0.096696,,
FDX,2010-09-08,dividend,0.096696,,
FDX,2010-11-18,dividend,0.096696,,
FDX,2011-03-16,dividend,0.096696,,
FDX,2011-06-15,dividend,0.104754,,
FDX,2011-09-08,dividend,0.104754,,
FDX,2011-12-09,dividend,0.104754,,
FDX,2012-03-08,dividend,0.104754,,
FDX,2012-06-14,dividend,0.112812,,
FDX,2012-09-06,dividend,0.112812,,
FDX,2012-11-19,dividend,0.112812,,
FDX,2013-03-07,dividend,0.112812,,
FDX,2013-06-13,dividend,0.12087,,
FDX,2013-09-06,dividend,0.12087,,
FDX,2013-12-10,dividend,0.12087,,
FDX,2014-03-07,dividend,0.12087,,
FDX,2014-06-17,dividend,0.16116,,
FDX,2014-09-08,dividend,0.16116,,
FDX,2014-12-10,dividend,0.16116,,
FDX,2015-03-09,dividend,0.16116,,
FDX,2015-06-16,dividend,0.20145,,
FDX,2015-09-08,dividend,0.20145,,
FDX,2015-12-10,dividend,0.20145,,
FDX,2016-03-10,dividend,0.20145,,
FDX,2016-06-14,dividend,0.322321,,
FDX,2016-09-08,dividend,0.322321,,
FDX,2016-12-08,dividend,0.322321,,
FDX,2017-03-09,dividend,0.322321,,
FDX,2017-06-20,dividend,0.402901,,
FDX,2017-09-08,dividend,0.402901,,
FDX,2017-12-08,dividend,0.402901,,
FDX,2018-03-09,dividend,0.402901,,
FDX,2018-06-22,dividend,0.523771,,
FDX,2018-09-07,dividend,0.523771,,
FDX,2018-12-07,dividend,0.523771,,
FDX,2019-03-08,dividend,0.523771,,
FDX,2019-06-21,dividend,0.523771,,
FDX,2019-09-06,dividend,0.523771,,
FDX,2019-12-06,dividend,0.523771,,
FDX,2020-03-06,dividend,0.523771,,
FDX,2020-06-26,dividend,0.523771,,
FDX,2020-09-03,dividend,0.523771,,
FDX,2020-12-11,dividend,0.523771,,
FDX,2021-03-05,dividend,0.523771,,
FDX,2021-06-25,dividend,0.604351,,
FDX,2021-09-02,dividend,0.604351,,
FDX,2021-12-10,dividend,0.604351,,
FDX,2022-03-04,dividend,0.604351,,
FDX,2022-06-24,dividend,0.926672,,
FDX,2022-09-01,dividend,0.926672,,
FDX,2022-12-09,dividend,0.926672,,
FDX,2023-03-10,dividend,0.926672,,
FDX,2023-06-09,dividend,1.01531,,
FDX,2023-09-08,dividend,1.01531,,
FDX,2023-12-08,dividend,1.01531,,
FDX,2024-03-08,dividend,1.01531,,
FDX,2024-06-24,dividend,1.112006,,
FDX,2024-09-09,dividend,1.112006,,
FDX,2024-12-09,dividend,1.112006,,
FDX,2025-03-10,dividend,1.112006,,
FDX,2025-06-23,dividend,1.168413,,
FDX,2025-09-08,dividend,1.168413,,
FDX,2025-12-15,dividend,1.168413,,
FDX,2026-03-09,dividend,1.168413,,
FDX,2026-06-01,split,1.241,1241:1000,
FDX,2026-06-22,dividend,1.22,,
FDX,2026-09-14,dividend,1.22,,
GD,2006-10-04,dividend,0.23,,
GD,2007-01-17,dividend,0.23,,
GD,2007-04-11,dividend,0.29,,
GD,2007-07-03,dividend,0.29,,
GD,2007-10-03,dividend,0.29,,
GD,2008-01-16,dividend,0.29,,
GD,2008-04-09,dividend,0.35,,
GD,2008-07-01,dividend,0.35,,
GD,2008-10-08,dividend,0.35,,
GD,2009-01-14,dividend,0.35,,
GD,2009-04-07,dividend,0.38,,
GD,2009-06-30,dividend,0.38,,
GD,2009-10-07,dividend,0.38,,
GD,2010-01-13,dividend,0.38,,
GD,2010-04-07,dividend,0.42,,
GD,2010-06-30,dividend,0.42,,
GD,2010-10-06,dividend,0.42,,
GD,2011-01-12,dividend,0.42,,
GD,2011-04-06,dividend,0.47,,
GD,2011-06-29,dividend,0.47,,
GD,2011-10-05,dividend,0.47,,
GD,2012-01-18,dividend,0.47,,
GD,2012-04-11,dividend,0.51,,
GD,2012-07-03,dividend,0.51,,
GD,2012-10-03,dividend,0.51,,
GD,2012-12-14,dividend,0.51,,
GD,2013-04-10,dividend,0.56,,
GD,2013-07-02,dividend,0.56,,
GD,2013-10-09,dividend,0.56,,
GD,2014-01-15,dividend,0.56,,
GD,2014-04-09,dividend,0.62,,
GD,2014-07-01,dividend,0.62,,
GD,2014-10-08,dividend,0.62,,
GD,2015-01-14,dividend,0.62,,
GD,2015-04-08,dividend,0.69,,
GD,2015-06-30,dividend,0.69,,
GD,2015-10-07,dividend,0.69,,
GD,2016-01-13,dividend,0.69,,
GD,2016-04-06,dividend,0.76,,
GD,2016-06-29,dividend,0.76,,
GD,2016-10-05,dividend,0.76,,
GD,2017-01-18,dividend,0.76,,
GD,2017-04-05,dividend,0.84,,
GD,2017-07-05,dividend,0.84,,
GD,2017-10-05,dividend,0.84,,
GD,2018-01-18,dividend,0.84,,
GD,2018-04-12,dividend,0.93,,
GD,2018-07-05,dividend,0.93,,
GD,2018-10-04,dividend,0.93,,
GD,2019-01-17,dividend,0.93,,
GD,2019-04-11,dividend,1.02,,
GD,2019-07-03,dividend,1.02,,
GD,2019-10-10,dividend,1.02,,
GD,2020-01-16,dividend,1.02,,
GD,2020-04-08,dividend,1.1,,
GD,2020-07-01,dividend,1.1,,
GD,2020-10-08,dividend,1.1,,
GD,2021-01-14,dividend,1.1,,
GD,2021-04-08,dividend,1.19,,
GD,2021-07-01,dividend,1.19,,
GD,2021-10-07,dividend,1.19,,
GD,2022-01-13,dividend,1.19,,
GD,2022-04-07,dividend,1.26,,
GD,2022-06-30,dividend,1.26,,
GD,2022-10-06,dividend,1.26,,
GD,2023-01-19,dividend,1.26,,
GD,2023-04-13,dividend,1.32,,
GD,2023-07-06,dividend,1.32,,
GD,2023-10-05,dividend,1.32,,
GD,2024-01-18,dividend,1.32,,
GD,2024-04-11,dividend,1.42,,
GD,2024-07-05,dividend,1.42,,
GD,2024-10-11,dividend,1.42,,
GD,2025-01-17,dividend,1.42,,
GD,2025-04-11,dividend,1.5,,
GD,2025-07-03,dividend,1.5,,
GD,2025-10-10,dividend,1.5,,
GD,2026-01-16,dividend,1.5,,
GD,2026-04-10,dividend,1.59,,
GD,2026-07-02,dividend,1.59,,
GE,2006-09-21,dividend,1.198109,,
GE,2006-12-21,dividend,1.341882,,
GE,2007-02-22,dividend,1.341882,,
GE,2007-06-21,dividend,1.341882,,
GE,2007-09-20,dividend,1.341882,,
GE,2007-12-20,dividend,1.485656,,
GE,2008-02-21,dividend,1.485656,,
GE,2008-06-19,dividend,1.485656,,
GE,2008-09-18,dividend,1.485656,,
GE,2008-12-24,dividend,1.485656,,
GE,2009-02-19,dividend,1.485656,,
GE,2009-06-18,dividend,0.479244,,
GE,2009-09-17,dividend,0.479244,,
GE,2009-12-23,dividend,0.479244,,
GE,2010-02-25,dividend,0.479244,,
GE,2010-06-17,dividend,0.479244,,
GE,2010-09-16,dividend,0.575092,,
GE,2010-12-22,dividend,0.670941,,
GE,2011-02-24,dividend,0.670941,,
GE,2011-06-16,dividend,0.718866,,
GE,2011-09-15,dividend,0.718866,,
GE,2011-12-22,dividend,0.814714,,
GE,2012-02-23,dividend,0.814714,,
GE,2012-06-15,dividend,0.263584,,
GE,2012-06-21,dividend,0.814714,,
GE,2012-09-20,dividend,0.814714,,
GE,2012-12-20,dividend,0.910563,,
GE,2013-02-21,dividend,0.910563,,
GE,2013-06-20,dividend,0.910563,,
GE,2013-09-19,dividend,0.910563,,
GE,2013-12-19,dividend,1.054336,,
GE,2014-02-20,dividend,1.054336,,
GE,2014-06-19,dividend,1.054336,,
GE,2014-09-18,dividend,1.054336,,
GE,2014-12-18,dividend,1.102261,,
GE,2015-02-19,dividend,1.102261,,
GE,2015-06-18,dividend,1.102261,,
GE,2015-09-17,dividend,1.102261,,
GE,2015-12-17,dividend,1.102261,,
GE,2016-02-25,dividend,1.102261,,
GE,2016-06-16,dividend,1.102261,,
GE,2016-09-15,dividend,1.102261,,
GE,2016-12-22,dividend,1.150185,,
GE,2017-02-23,dividend,1.150185,,
GE,2017-06-15,dividend,1.150185,,
GE,2017-09-15,dividend,1.150185,,
GE,2017-12-26,dividend,0.575092,,
GE,2018-02-23,dividend,0.575092,,
GE,2018-06-15,dividend,0.575092,,
GE,2018-09-14,dividend,0.575092,,
GE,2018-12-19,dividend,0.047924,,
GE,2019-02-26,split,1.04,104:100,
GE,2019-03-08,dividend,0.049841,,
GE,2019-06-28,dividend,0.049841,,
GE,2019-09-13,dividend,0.049841,,
GE,2019-12-20,dividend,0.049841,,
GE,2020-03-06,dividend,0.049841,,
GE,2020-06-26,dividend,0.049841,,
GE,2020-09-25,dividend,0.049841,,
GE,2020-12-18,dividend,0.049841,,
GE,2021-03-05,dividend,0.049841,,
GE,2021-06-25,dividend,0.049841,,
GE,2021-08-02,split,0.125,1:8,
GE,2021-09-24,dividend,0.049841,,
GE,2021-12-20,dividend,0.049841,,
GE,2022-03-07,dividend,0.049841,,
GE,2022-06-27,dividend,0.049841,,
GE,2022-09-26,dividend,0.049841,,
GE,2022-12-14,dividend,0.049841,,
GE,2023-01-04,split,1.281,1281:1000,
GE,2023-03-06,dividend,0.063847,,
GE,2023-07-10,dividend,0.063847,,
GE,2023-09-25,dividend,0.063847,,
GE,2023-12-27,dividend,0.063847,,
GE,2024-04-02,split,1.253,1253:1000,
GE,2024-04-12,dividend,0.28,,
GE,2024-07-11,dividend,0.28,,
GE,2024-09-26,dividend,0.28,,
GE,2024-12-27,dividend,0.28,,
GE,2025-03-10,dividend,0.36,,
GE,2025-07-07,dividend,0.36,,
GE,2025-09-29,dividend,0.36,,
GE,2025-12-29,dividend,0.36,,
GE,2026-03-09,dividend,0.47,,
GE,2026-07-06,dividend,0.47,,
GEHC,2023-05-22,dividend,0.03,,
GEHC,2023-07-20,dividend,0.03,,
GEHC,2023-10-19,dividend,0.03,,
GEHC,2024-01-12,dividend,0.03,,
GEHC,2024-04-18,dividend,0.03,,
GEHC,2024-07-19,dividend,0.03,,
GEHC,2024-10-18,dividend,0.03,,
GEHC,2025-01-14,dividend,0.035,,
GEHC,2025-04-25,dividend,0.035,,
GEHC,2025-07-25,dividend,0.035,,
GEHC,2025-10-24,dividend,0.035,,
GEHC,2026-01-09,dividend,0.035,,
GEHC,2026-04-02,dividend,0.035,,
GEHC,2026-07-24,dividend,0.035,,
GEV,2024-12-20,dividend,0.25,,
GEV,2025-04-17,dividend,0.25,,
GEV,2025-07-21,dividend,0.25,,
GEV,2025-10-20,dividend,0.25,,
GEV,2026-01-05,dividend,0.5,,
GEV,2026-03-17,dividend,0.5,,
GEV,2026-06-16,dividend,0.5,,
GILD,2007-06-25,split,2.0,2:1,
GILD,2013-01-28,split,2.0,2:1,
GILD,2015-06-12,dividend,0.43,,
GILD,2015-09-14,dividend,0.43,,
GILD,2015-12-14,dividend,0.43,,
GILD,2016-03-14,dividend,0.43,,
GILD,2016-06-14,dividend,0.47,,
GILD,2016-09-14,dividend,0.47,,
GILD,2016-12-13,dividend,0.47,,
GILD,2017-03-14,dividend,0.52,,
GILD,2017-06-14,dividend,0.52,,
GILD,2017-09-14,dividend,0.52,,
GILD,2017-12-14,dividend,0.52,,
GILD,2018-03-15,dividend,0.57,,
GILD,2018-06-14,dividend,0.57,,
GILD,2018-09-13,dividend,0.57,,
GILD,2018-12-13,dividend,0.57,,
GILD,2019-03-14,dividend,0.63,,
GILD,2019-06-13,dividend,0.63,,
GILD,2019-09-12,dividend,0.63,,
GILD,2019-12-12,dividend,0.63,,
GILD,2020-03-12,dividend,0.68,,
GILD,2020-06-11,dividend,0.68,,
GILD,2020-09-14,dividend,0.68,,
GILD,2020-12-14,dividend,0.68,,
GILD,2021-03-12,dividend,0.71,,
GILD,2021-06-14,dividend,0.71,,
GILD,2021-09-14,dividend,0.71,,
GILD,2021-12-14,dividend,0.71,,
GILD,2022-03-14,dividend,0.73,,
GILD,2022-06-14,dividend,0.73,,
GILD,2022-09-14,dividend,0.73,,
GILD,2022-12-14,dividend,0.73,,
GILD,2023-03-14,dividend,0.75,,
GILD,2023-06-14,dividend,0.75,,
GILD,2023-09-14,dividend,0.75,,
GILD,2023-12-14,dividend,0.75,,
GILD,2024-03-14,dividend,0.77,,
GILD,2024-06-14,dividend,0.77,,
GILD,2024-09-13,dividend,0.77,,
GILD,2024-12-13,dividend,0.77,,
GILD,2025-03-14,dividend,0.79,,
GILD,2025-06-13,dividend,0.79,,
GILD,2025-09-15,dividend,0.79,,
GILD,2025-12-15,dividend,0.79,,
GILD,2026-03-13,dividend,0.82,,
GILD,2026-06-15,dividend,0.82,,
GILD,2026-09-15,dividend,0.82,,
GLEN.L,2011-09-07,dividend,3.74455,,
GLEN.L,2012-05-16,dividend,7.4891,,
GLEN.L,2012-08-29,dividend,4.044114,,
GLEN.L,2013-05-22,dividend,7.751219,,
GLEN.L,2013-08-28,dividend,4.044114,,
GLEN.L,2014-05-14,dividend,8.3129015,,
GLEN.L,2014-09-03,dividend,4.49346,,
GLEN.L,2015-04-23,dividend,8.98692,,
GLEN.L,2015-09-10,dividend,4.49346,,
GLEN.L,2017-05-11,dividend,2.621185,,
GLEN.L,2017-09-07,dividend,2.621185,,
GLEN.L,2018-04-26,dividend,7.3535004,,
GLEN.L,2018-09-06,dividend,7.6787004,,
GLEN.L,2019-04-25,dividend,7.4891,,
GLEN.L,2019-09-05,dividend,8.1004,,
GLEN.L,2021-04-22,dividend,4.3023,,
GLEN.L,2021-09-02,dividend,7.4891,,
GLEN.L,2022-04-21,dividend,10.4502,,
GLEN.L,2022-09-01,dividend,20.8895,,
GLEN.L,2023-05-04,dividend,17.6409,,
GLEN.L,2023-08-31,dividend,24.043999,,
GLEN.L,2024-05-02,dividend,5.1946,,
GLEN.L,2024-08-29,dividend,4.94,,
GLEN.L,2025-05-01,dividend,3.7566,,
GLEN.L,2025-08-28,dividend,3.7241,,
GLEN.L,2026-05-07,dividend,6.2895,,
GLEN.L,2026-08-27,dividend,6.2752,,
GM,2014-03-14,dividend,0.3,,
GM,2014-06-06,dividend,0.3,,
GM,2014-09-08,dividend,0.3,,
GM,2014-12-08,dividend,0.3,,
GM,2015-03-09,dividend,0.3,,
GM,2015-06-08,dividend,0.36,,
GM,2015-09-10,dividend,0.36,,
GM,2015-12-16,dividend,0.36,,
GM,2016-03-09,dividend,0.38,,
GM,2016-06-08,dividend,0.38,,
GM,2016-09-07,dividend,0.38,,
GM,2016-12-05,dividend,0.38,,
GM,2017-03-08,dividend,0.38,,
GM,2017-06-07,dividend,0.38,,
GM,2017-09-07,dividend,0.38,,
GM,2017-12-07,dividend,0.38,,
GM,2018-03-08,dividend,0.38,,
GM,2018-06-07,dividend,0.38,,
GM,2018-09-06,dividend,0.38,,
GM,2018-12-06,dividend,0.38,,
GM,2019-03-07,dividend,0.38,,
GM,2019-06-06,dividend,0.38,,
GM,2019-09-05,dividend,0.38,,
GM,2019-12-05,dividend,0.38,,
GM,2020-03-05,dividend,0.38,,
GM,2022-08-30,dividend,0.09,,
GM,2022-12-01,dividend,0.09,,
GM,2023-03-02,dividend,0.09,,
GM,2023-06-01,dividend,0.09,,
GM,2023-08-31,dividend,0.09,,
GM,2023-11-30,dividend,0.09,,
GM,2024-02-29,dividend,0.12,,
GM,2024-06-07,dividend,0.12,,
GM,2024-09-06,dividend,0.12,,
GM,2024-12-06,dividend,0.12,,
GM,2025-03-07,dividend,0.12,,
GM,2025-06-06,dividend,0.15,,
GM,2025-09-05,dividend,0.15,,
GM,2025-12-05,dividend,0.15,,
GM,2026-03-06,dividend,0.18,,
GM,2026-06-05,dividend,0.18,,
GM,2026-09-04,dividend,0.18,,
GOOGL,2014-04-03,split,1.998,1998:1000,
GOOGL,2022-07-18,split,20.0,20:1,
GOOGL,2024-06-10,dividend,0.2,,
GOOGL,2024-09-09,dividend,0.2,,
GOOGL,2024-12-09,dividend,0.2,,
GOOGL,2025-03-10,dividend,0.2,,
GOOGL,2025-06-09,dividend,0.21,,
GOOGL,2025-09-08,dividend,0.21,,
GOOGL,2025-12-08,dividend,0.21,,
GOOGL,2026-03-09,dividend,0.21,,
GOOGL,2026-06-08,dividend,0.22,,
GOOGL,2026-09-04,dividend,0.22,,
GS,2006-10-19,dividend,0.35,,
GS,2007-01-19,dividend,0.35,,
GS,2007-04-20,dividend,0.35,,
GS,2007-07-27,dividend,0.35,,
GS,2007-10-25,dividend,0.35,,
GS,2008-01-25,dividend,0.35,,
GS,2008-04-25,dividend,0.35,,
GS,2008-07-25,dividend,0.35,,
GS,2008-10-23,dividend,0.35,,
GS,2009-02-20,dividend,0.467,,
GS,2009-05-21,dividend,0.35,,
GS,2009-08-21,dividend,0.35,,
GS,2009-11-30,dividend,0.35,,
GS,2010-02-26,dividend,0.35,,
GS,2010-05-27,dividend,0.35,,
GS,2010-08-30,dividend,0.35,,
GS,2010-11-30,dividend,0.35,,
GS,2011-02-28,dividend,0.35,,
GS,2011-05-27,dividend,0.35,,
GS,2011-08-30,dividend,0.35,,
GS,2011-11-29,dividend,0.35,,
GS,2012-02-28,dividend,0.35,,
GS,2012-05-29,dividend,0.46,,
GS,2012-08-28,dividend,0.46,,
GS,2012-11-28,dividend,0.5,,
GS,2013-02-26,dividend,0.5,,
GS,2013-05-28,dividend,0.5,,
GS,2013-08-28,dividend,0.5,,
GS,2013-11-27,dividend,0.55,,
GS,2014-02-26,dividend,0.55,,
GS,2014-05-28,dividend,0.55,,
GS,2014-08-27,dividend,0.55,,
GS,2014-11-28,dividend,0.6,,
GS,2015-02-26,dividend,0.6,,
GS,2015-05-28,dividend,0.65,,
GS,2015-08-28,dividend,0.65,,
GS,2015-11-30,dividend,0.65,,
GS,2016-02-29,dividend,0.65,,
GS,2016-05-27,dividend,0.65,,
GS,2016-08-30,dividend,0.65,,
GS,2016-11-29,dividend,0.65,,
GS,2017-02-28,dividend,0.65,,
GS,2017-05-30,dividend,0.75,,
GS,2017-08-29,dividend,0.75,,
GS,2017-11-29,dividend,0.75,,
GS,2018-02-28,dividend,0.75,,
GS,2018-05-30,dividend,0.8,,
GS,2018-08-29,dividend,0.8,,
GS,2018-11-29,dividend,0.8,,
GS,2019-02-27,dividend,0.8,,
GS,2019-05-29,dividend,0.85,,
GS,2019-08-29,dividend,1.25,,
GS,2019-11-29,dividend,1.25,,
GS,2020-02-28,dividend,1.25,,
GS,2020-05-29,dividend,1.25,,
GS,2020-08-31,dividend,1.25,,
GS,2020-12-01,dividend,1.25,,
GS,2021-03-01,dividend,1.25,,
GS,2021-05-28,dividend,1.25,,
GS,2021-08-31,dividend,2.0,,
GS,2021-12-01,dividend,2.0,,
GS,2022-03-01,dividend,2.0,,
GS,2022-05-31,dividend,2.0,,
GS,2022-08-31,dividend,2.5,,
GS,2022-11-30,dividend,2.5,,
GS,2023-03-01,dividend,2.5,,
GS,2023-05-31,dividend,2.5,,
GS,2023-08-30,dividend,2.75,,
GS,2023-11-29,dividend,2.75,,
GS,2024-02-28,dividend,2.75,,
GS,2024-05-30,dividend,2.75,,
GS,2024-08-30,dividend,3.0,,
GS,2024-12-02,dividend,3.0,,
GS,2025-02-28,dividend,3.0,,
GS,2025-05-30,dividend,3.0,,
GS,2025-08-29,dividend,4.0,,
GS,2025-12-02,dividend,4.0,,
GS,2026-03-02,dividend,4.5,,
GS,2026-06-01,dividend,4.5,,
GS,2026-09-01,dividend,5.0,,
GSK.L,2006-11-01,dividend,16.6667,,
GSK.L,2007-02-14,dividend,17.5,,
GSK.L,2007-05-02,dividend,15.000001,,
GSK.L,2007-08-01,dividend,15.000001,,
GSK.L,2007-10-31,dividend,16.25,,
GSK.L,2008-02-13,dividend,20.0,,
GSK.L,2008-04-30,dividend,16.25,,
GSK.L,2008-07-30,dividend,16.25,,
GSK.L,2008-10-29,dividend,17.5,,
GSK.L,2009-02-11,dividend,21.25,,
GSK.L,2009-04-29,dividend,17.5,,
GSK.L,2009-07-29,dividend,17.5,,
GSK.L,2009-11-04,dividend,18.75,,
GSK.L,2010-02-10,dividend,22.5,,
GSK.L,2010-05-05,dividend,18.75,,
GSK.L,2010-07-28,dividend,18.75,,
GSK.L,2010-10-27,dividend,20.0,,
GSK.L,2011-02-09,dividend,23.75,,
GSK.L,2011-05-04,dividend,20.0,,
GSK.L,2011-08-03,dividend,20.0,,
GSK.L,2011-11-02,dividend,21.25,,
GSK.L,2012-02-15,dividend,32.5,,
GSK.L,2012-05-09,dividend,23.6111,,
GSK.L,2012-08-08,dividend,23.6111,,
GSK.L,2012-11-14,dividend,25.0,,
GSK.L,2013-02-20,dividend,30.5556,,
GSK.L,2013-05-08,dividend,25.0,,
GSK.L,2013-08-07,dividend,25.0,,
GSK.L,2013-11-13,dividend,26.3889,,
GSK.L,2014-02-19,dividend,31.944502,,
GSK.L,2014-05-14,dividend,26.3889,,
GSK.L,2014-08-06,dividend,26.3889,,
GSK.L,2014-11-06,dividend,26.3889,,
GSK.L,2015-02-19,dividend,31.944502,,
GSK.L,2015-05-14,dividend,26.3889,,
GSK.L,2015-08-13,dividend,26.3889,,
GSK.L,2015-11-12,dividend,26.3889,,
GSK.L,2016-02-18,dividend,53.750004,,
GSK.L,2016-05-12,dividend,23.75,,
GSK.L,2016-08-11,dividend,23.75,,
GSK.L,2016-11-03,dividend,23.75,,
GSK.L,2017-02-23,dividend,28.75,,
GSK.L,2017-05-11,dividend,23.75,,
GSK.L,2017-08-10,dividend,23.75,,
GSK.L,2017-11-09,dividend,23.75,,
GSK.L,2018-02-22,dividend,28.75,,
GSK.L,2018-05-10,dividend,23.75,,
GSK.L,2018-08-09,dividend,23.75,,
GSK.L,2018-11-15,dividend,23.75,,
GSK.L,2019-02-21,dividend,28.75,,
GSK.L,2019-05-16,dividend,23.75,,
GSK.L,2019-08-08,dividend,23.75,,
GSK.L,2019-11-14,dividend,23.75,,
GSK.L,2020-02-20,dividend,28.75,,
GSK.L,2020-05-14,dividend,23.75,,
GSK.L,2020-08-13,dividend,23.75,,
GSK.L,2020-11-12,dividend,23.75,,
GSK.L,2021-02-18,dividend,28.75,,
GSK.L,2021-05-20,dividend,23.75,,
GSK.L,2021-08-19,dividend,23.75,,
GSK.L,2021-11-18,dividend,23.75,,
GSK.L,2022-02-24,dividend,28.75,,
GSK.L,2022-05-19,dividend,17.5,,
GSK.L,2022-07-19,split,0.8,4:5,
GSK.L,2022-08-18,dividend,16.25,,
GSK.L,2022-11-17,dividend,13.75,,
GSK.L,2023-02-23,dividend,13.75,,
GSK.L,2023-05-18,dividend,14.0,,
GSK.L,2023-08-17,dividend,14.0,,
GSK.L,2023-11-16,dividend,14.0,,
GSK.L,2024-02-22,dividend,16.0,,
GSK.L,2024-05-16,dividend,15.000001,,
GSK.L,2024-08-15,dividend,15.000001,,
GSK.L,2024-11-14,dividend,15.000001,,
GSK.L,2025-02-20,dividend,16.0,,
GSK.L,2025-05-15,dividend,16.0,,
GSK.L,2025-08-14,dividend,16.0,,
GSK.L,2025-11-13,dividend,16.0,,
GSK.L,2026-02-19,dividend,18.0,,
GSK.L,2026-05-14,dividend,17.0,,
GSK.L,2026-08-13,dividend,17.0,,
HCA,2012-02-14,dividend,2.0,,
HCA,2012-10-31,dividend,2.5,,
HCA,2012-12-13,dividend,2.0,,
HCA,2018-02-28,dividend,0.35,,
HCA,2018-05-31,dividend,0.35,,
HCA,2018-08-31,dividend,0.35,,
HCA,2018-11-30,dividend,0.35,,
HCA,2019-02-28,dividend,0.4,,
HCA,2019-05-31,dividend,0.4,,
HCA,2019-08-30,dividend,0.4,,
HCA,2019-11-29,dividend,0.4,,
HCA,2020-02-28,dividend,0.43,,
HCA,2020-10-29,dividend,0.072,,
HCA,2020-12-24,dividend,0.268,,
HCA,2021-03-16,dividend,0.48,,
HCA,2021-06-15,dividend,0.48,,
HCA,2021-09-15,dividend,0.48,,
HCA,2021-12-13,dividend,0.48,,
HCA,2022-03-16,dividend,0.56,,
HCA,2022-06-15,dividend,0.56,,
HCA,2022-09-15,dividend,0.56,,
HCA,2022-12-13,dividend,0.56,,
HCA,2023-03-16,dividend,0.6,,
HCA,2023-06-15,dividend,0.6,,
HCA,2023-09-14,dividend,0.6,,
HCA,2023-12-13,dividend,0.6,,
HCA,2024-03-14,dividend,0.66,,
HCA,2024-06-14,dividend,0.66,,
HCA,2024-09-16,dividend,0.66,,
HCA,2024-12-13,dividend,0.66,,
HCA,2025-03-17,dividend,0.72,,
HCA,2025-06-16,dividend,0.72,,
HCA,2025-09-16,dividend,0.72,,
HCA,2025-12-15,dividend,0.72,,
HCA,2026-03-17,dividend,0.78,,
HCA,2026-06-16,dividend,0.78,,
HCA,2026-09-16,dividend,0.78,,
HD,2006-11-28,dividend,0.225,,
HD,2007-03-06,dividend,0.225,,
HD,2007-06-05,dividend,0.225,,
HD,2007-08-28,dividend,0.225,,
HD,2007-11-27,dividend,0.225,,
HD,2008-03-11,dividend,0.225,,
HD,2008-06-03,dividend,0.225,,
HD,2008-09-02,dividend,0.225,,
HD,2008-12-02,dividend,0.225,,
HD,2009-03-10,dividend,0.225,,
HD,2009-06-09,dividend,0.225,,
HD,2009-09-01,dividend,0.225,,
HD,2009-12-01,dividend,0.225,,
HD,2010-03-09,dividend,0.236,,
HD,2010-06-01,dividend,0.236,,
HD,2010-08-31,dividend,0.236,,
HD,2010-11-30,dividend,0.236,,
HD,2011-03-08,dividend,0.25,,
HD,2011-06-14,dividend,0.25,,
HD,2011-08-30,dividend,0.25,,
HD,2011-11-29,dividend,0.29,,
HD,2012-03-06,dividend,0.29,,
HD,2012-05-29,dividend,0.29,,
HD,2012-08-28,dividend,0.29,,
HD,2012-11-27,dividend,0.29,,
HD,2013-03-12,dividend,0.39,,
HD,2013-06-04,dividend,0.39,,
HD,2013-09-03,dividend,0.39,,
HD,2013-12-03,dividend,0.39,,
HD,2014-03-11,dividend,0.47,,
HD,2014-06-03,dividend,0.47,,
HD,2014-09-02,dividend,0.47,,
HD,2014-12-02,dividend,0.47,,
HD,2015-03-10,dividend,0.59,,
HD,2015-06-02,dividend,0.59,,
HD,2015-09-01,dividend,0.59,,
HD,2015-12-01,dividend,0.59,,
HD,2016-03-08,dividend,0.69,,
HD,2016-05-31,dividend,0.69,,
HD,2016-08-30,dividend,0.69,,
HD,2016-11-29,dividend,0.69,,
HD,2017-03-07,dividend,0.89,,
HD,2017-05-30,dividend,0.89,,
HD,2017-08-29,dividend,0.89,,
HD,2017-11-29,dividend,0.89,,
HD,2018-03-07,dividend,1.03,,
HD,2018-05-30,dividend,1.03,,
HD,2018-08-29,dividend,1.03,,
HD,2018-11-28,dividend,1.03,,
HD,2019-03-13,dividend,1.36,,
HD,2019-06-05,dividend,1.36,,
HD,2019-09-04,dividend,1.36,,
HD,2019-12-04,dividend,1.36,,
HD,2020-03-11,dividend,1.5,,
HD,2020-06-03,dividend,1.5,,
HD,2020-09-02,dividend,1.5,,
HD,2020-12-02,dividend,1.5,,
HD,2021-03-10,dividend,1.65,,
HD,2021-06-02,dividend,1.65,,
HD,2021-09-01,dividend,1.65,,
HD,2021-12-01,dividend,1.65,,
HD,2022-03-09,dividend,1.9,,
HD,2022-06-01,dividend,1.9,,
HD,2022-08-31,dividend,1.9,,
HD,2022-11-30,dividend,1.9,,
HD,2023-03-08,dividend,2.09,,
HD,2023-05-31,dividend,2.09,,
HD,2023-08-30,dividend,2.09,,
HD,2023-11-29,dividend,2.09,,
HD,2024-03-06,dividend,2.25,,
HD,2024-05-30,dividend,2.25,,
HD,2024-08-29,dividend,2.25,,
HD,2024-11-27,dividend,2.25,,
HD,2025-03-13,dividend,2.3,,
HD,2025-06-05,dividend,2.3,,
HD,2025-09-04,dividend,2.3,,
HD,2025-12-04,dividend,2.3,,
HD,2026-03-12,dividend,2.33,,
HD,2026-06-04,dividend,2.33,,
HD,2026-09-03,dividend,2.33,,
HON,2006-11-16,dividend,0.21392,,
HON,2007-02-23,dividend,0.235595,,
HON,2007-05-16,dividend,0.235595,,
HON,2007-08-16,dividend,0.235595,,
HON,2007-11-16,dividend,0.235595,,
HON,2008-02-25,dividend,0.259154,,
HON,2008-05-16,dividend,0.259154,,
HON,2008-08-18,dividend,0.259154,,
HON,2008-11-18,dividend,0.259154,,
HON,2009-02-18,dividend,0.285541,,
HON,2009-05-18,dividend,0.285541,,
HON,2009-08-18,dividend,0.285541,,
HON,2009-11-18,dividend,0.285541,,
HON,2010-02-17,dividend,0.285541,,
HON,2010-05-18,dividend,0.285541,,
HON,2010-08-18,dividend,0.285541,,
HON,2010-11-17,dividend,0.285541,,
HON,2011-02-16,dividend,0.313812,,
HON,2011-05-18,dividend,0.313812,,
HON,2011-08-17,dividend,0.313812,,
HON,2011-11-16,dividend,0.351507,,
HON,2012-02-23,dividend,0.351507,,
HON,2012-05-16,dividend,0.351507,,
HON,2012-08-16,dividend,0.351507,,
HON,2012-11-16,dividend,0.386375,,
HON,2013-02-21,dividend,0.386375,,
HON,2013-05-16,dividend,0.386375,,
HON,2013-08-16,dividend,0.386375,,
HON,2013-11-19,dividend,0.42407,,
HON,2014-02-25,dividend,0.42407,,
HON,2014-05-20,dividend,0.42407,,
HON,2014-08-19,dividend,0.42407,,
HON,2014-11-18,dividend,0.488152,,
HON,2015-02-24,dividend,0.488152,,
HON,2015-05-19,dividend,0.488152,,
HON,2015-08-18,dividend,0.488152,,
HON,2015-11-17,dividend,0.560715,,
HON,2016-02-23,dividend,0.560715,,
HON,2016-05-17,dividend,0.560715,,
HON,2016-08-17,dividend,0.560715,,
HON,2016-10-03,split,1.0053282396702523,10000:9947,
HON,2016-11-16,dividend,0.630021,,
HON,2017-02-22,dividend,0.630021,,
HON,2017-05-17,dividend,0.630021,,
HON,2017-08-16,dividend,0.630021,,
HON,2017-11-16,dividend,0.705812,,
HON,2018-02-22,dividend,0.705812,,
HON,2018-05-17,dividend,0.705812,,
HON,2018-08-16,dividend,0.705812,,
HON,2018-10-01,split,1.011,1011:1000,
HON,2018-10-29,split,1.032,1032:1000,
HON,2018-11-15,dividend,0.810546,,
HON,2019-02-21,dividend,0.810546,,
HON,2019-05-23,dividend,0.810546,,
HON,2019-08-15,dividend,0.810546,,
HON,2019-11-14,dividend,0.889624,,
HON,2020-02-27,dividend,0.889624,,
HON,2020-05-14,dividend,0.889624,,
HON,2020-08-13,dividend,0.889624,,
HON,2020-11-12,dividend,0.919278,,
HON,2021-02-25,dividend,0.919278,,
HON,2021-05-13,dividend,0.919278,,
HON,2021-08-12,dividend,0.919278,,
HON,2021-11-10,dividend,0.968702,,
HON,2022-02-24,dividend,0.968702,,
HON,2022-05-12,dividend,0.968702,,
HON,2022-08-11,dividend,0.968702,,
HON,2022-11-09,dividend,1.018125,,
HON,2023-02-23,dividend,1.018125,,
HON,2023-05-11,dividend,1.018125,,
HON,2023-08-10,dividend,1.018125,,
HON,2023-11-09,dividend,1.067549,,
HON,2024-02-29,dividend,1.067549,,
HON,2024-05-16,dividend,1.067549,,
HON,2024-08-16,dividend,1.067549,,
HON,2024-11-15,dividend,1.116972,,
HON,2025-02-28,dividend,1.116972,,
HON,2025-05-16,dividend,1.116972,,
HON,2025-08-15,dividend,1.116972,,
HON,2025-10-30,split,1.061,1061:1000,
HON,2025-11-14,dividend,1.248034,,
HON,2026-02-27,dividend,1.248034,,
HON,2026-05-15,dividend,1.248034,,
HON,2026-06-29,split,0.9535,1907:2000,
HON,2026-08-14,dividend,0.7,,
HSBA.L,2006-11-22,dividend,6.7622995,,
HSBA.L,2007-03-21,dividend,15.7368,,
HSBA.L,2007-05-16,dividend,7.4066997,,
HSBA.L,2007-08-15,dividend,7.312,,
HSBA.L,2007-11-21,dividend,7.5139003,,
HSBA.L,2008-03-19,dividend,17.0868,,
HSBA.L,2008-05-21,dividend,7.8639,,
HSBA.L,2008-08-20,dividend,8.7178,,
HSBA.L,2008-11-19,dividend,10.7727,,
HSBA.L,2009-03-18,dividend,5.9879003,,
HSBA.L,2009-05-20,dividend,4.839,,
HSBA.L,2009-08-19,dividend,5.039,,
HSBA.L,2009-11-18,dividend,4.9455,,
HSBA.L,2010-03-17,dividend,6.475,,
HSBA.L,2010-05-19,dividend,5.3190002,,
HSBA.L,2010-08-18,dividend,5.0542,,
HSBA.L,2010-11-17,dividend,5.1186,,
HSBA.L,2011-03-16,dividend,7.2464,,
HSBA.L,2011-05-18,dividend,5.6345,,
HSBA.L,2011-08-17,dividend,5.8102,,
HSBA.L,2011-11-23,dividend,5.8286,,
HSBA.L,2012-03-14,dividend,8.698999,,
HSBA.L,2012-05-16,dividend,5.633,,
HSBA.L,2012-08-15,dividend,5.5537996,,
HSBA.L,2012-10-24,dividend,5.6042,,
HSBA.L,2013-03-20,dividend,11.5875,,
HSBA.L,2013-05-22,dividend,6.5801,,
HSBA.L,2013-08-21,dividend,6.1912003,,
HSBA.L,2013-10-23,dividend,6.1016,,
HSBA.L,2014-03-12,dividend,11.291901,,
HSBA.L,2014-05-21,dividend,5.8768,,
HSBA.L,2014-08-20,dividend,6.1622,,
HSBA.L,2014-10-23,dividend,6.3633003,,
HSBA.L,2015-03-05,dividend,13.400001,,
HSBA.L,2015-05-21,dividend,7.0788,,
HSBA.L,2015-08-13,dividend,7.1596,,
HSBA.L,2015-10-22,dividend,7.3349996,,
HSBA.L,2016-03-03,dividend,14.7908,,
HSBA.L,2016-05-19,dividend,7.5421,,
HSBA.L,2016-08-11,dividend,7.6633,,
HSBA.L,2016-10-20,dividend,8.0417,,
HSBA.L,2017-02-23,dividend,16.675701,,
HSBA.L,2017-05-18,dividend,7.8636,,
HSBA.L,2017-08-03,dividend,7.5769997,,
HSBA.L,2017-10-12,dividend,7.6405005,,
HSBA.L,2018-02-22,dividend,14.762001,,
HSBA.L,2018-05-17,dividend,7.5502,,
HSBA.L,2018-08-16,dividend,7.632,,
HSBA.L,2018-10-11,dividend,7.7799997,,
HSBA.L,2019-02-21,dividend,15.9271,,
HSBA.L,2019-05-16,dividend,7.8368,,
HSBA.L,2019-08-15,dividend,8.0335,,
HSBA.L,2019-10-10,dividend,7.7998,,
HSBA.L,2021-03-11,dividend,10.7923,,
HSBA.L,2021-08-19,dividend,5.1203003,,
HSBA.L,2022-03-10,dividend,13.8188,,
HSBA.L,2022-08-18,dividend,7.8821,,
HSBA.L,2023-03-02,dividend,18.5392,,
HSBA.L,2023-05-11,dividend,7.9378,,
HSBA.L,2023-08-10,dividend,7.9779997,,
HSBA.L,2023-11-09,dividend,7.9529004,,
HSBA.L,2024-03-07,dividend,24.8286,,
HSBA.L,2024-05-09,dividend,24.3432,,
HSBA.L,2024-08-15,dividend,7.5817,,
HSBA.L,2024-11-07,dividend,7.8285003,,
HSBA.L,2025-03-06,dividend,27.319801,,
HSBA.L,2025-05-08,dividend,7.3666997,,
HSBA.L,2025-08-14,dividend,7.3562,,
HSBA.L,2025-11-06,dividend,7.5079,,
HSBA.L,2026-03-12,dividend,33.3016,,
HSBA.L,2026-05-14,dividend,7.4488997,,
HSBA.L,2026-08-13,dividend,7.4134,,
IBM,2006-11-08,dividend,0.286807,,
IBM,2007-02-07,dividend,0.286807,,
IBM,2007-05-08,dividend,0.382409,,
IBM,2007-08-08,dividend,0.382409,,
IBM,2007-11-07,dividend,0.382409,,
IBM,2008-02-06,dividend,0.382409,,
IBM,2008-05-07,dividend,0.478011,,
IBM,2008-08-06,dividend,0.478011,,
IBM,2008-11-06,dividend,0.478011,,
IBM,2009-02-06,dividend,0.478011,,
IBM,2009-05-06,dividend,0.525813,,
IBM,2009-08-06,dividend,0.525813,,
IBM,2009-11-06,dividend,0.525813,,
IBM,2010-02-08,dividend,0.525813,,
IBM,2010-05-06,dividend,0.621415,,
IBM,2010-08-06,dividend,0.621415,,
IBM,2010-11-08,dividend,0.621415,,
IBM,2011-02-08,dividend,0.621415,,
IBM,2011-05-06,dividend,0.717017,,
IBM,2011-08-08,dividend,0.717017,,
IBM,2011-11-08,dividend,0.717017,,
IBM,2012-02-08,dividend,0.717017,,
IBM,2012-05-08,dividend,0.81262,,
IBM,2012-08-08,dividend,0.81262,,
IBM,2012-11-07,dividend,0.81262,,
IBM,2013-02-06,dividend,0.81262,,
IBM,2013-05-08,dividend,0.908222,,
IBM,2013-08-07,dividend,0.908222,,
IBM,2013-11-06,dividend,0.908222,,
IBM,2014-02-06,dividend,0.908222,,
IBM,2014-05-07,dividend,1.051625,,
IBM,2014-08-06,dividend,1.051625,,
IBM,2014-11-06,dividend,1.051625,,
IBM,2015-02-06,dividend,1.051625,,
IBM,2015-05-06,dividend,1.24283,,
IBM,2015-08-06,dividend,1.24283,,
IBM,2015-11-06,dividend,1.24283,,
IBM,2016-02-08,dividend,1.24283,,
IBM,2016-05-06,dividend,1.338432,,
IBM,2016-08-08,dividend,1.338432,,
IBM,2016-11-08,dividend,1.338432,,
IBM,2017-02-08,dividend,1.338432,,
IBM,2017-05-08,dividend,1.434034,,
IBM,2017-08-08,dividend,1.434034,,
IBM,2017-11-09,dividend,1.434034,,
IBM,2018-02-08,dividend,1.434034,,
IBM,2018-05-09,dividend,1.500956,,
IBM,2018-08-09,dividend,1.500956,,
IBM,2018-11-08,dividend,1.500956,,
IBM,2019-02-07,dividend,1.500956,,
IBM,2019-05-09,dividend,1.548757,,
IBM,2019-08-08,dividend,1.548757,,
IBM,2019-11-07,dividend,1.548757,,
IBM,2020-02-07,dividend,1.548757,,
IBM,2020-05-07,dividend,1.558317,,
IBM,2020-08-07,dividend,1.558317,,
IBM,2020-11-09,dividend,1.558317,,
IBM,2021-02-09,dividend,1.558317,,
IBM,2021-05-07,dividend,1.567878,,
IBM,2021-08-09,dividend,1.567878,,
IBM,2021-11-04,split,1.046,1046:1000,
IBM,2021-11-09,dividend,1.64,,
IBM,2022-02-10,dividend,1.64,,
IBM,2022-05-09,dividend,1.65,,
IBM,2022-08-09,dividend,1.65,,
IBM,2022-11-09,dividend,1.65,,
IBM,2023-02-09,dividend,1.65,,
IBM,2023-05-09,dividend,1.66,,
IBM,2023-08-09,dividend,1.66,,
IBM,2023-11-09,dividend,1.66,,
IBM,2024-02-08,dividend,1.66,,
IBM,2024-05-09,dividend,1.67,,
IBM,2024-08-09,dividend,1.67,,
IBM,2024-11-12,dividend,1.67,,
IBM,2025-02-10,dividend,1.67,,
IBM,2025-05-09,dividend,1.68,,
IBM,2025-08-08,dividend,1.68,,
IBM,2025-11-10,dividend,1.68,,
IBM,2026-02-10,dividend,1.68,,
IBM,2026-05-08,dividend,1.69,,
IBM,2026-08-10,dividend,1.69,,
ICE,2013-12-12,dividend,0.13,,
ICE,2014-03-13,dividend,0.13,,
ICE,2014-06-12,dividend,0.13,,
ICE,2014-09-12,dividend,0.13,,
ICE,2014-12-12,dividend,0.13,,
ICE,2015-03-13,dividend,0.13,,
ICE,2015-06-12,dividend,0.15,,
ICE,2015-09-14,dividend,0.15,,
ICE,2015-12-14,dividend,0.15,,
ICE,2016-03-14,dividend,0.17,,
ICE,2016-06-14,dividend,0.17,,
ICE,2016-09-14,dividend,0.17,,
ICE,2016-11-04,split,5.0,5:1,
ICE,2016-12-13,dividend,0.17,,
ICE,2017-03-14,dividend,0.2,,
ICE,2017-06-14,dividend,0.2,,
ICE,2017-09-14,dividend,0.2,,
ICE,2017-12-13,dividend,0.2,,
ICE,2018-03-14,dividend,0.24,,
ICE,2018-06-13,dividend,0.24,,
ICE,2018-09-12,dividend,0.24,,
ICE,2018-12-13,dividend,0.24,,
ICE,2019-03-14,dividend,0.275,,
ICE,2019-06-13,dividend,0.275,,
ICE,2019-09-13,dividend,0.275,,
ICE,2019-12-13,dividend,0.275,,
ICE,2020-03-16,dividend,0.3,,
ICE,2020-06-15,dividend,0.3,,
ICE,2020-09-15,dividend,0.3,,
ICE,2020-12-15,dividend,0.3,,
ICE,2021-03-16,dividend,0.33,,
ICE,2021-06-15,dividend,0.33,,
ICE,2021-09-15,dividend,0.33,,
ICE,2021-12-16,dividend,0.33,,
ICE,2022-03-16,dividend,0.38,,
ICE,2022-06-14,dividend,0.38,,
ICE,2022-09-15,dividend,0.38,,
ICE,2022-12-14,dividend,0.38,,
ICE,2023-03-16,dividend,0.42,,
ICE,2023-06-14,dividend,0.42,,
ICE,2023-09-14,dividend,0.42,,
ICE,2023-12-13,dividend,0.42,,
ICE,2024-03-14,dividend,0.45,,
ICE,2024-06-13,dividend,0.45,,
ICE,2024-09-16,dividend,0.45,,
ICE,2024-12-16,dividend,0.45,,
ICE,2025-03-17,dividend,0.48,,
ICE,2025-06-13,dividend,0.48,,
ICE,2025-09-16,dividend,0.48,,
ICE,2025-12-16,dividend,0.48,,
ICE,2026-03-17,dividend,0.52,,
ICE,2026-06-15,dividend,0.52,,
ICE,2026-09-16,dividend,0.52,,
INTU,2011-10-05,dividend,0.15,,
INTU,2012-01-06,dividend,0.15,,
INTU,2012-04-05,dividend,0.15,,
INTU,2012-07-06,dividend,0.15,,
INTU,2012-10-05,dividend,0.17,,
INTU,2013-01-08,dividend,0.17,,
INTU,2013-04-08,dividend,0.17,,
INTU,2013-07-08,dividend,0.17,,
INTU,2013-10-08,dividend,0.19,,
INTU,2014-01-08,dividend,0.19,,
INTU,2014-04-08,dividend,0.19,,
INTU,2014-07-08,dividend,0.19,,
INTU,2014-10-08,dividend,0.25,,
INTU,2015-01-07,dividend,0.25,,
INTU,2015-04-08,dividend,0.25,,
INTU,2015-07-08,dividend,0.25,,
INTU,2015-10-07,dividend,0.3,,
INTU,2016-01-07,dividend,0.3,,
INTU,2016-04-07,dividend,0.3,,
INTU,2016-07-08,dividend,0.3,,
INTU,2016-10-05,dividend,0.34,,
INTU,2017-01-06,dividend,0.34,,
INTU,2017-04-06,dividend,0.34,,
INTU,2017-07-06,dividend,0.34,,
INTU,2017-10-06,dividend,0.39,,
INTU,2018-01-09,dividend,0.39,,
INTU,2018-04-09,dividend,0.39,,
INTU,2018-07-09,dividend,0.39,,
INTU,2018-10-09,dividend,0.47,,
INTU,2019-01-09,dividend,0.47,,
INTU,2019-04-09,dividend,0.47,,
INTU,2019-07-09,dividend,0.47,,
INTU,2019-10-09,dividend,0.53,,
INTU,2020-01-09,dividend,0.53,,
INTU,2020-04-09,dividend,0.53,,
INTU,2020-07-09,dividend,0.53,,
INTU,2020-10-08,dividend,0.59,,
INTU,2021-01-08,dividend,0.59,,
INTU,2021-04-09,dividend,0.59,,
INTU,2021-07-09,dividend,0.59,,
INTU,2021-10-07,dividend,0.68,,
INTU,2022-01-07,dividend,0.68,,
INTU,2022-04-08,dividend,0.68,,
INTU,2022-07-08,dividend,0.68,,
INTU,2022-10-06,dividend,0.78,,
INTU,2023-01-09,dividend,0.78,,
INTU,2023-04-06,dividend,0.78,,
INTU,2023-07-07,dividend,0.78,,
INTU,2023-10-05,dividend,0.9,,
INTU,2024-01-09,dividend,0.9,,
INTU,2024-04-09,dividend,0.9,,
INTU,2024-07-10,dividend,0.9,,
INTU,2024-10-10,dividend,1.04,,
INTU,2025-01-10,dividend,1.04,,
INTU,2025-04-10,dividend,1.04,,
INTU,2025-07-10,dividend,1.04,,
INTU,2025-10-09,dividend,1.2,,
INTU,2026-01-09,dividend,1.2,,
INTU,2026-04-09,dividend,1.2,,
INTU,2026-07-09,dividend,1.2,,
ISRG,2017-10-06,split,3.0,3:1,
ISRG,2021-10-05,split,3.0,3:1,
ITW,2006-09-27,dividend,0.21,,
ITW,2006-12-27,dividend,0.21,,
ITW,2007-03-28,dividend,0.21,,
ITW,2007-06-27,dividend,0.21,,
ITW,2007-09-26,dividend,0.28,,
ITW,2007-12-27,dividend,0.28,,
ITW,2008-03-27,dividend,0.28,,
ITW,2008-06-26,dividend,0.28,,
ITW,2008-09-26,dividend,0.31,,
ITW,2008-12-29,dividend,0.31,,
ITW,2009-03-27,dividend,0.31,,
ITW,2009-06-26,dividend,0.31,,
ITW,2009-09-28,dividend,0.31,,
ITW,2009-12-29,dividend,0.31,,
ITW,2010-03-29,dividend,0.31,,
ITW,2010-06-28,dividend,0.31,,
ITW,2010-09-28,dividend,0.34,,
ITW,2010-12-29,dividend,0.34,,
ITW,2011-03-29,dividend,0.34,,
ITW,2011-06-28,dividend,0.34,,
ITW,2011-09-28,dividend,0.36,,
ITW,2011-12-28,dividend,0.36,,
ITW,2012-03-28,dividend,0.36,,
ITW,2012-06-27,dividend,0.36,,
ITW,2012-09-26,dividend,0.38,,
ITW,2012-12-14,dividend,0.38,,
ITW,2013-03-26,dividend,0.38,,
ITW,2013-06-26,dividend,0.38,,
ITW,2013-09-26,dividend,0.42,,
ITW,2013-12-27,dividend,0.42,,
ITW,2014-03-27,dividend,0.42,,
ITW,2014-06-26,dividend,0.42,,
ITW,2014-09-26,dividend,0.485,,
ITW,2014-12-29,dividend,0.485,,
ITW,2015-03-27,dividend,0.485,,
ITW,2015-06-26,dividend,0.485,,
ITW,2015-09-28,dividend,0.55,,
ITW,2015-12-29,dividend,0.55,,
ITW,2016-03-29,dividend,0.55,,
ITW,2016-06-28,dividend,0.55,,
ITW,2016-09-28,dividend,0.65,,
ITW,2016-12-28,dividend,0.65,,
ITW,2017-03-29,dividend,0.65,,
ITW,2017-06-28,dividend,0.65,,
ITW,2017-09-28,dividend,0.78,,
ITW,2017-12-28,dividend,0.78,,
ITW,2018-03-28,dividend,0.78,,
ITW,2018-06-28,dividend,0.78,,
ITW,2018-09-27,dividend,1.0,,
ITW,2018-12-28,dividend,1.0,,
ITW,2019-03-28,dividend,1.0,,
ITW,2019-06-27,dividend,1.0,,
ITW,2019-09-27,dividend,1.07,,
ITW,2019-12-30,dividend,1.07,,
ITW,2020-03-30,dividend,1.07,,
ITW,2020-06-29,dividend,1.07,,
ITW,2020-09-29,dividend,1.14,,
ITW,2020-12-30,dividend,1.14,,
ITW,2021-03-30,dividend,1.14,,
ITW,2021-06-29,dividend,1.14,,
ITW,2021-09-29,dividend,1.22,,
ITW,2021-12-30,dividend,1.22,,
ITW,2022-03-30,dividend,1.22,,
ITW,2022-06-29,dividend,1.22,,
ITW,2022-09-29,dividend,1.31,,
ITW,2022-12-29,dividend,1.31,,
ITW,2023-03-30,dividend,1.31,,
ITW,2023-06-29,dividend,1.31,,
ITW,2023-09-28,dividend,1.4,,
ITW,2023-12-28,dividend,1.4,,
ITW,2024-03-27,dividend,1.4,,
ITW,2024-06-28,dividend,1.4,,
ITW,2024-09-30,dividend,1.5,,
ITW,2024-12-31,dividend,1.5,,
ITW,2025-03-31,dividend,1.5,,
ITW,2025-06-30,dividend,1.5,,
ITW,2025-09-30,dividend,1.61,,
ITW,2025-12-31,dividend,1.61,,
ITW,2026-03-31,dividend,1.61,,
ITW,2026-06-30,dividend,1.61,,
JNJ,2006-11-24,dividend,0.375,,
JNJ,2007-02-23,dividend,0.375,,
JNJ,2007-05-24,dividend,0.415,,
JNJ,2007-08-24,dividend,0.415,,
JNJ,2007-11-23,dividend,0.415,,
JNJ,2008-02-22,dividend,0.415,,
JNJ,2008-05-22,dividend,0.46,,
JNJ,2008-08-22,dividend,0.46,,
JNJ,2008-11-21,dividend,0.46,,
JNJ,2009-02-20,dividend,0.46,,
JNJ,2009-05-21,dividend,0.49,,
JNJ,2009-08-21,dividend,0.49,,
JNJ,2009-11-20,dividend,0.49,,
JNJ,2010-02-19,dividend,0.49,,
JNJ,2010-05-27,dividend,0.54,,
JNJ,2010-08-27,dividend,0.54,,
JNJ,2010-11-26,dividend,0.54,,
JNJ,2011-02-25,dividend,0.54,,
JNJ,2011-05-26,dividend,0.57,,
JNJ,2011-08-26,dividend,0.57,,
JNJ,2011-11-25,dividend,0.57,,
JNJ,2012-02-24,dividend,0.57,,
JNJ,2012-05-24,dividend,0.61,,
JNJ,2012-08-24,dividend,0.61,,
JNJ,2012-11-23,dividend,0.61,,
JNJ,2013-02-22,dividend,0.61,,
JNJ,2013-05-23,dividend,0.66,,
JNJ,2013-08-23,dividend,0.66,,
JNJ,2013-11-22,dividend,0.66,,
JNJ,2014-02-21,dividend,0.66,,
JNJ,2014-05-22,dividend,0.7,,
JNJ,2014-08-22,dividend,0.7,,
JNJ,2014-11-21,dividend,0.7,,
JNJ,2015-02-20,dividend,0.7,,
JNJ,2015-05-21,dividend,0.75,,
JNJ,2015-08-21,dividend,0.75,,
JNJ,2015-11-20,dividend,0.75,,
JNJ,2016-02-19,dividend,0.75,,
JNJ,2016-05-20,dividend,0.8,,
JNJ,2016-08-19,dividend,0.8,,
JNJ,2016-11-18,dividend,0.8,,
JNJ,2017-02-24,dividend,0.8,,
JNJ,2017-05-25,dividend,0.84,,
JNJ,2017-08-25,dividend,0.84,,
JNJ,2017-11-27,dividend,0.84,,
JNJ,2018-02-26,dividend,0.84,,
JNJ,2018-05-25,dividend,0.9,,
JNJ,2018-08-27,dividend,0.9,,
JNJ,2018-11-26,dividend,0.9,,
JNJ,2019-02-25,dividend,0.9,,
JNJ,2019-05-24,dividend,0.95,,
JNJ,2019-08-26,dividend,0.95,,
JNJ,2019-11-25,dividend,0.95,,
JNJ,2020-02-24,dividend,0.95,,
JNJ,2020-05-22,dividend,1.01,,
JNJ,2020-08-24,dividend,1.01,,
JNJ,2020-11-23,dividend,1.01,,
JNJ,2021-02-22,dividend,1.01,,
JNJ,2021-05-24,dividend,1.06,,
JNJ,2021-08-23,dividend,1.06,,
JNJ,2021-11-22,dividend,1.06,,
JNJ,2022-02-18,dividend,1.06,,
JNJ,2022-05-23,dividend,1.13,,
JNJ,2022-08-22,dividend,1.13,,
JNJ,2022-11-21,dividend,1.13,,
JNJ,2023-02-17,dividend,1.13,,
JNJ,2023-05-22,dividend,1.19,,
JNJ,2023-08-25,dividend,1.19,,
JNJ,2023-11-20,dividend,1.19,,
JNJ,2024-02-16,dividend,1.19,,
JNJ,2024-05-20,dividend,1.24,,
JNJ,2024-08-27,dividend,1.24,,
JNJ,2024-11-26,dividend,1.24,,
JNJ,2025-02-18,dividend,1.24,,
JNJ,2025-05-27,dividend,1.3,,
JNJ,2025-08-26,dividend,1.3,,
JNJ,2025-11-25,dividend,1.3,,
JNJ,2026-02-24,dividend,1.3,,
JNJ,2026-05-26,dividend,1.34,,
JNJ,2026-08-25,dividend,1.34,,
JPM,2006-10-04,dividend,0.34,,
JPM,2007-01-03,dividend,0.34,,
JPM,2007-04-03,dividend,0.34,,
JPM,2007-07-03,dividend,0.38,,
JPM,2007-10-03,dividend,0.38,,
JPM,2008-01-02,dividend,0.38,,
JPM,2008-04-02,dividend,0.38,,
JPM,2008-07-01,dividend,0.38,,
JPM,2008-10-02,dividend,0.38,,
JPM,2009-01-02,dividend,0.38,,
JPM,2009-04-02,dividend,0.05,,
JPM,2009-07-01,dividend,0.05,,
JPM,2009-10-02,dividend,0.05,,
JPM,2010-01-04,dividend,0.05,,
JPM,2010-04-01,dividend,0.05,,
JPM,2010-07-01,dividend,0.05,,
JPM,2010-10-04,dividend,0.05,,
JPM,2011-01-04,dividend,0.05,,
JPM,2011-04-04,dividend,0.25,,
JPM,2011-07-01,dividend,0.25,,
JPM,2011-10-04,dividend,0.25,,
JPM,2012-01-04,dividend,0.25,,
JPM,2012-04-03,dividend,0.3,,
JPM,2012-07-03,dividend,0.3,,
JPM,2012-10-03,dividend,0.3,,
JPM,2013-01-02,dividend,0.3,,
JPM,2013-04-03,dividend,0.3,,
JPM,2013-07-02,dividend,0.38,,
JPM,2013-10-02,dividend,0.38,,
JPM,2014-01-02,dividend,0.38,,
JPM,2014-04-02,dividend,0.38,,
JPM,2014-07-01,dividend,0.4,,
JPM,2014-10-02,dividend,0.4,,
JPM,2015-01-02,dividend,0.4,,
JPM,2015-04-01,dividend,0.4,,
JPM,2015-07-01,dividend,0.44,,
JPM,2015-10-02,dividend,0.44,,
JPM,2016-01-04,dividend,0.44,,
JPM,2016-04-04,dividend,0.44,,
JPM,2016-07-01,dividend,0.48,,
JPM,2016-10-04,dividend,0.48,,
JPM,2017-01-04,dividend,0.48,,
JPM,2017-04-04,dividend,0.5,,
JPM,2017-07-03,dividend,0.5,,
JPM,2017-10-05,dividend,0.56,,
JPM,2018-01-04,dividend,0.56,,
JPM,2018-04-05,dividend,0.56,,
JPM,2018-07-05,dividend,0.56,,
JPM,2018-10-04,dividend,0.8,,
JPM,2019-01-03,dividend,0.8,,
JPM,2019-04-04,dividend,0.8,,
JPM,2019-07-03,dividend,0.8,,
JPM,2019-10-03,dividend,0.9,,
JPM,2020-01-03,dividend,0.9,,
JPM,2020-04-03,dividend,0.9,,
JPM,2020-07-02,dividend,0.9,,
JPM,2020-10-05,dividend,0.9,,
JPM,2021-01-05,dividend,0.9,,
JPM,2021-04-05,dividend,0.9,,
JPM,2021-07-02,dividend,0.9,,
JPM,2021-10-05,dividend,1.0,,
JPM,2022-01-05,dividend,1.0,,
JPM,2022-04-05,dividend,1.0,,
JPM,2022-07-05,dividend,1.0,,
JPM,2022-10-05,dividend,1.0,,
JPM,2023-01-05,dividend,1.0,,
JPM,2023-04-05,dividend,1.0,,
JPM,2023-07-05,dividend,1.0,,
JPM,2023-10-05,dividend,1.05,,
JPM,2024-01-04,dividend,1.05,,
JPM,2024-04-04,dividend,1.15,,
JPM,2024-07-05,dividend,1.15,,
JPM,2024-10-04,dividend,1.25,,
JPM,2025-01-06,dividend,1.25,,
JPM,2025-04-04,dividend,1.4,,
JPM,2025-07-03,dividend,1.4,,
JPM,2025-10-06,dividend,1.5,,
JPM,2026-01-06,dividend,1.5,,
JPM,2026-04-06,dividend,1.5,,
JPM,2026-07-06,dividend,1.5,,
KLAC,2006-11-13,dividend,0.012,,
KLAC,2007-02-13,dividend,0.012,,
KLAC,2007-05-11,dividend,0.012,,
KLAC,2007-08-16,dividend,0.015,,
KLAC,2007-11-15,dividend,0.015,,
KLAC,2008-02-21,dividend,0.015,,
KLAC,2008-05-15,dividend,0.015,,
KLAC,2008-08-14,dividend,0.015,,
KLAC,2008-11-20,dividend,0.015,,
KLAC,2009-02-26,dividend,0.015,,
KLAC,2009-05-13,dividend,0.015,,
KLAC,2009-08-13,dividend,0.015,,
KLAC,2009-11-12,dividend,0.015,,
KLAC,2010-02-11,dividend,0.015,,
KLAC,2010-05-13,dividend,0.015,,
KLAC,2010-08-12,dividend,0.025,,
KLAC,2010-11-10,dividend,0.025,,
KLAC,2011-02-17,dividend,0.025,,
KLAC,2011-05-12,dividend,0.025,,
KLAC,2011-08-11,dividend,0.035,,
KLAC,2011-11-09,dividend,0.035,,
KLAC,2012-02-16,dividend,0.035,,
KLAC,2012-05-10,dividend,0.035,,
KLAC,2012-08-09,dividend,0.04,,
KLAC,2012-11-15,dividend,0.04,,
KLAC,2013-02-14,dividend,0.04,,
KLAC,2013-05-09,dividend,0.04,,
KLAC,2013-08-14,dividend,0.045,,
KLAC,2013-11-14,dividend,0.045,,
KLAC,2014-02-13,dividend,0.045,,
KLAC,2014-05-15,dividend,0.045,,
KLAC,2014-08-14,dividend,0.05,,
KLAC,2014-11-13,dividend,0.05,,
KLAC,2014-11-26,dividend,1.65,,
KLAC,2015-02-12,dividend,0.05,,
KLAC,2015-05-14,dividend,0.05,,
KLAC,2015-08-13,dividend,0.052,,
KLAC,2015-11-12,dividend,0.052,,
KLAC,2016-02-11,dividend,0.052,,
KLAC,2016-05-12,dividend,0.052,,
KLAC,2016-08-11,dividend,0.052,,
KLAC,2016-11-10,dividend,0.054,,
KLAC,2017-02-13,dividend,0.054,,
KLAC,2017-05-11,dividend,0.054,,
KLAC,2017-08-11,dividend,0.059,,
KLAC,2017-11-14,dividend,0.059,,
KLAC,2018-02-14,dividend,0.059,,
KLAC,2018-05-14,dividend,0.075,,
KLAC,2018-08-14,dividend,0.075,,
KLAC,2018-11-15,dividend,0.075,,
KLAC,2019-02-14,dividend,0.075,,
KLAC,2019-05-14,dividend,0.075,,
KLAC,2019-08-14,dividend,0.075,,
KLAC,2019-11-15,dividend,0.085,,
KLAC,2020-02-20,dividend,0.085,,
KLAC,2020-05-15,dividend,0.085,,
KLAC,2020-08-14,dividend,0.09,,
KLAC,2020-11-13,dividend,0.09,,
KLAC,2021-02-18,dividend,0.09,,
KLAC,2021-05-14,dividend,0.09,,
KLAC,2021-08-13,dividend,0.105,,
KLAC,2021-11-12,dividend,0.105,,
KLAC,2022-02-11,dividend,0.105,,
KLAC,2022-05-13,dividend,0.105,,
KLAC,2022-08-12,dividend,0.13,,
KLAC,2022-11-14,dividend,0.13,,
KLAC,2023-02-10,dividend,0.13,,
KLAC,2023-05-12,dividend,0.13,,
KLAC,2023-08-14,dividend,0.13,,
KLAC,2023-11-14,dividend,0.145,,
KLAC,2024-02-15,dividend,0.145,,
KLAC,2024-05-14,dividend,0.145,,
KLAC,2024-08-15,dividend,0.145,,
KLAC,2024-11-18,dividend,0.17,,
KLAC,2025-02-24,dividend,0.17,,
KLAC,2025-05-19,dividend,0.19,,
KLAC,2025-08-18,dividend,0.19,,
KLAC,2025-11-17,dividend,0.19,,
KLAC,2026-02-17,dividend,0.19,,
KLAC,2026-05-18,dividend,0.23,,
KLAC,2026-06-12,split,10.0,10:1,
KLAC,2026-08-17,dividend,0.23,,
KO,2006-11-29,dividend,0.155,,
KO,2007-03-13,dividend,0.17,,
KO,2007-06-13,dividend,0.17,,
KO,2007-09-12,dividend,0.17,,
KO,2007-11-28,dividend,0.17,,
KO,2008-03-12,dividend,0.19,,
KO,2008-06-11,dividend,0.19,,
KO,2008-09-11,dividend,0.19,,
KO,2008-11-26,dividend,0.19,,
KO,2009-03-11,dividend,0.205,,
KO,2009-06-11,dividend,0.205,,
KO,2009-09-11,dividend,0.205,,
KO,2009-11-27,dividend,0.205,,
KO,2010-03-11,dividend,0.22,,
KO,2010-06-11,dividend,0.22,,
KO,2010-09-13,dividend,0.22,,
KO,2010-11-29,dividend,0.22,,
KO,2011-03-11,dividend,0.235,,
KO,2011-06-13,dividend,0.235,,
KO,2011-09-13,dividend,0.235,,
KO,2011-11-29,dividend,0.235,,
KO,2012-03-13,dividend,0.255,,
KO,2012-06-13,dividend,0.255,,
KO,2012-08-13,split,2.0,2:1,
KO,2012-09-12,dividend,0.255,,
KO,2012-11-28,dividend,0.255,,
KO,2013-03-13,dividend,0.28,,
KO,2013-06-12,dividend,0.28,,
KO,2013-09-12,dividend,0.28,,
KO,2013-11-27,dividend,0.28,,
KO,2014-03-12,dividend,0.305,,
KO,2014-06-12,dividend,0.305,,
KO,2014-09-11,dividend,0.305,,
KO,2014-11-26,dividend,0.305,,
KO,2015-03-12,dividend,0.33,,
KO,2015-06-11,dividend,0.33,,
KO,2015-09-11,dividend,0.33,,
KO,2015-11-27,dividend,0.33,,
KO,2016-03-11,dividend,0.35,,
KO,2016-06-13,dividend,0.35,,
KO,2016-09-13,dividend,0.35,,
KO,2016-11-29,dividend,0.35,,
KO,2017-03-13,dividend,0.37,,
KO,2017-06-13,dividend,0.37,,
KO,2017-09-14,dividend,0.37,,
KO,2017-11-30,dividend,0.37,,
KO,2018-03-14,dividend,0.39,,
KO,2018-06-14,dividend,0.39,,
KO,2018-09-13,dividend,0.39,,
KO,2018-11-29,dividend,0.39,,
KO,2019-03-14,dividend,0.4,,
KO,2019-06-13,dividend,0.4,,
KO,2019-09-13,dividend,0.4,,
KO,2019-11-29,dividend,0.4,,
KO,2020-03-13,dividend,0.41,,
KO,2020-06-12,dividend,0.41,,
KO,2020-09-14,dividend,0.41,,
KO,2020-11-30,dividend,0.41,,
KO,2021-03-12,dividend,0.42,,
KO,2021-06-14,dividend,0.42,,
KO,2021-09-14,dividend,0.42,,
KO,2021-11-30,dividend,0.42,,
KO,2022-03-14,dividend,0.44,,
KO,2022-06-14,dividend,0.44,,
KO,2022-09-15,dividend,0.44,,
KO,2022-11-30,dividend,0.44,,
KO,2023-03-16,dividend,0.46,,
KO,2023-06-15,dividend,0.46,,
KO,2023-09-14,dividend,0.46,,
KO,2023-11-30,dividend,0.46,,
KO,2024-03-14,dividend,0.485,,
KO,2024-06-14,dividend,0.485,,
KO,2024-09-13,dividend,0.485,,
KO,2024-11-29,dividend,0.485,,
KO,2025-03-14,dividend,0.51,,
KO,2025-06-13,dividend,0.51,,
KO,2025-09-15,dividend,0.51,,
KO,2025-12-01,dividend,0.51,,
KO,2026-03-13,dividend,0.53,,
KO,2026-06-15,dividend,0.53,,
KO,2026-09-15,dividend,0.53,,
KVUE,2023-08-25,dividend,0.2,,
KVUE,2023-11-07,dividend,0.2,,
KVUE,2024-02-13,dividend,0.2,,
KVUE,2024-05-07,dividend,0.2,,
KVUE,2024-08-14,dividend,0.205,,
KVUE,2024-11-13,dividend,0.205,,
KVUE,2025-02-12,dividend,0.205,,
KVUE,2025-05-14,dividend,0.205,,
KVUE,2025-08-13,dividend,0.208,,
KVUE,2025-11-12,dividend,0.208,,
KVUE,2026-02-11,dividend,0.208,,
KVUE,2026-05-13,dividend,0.208,,
KVUE,2026-08-12,dividend,0.21,,
LIN,2006-12-05,dividend,0.25,,
LIN,2007-03-05,dividend,0.3,,
LIN,2007-06-05,dividend,0.3,,
LIN,2007-09-05,dividend,0.3,,
LIN,2007-12-05,dividend,0.3,,
LIN,2008-03-05,dividend,0.375,,
LIN,2008-06-04,dividend,0.375,,
LIN,2008-09-03,dividend,0.375,,
LIN,2008-12-03,dividend,0.375,,
LIN,2009-03-04,dividend,0.4,,
LIN,2009-06-03,dividend,0.4,,
LIN,2009-09-02,dividend,0.4,,
LIN,2009-12-03,dividend,0.4,,
LIN,2010-03-03,dividend,0.45,,
LIN,2010-06-03,dividend,0.45,,
LIN,2010-09-02,dividend,0.45,,
LIN,2010-12-03,dividend,0.45,,
LIN,2011-03-03,dividend,0.5,,
LIN,2011-06-03,dividend,0.5,,
LIN,2011-09-02,dividend,0.5,,
LIN,2011-12-05,dividend,0.5,,
LIN,2012-03-05,dividend,0.55,,
LIN,2012-06-05,dividend,0.55,,
LIN,2012-09-05,dividend,0.55,,
LIN,2012-12-05,dividend,0.55,,
LIN,2013-03-05,dividend,0.6,,
LIN,2013-06-05,dividend,0.6,,
LIN,2013-09-04,dividend,0.6,,
LIN,2013-12-04,dividend,0.6,,
LIN,2014-03-05,dividend,0.65,,
LIN,2014-06-04,dividend,0.65,,
LIN,2014-09-04,dividend,0.65,,
LIN,2014-12-03,dividend,0.65,,
LIN,2015-03-04,dividend,0.715,,
LIN,2015-06-03,dividend,0.715,,
LIN,2015-09-03,dividend,0.715,,
LIN,2015-12-03,dividend,0.715,,
LIN,2016-03-03,dividend,0.75,,
LIN,2016-06-03,dividend,0.75,,
LIN,2016-09-06,dividend,0.75,,
LIN,2016-12-05,dividend,0.75,,
LIN,2017-03-03,dividend,0.788,,
LIN,2017-06-05,dividend,0.788,,
LIN,2017-09-07,dividend,0.788,,
LIN,2017-12-06,dividend,0.788,,
LIN,2018-03-06,dividend,0.825,,
LIN,2018-06-06,dividend,0.825,,
LIN,2018-08-03,dividend,0.825,,
LIN,2018-12-17,dividend,0.825,,
LIN,2019-03-07,dividend,0.875,,
LIN,2019-05-31,dividend,0.875,,
LIN,2019-08-30,dividend,0.875,,
LIN,2019-12-02,dividend,0.875,,
LIN,2020-03-05,dividend,0.963,,
LIN,2020-06-02,dividend,0.963,,
LIN,2020-09-02,dividend,0.963,,
LIN,2020-12-02,dividend,0.963,,
LIN,2021-03-04,dividend,1.06,,
LIN,2021-06-02,dividend,1.06,,
LIN,2021-09-02,dividend,1.06,,
LIN,2021-12-02,dividend,1.06,,
LIN,2022-03-10,dividend,1.17,,
LIN,2022-06-02,dividend,1.17,,
LIN,2022-09-01,dividend,1.17,,
LIN,2022-12-01,dividend,1.17,,
LIN,2023-03-13,dividend,1.275,,
LIN,2023-06-01,dividend,1.275,,
LIN,2023-09-01,dividend,1.275,,
LIN,2023-12-01,dividend,1.275,,
LIN,2024-03-13,dividend,1.39,,
LIN,2024-06-04,dividend,1.39,,
LIN,2024-09-04,dividend,1.39,,
LIN,2024-12-03,dividend,1.39,,
LIN,2025-03-13,dividend,1.5,,
LIN,2025-06-04,dividend,1.5,,
LIN,2025-09-04,dividend,1.5,,
LIN,2025-12-03,dividend,1.5,,
LIN,2026-03-11,dividend,1.6,,
LIN,2026-06-04,dividend,1.6,,
LIN,2026-09-03,dividend,1.6,,
LLOY.L,2007-03-07,dividend,15.266301,,
LLOY.L,2007-08-08,dividend,7.2759004,,
LLOY.L,2008-03-05,dividend,17.8288,,
LLOY.L,2008-08-06,dividend,8.2287,,
LLOY.L,2009-05-11,split,1.025,41:40,
LLOY.L,2015-04-02,dividend,0.75,,
LLOY.L,2015-08-13,dividend,0.75,,
LLOY.L,2016-04-07,dividend,2.0,,
LLOY.L,2016-08-11,dividend,0.85,,
LLOY.L,2017-04-06,dividend,2.2,,
LLOY.L,2017-08-10,dividend,1.0,,
LLOY.L,2018-04-19,dividend,2.05,,
LLOY.L,2018-08-16,dividend,1.07,,
LLOY.L,2019-04-04,dividend,2.14,,
LLOY.L,2019-08-08,dividend,1.12,,
LLOY.L,2021-04-15,dividend,0.57,,
LLOY.L,2021-08-05,dividend,0.66999996,,
LLOY.L,2022-04-07,dividend,1.3299999,,
LLOY.L,2022-08-04,dividend,0.8,,
LLOY.L,2023-04-13,dividend,1.6,,
LLOY.L,2023-08-03,dividend,0.92,,
LLOY.L,2024-04-11,dividend,1.84,,
LLOY.L,2024-08-01,dividend,1.06,,
LLOY.L,2025-04-10,dividend,2.11,,
LLOY.L,2025-07-31,dividend,1.22,,
LLOY.L,2026-04-09,dividend,2.43,,
LLOY.L,2026-08-06,dividend,1.5799999,,
LLY,2006-11-13,dividend,0.4,,
LLY,2007-02-13,dividend,0.425,,
LLY,2007-05-11,dividend,0.425,,
LLY,2007-08-13,dividend,0.425,,
LLY,2007-11-13,dividend,0.425,,
LLY,2008-02-13,dividend,0.47,,
LLY,2008-05-13,dividend,0.47,,
LLY,2008-08-13,dividend,0.47,,
LLY,2008-11-12,dividend,0.47,,
LLY,2009-02-11,dividend,0.49,,
LLY,2009-05-13,dividend,0.49,,
LLY,2009-08-12,dividend,0.49,,
LLY,2009-11-10,dividend,0.49,,
LLY,2010-02-10,dividend,0.49,,
LLY,2010-05-12,dividend,0.49,,
LLY,2010-08-11,dividend,0.49,,
LLY,2010-11-10,dividend,0.49,,
LLY,2011-02-11,dividend,0.49,,
LLY,2011-05-11,dividend,0.49,,
LLY,2011-08-11,dividend,0.49,,
LLY,2011-11-10,dividend,0.49,,
LLY,2012-02-13,dividend,0.49,,
LLY,2012-05-11,dividend,0.49,,
LLY,2012-08-13,dividend,0.49,,
LLY,2012-11-13,dividend,0.49,,
LLY,2013-02-13,dividend,0.49,,
LLY,2013-05-14,dividend,0.49,,
LLY,2013-08-13,dividend,0.49,,
LLY,2013-11-13,dividend,0.49,,
LLY,2014-02-12,dividend,0.49,,
LLY,2014-05-13,dividend,0.49,,
LLY,2014-08-13,dividend,0.49,,
LLY,2014-11-12,dividend,0.49,,
LLY,2015-02-11,dividend,0.5,,
LLY,2015-05-14,dividend,0.5,,
LLY,2015-08-12,dividend,0.5,,
LLY,2015-11-10,dividend,0.5,,
LLY,2016-02-10,dividend,0.51,,
LLY,2016-05-11,dividend,0.51,,
LLY,2016-08-11,dividend,0.51,,
LLY,2016-11-10,dividend,0.51,,
LLY,2017-02-13,dividend,0.52,,
LLY,2017-05-11,dividend,0.52,,
LLY,2017-08-11,dividend,0.52,,
LLY,2017-11-14,dividend,0.52,,
LLY,2018-02-14,dividend,0.563,,
LLY,2018-05-16,dividend,0.563,,
LLY,2018-08-14,dividend,0.563,,
LLY,2018-11-14,dividend,0.563,,
LLY,2019-02-14,dividend,0.645,,
LLY,2019-05-16,dividend,0.645,,
LLY,2019-08-14,dividend,0.645,,
LLY,2019-11-14,dividend,0.645,,
LLY,2020-02-13,dividend,0.74,,
LLY,2020-05-14,dividend,0.74,,
LLY,2020-08-13,dividend,0.74,,
LLY,2020-11-12,dividend,0.74,,
LLY,2021-02-11,dividend,0.85,,
LLY,2021-05-13,dividend,0.85,,
LLY,2021-08-12,dividend,0.85,,
LLY,2021-11-12,dividend,0.85,,
LLY,2022-02-14,dividend,0.98,,
LLY,2022-05-13,dividend,0.98,,
LLY,2022-08-12,dividend,0.98,,
LLY,2022-11-14,dividend,0.98,,
LLY,2023-02-14,dividend,1.13,,
LLY,2023-05-12,dividend,1.13,,
LLY,2023-08-14,dividend,1.13,,
LLY,2023-11-14,dividend,1.13,,
LLY,2024-02-14,dividend,1.3,,
LLY,2024-05-15,dividend,1.3,,
LLY,2024-08-15,dividend,1.3,,
LLY,2024-11-15,dividend,1.3,,
LLY,2025-02-14,dividend,1.5,,
LLY,2025-05-16,dividend,1.5,,
LLY,2025-08-15,dividend,1.5,,
LLY,2025-11-14,dividend,1.5,,
LLY,2026-02-13,dividend,1.73,,
LLY,2026-05-15,dividend,1.73,,
LLY,2026-08-14,dividend,1.73,,
LMT,2006-11-29,dividend,0.35,,
LMT,2007-02-27,dividend,0.35,,
LMT,2007-05-30,dividend,0.35,,
LMT,2007-08-30,dividend,0.35,,
LMT,2007-11-29,dividend,0.42,,
LMT,2008-02-28,dividend,0.42,,
LMT,2008-05-29,dividend,0.42,,
LMT,2008-08-28,dividend,0.42,,
LMT,2008-11-26,dividend,0.57,,
LMT,2009-02-26,dividend,0.57,,
LMT,2009-05-28,dividend,0.57,,
LMT,2009-08-28,dividend,0.57,,
LMT,2009-11-27,dividend,0.63,,
LMT,2010-02-25,dividend,0.63,,
LMT,2010-05-27,dividend,0.63,,
LMT,2010-08-30,dividend,0.63,,
LMT,2010-11-29,dividend,0.75,,
LMT,2011-02-25,dividend,0.75,,
LMT,2011-05-27,dividend,0.75,,
LMT,2011-08-30,dividend,0.75,,
LMT,2011-11-29,dividend,1.0,,
LMT,2012-02-28,dividend,1.0,,
LMT,2012-05-30,dividend,1.0,,
LMT,2012-08-30,dividend,1.0,,
LMT,2012-11-29,dividend,1.15,,
LMT,2013-02-27,dividend,1.15,,
LMT,2013-05-30,dividend,1.15,,
LMT,2013-08-29,dividend,1.15,,
LMT,2013-11-27,dividend,1.33,,
LMT,2014-02-27,dividend,1.33,,
LMT,2014-05-29,dividend,1.33,,
LMT,2014-08-28,dividend,1.33,,
LMT,2014-11-26,dividend,1.5,,
LMT,2015-02-26,dividend,1.5,,
LMT,2015-05-28,dividend,1.5,,
LMT,2015-08-28,dividend,1.5,,
LMT,2015-11-27,dividend,1.65,,
LMT,2016-02-26,dividend,1.65,,
LMT,2016-05-27,dividend,1.65,,
LMT,2016-08-30,dividend,1.65,,
LMT,2016-11-29,dividend,1.82,,
LMT,2017-02-27,dividend,1.82,,
LMT,2017-05-30,dividend,1.82,,
LMT,2017-08-30,dividend,1.82,,
LMT,2017-11-30,dividend,2.0,,
LMT,2018-02-28,dividend,2.0,,
LMT,2018-05-31,dividend,2.0,,
LMT,2018-08-31,dividend,2.0,,
LMT,2018-11-30,dividend,2.2,,
LMT,2019-02-28,dividend,2.2,,
LMT,2019-05-31,dividend,2.2,,
LMT,2019-08-30,dividend,2.2,,
LMT,2019-11-29,dividend,2.4,,
LMT,2020-02-28,dividend,2.4,,
LMT,2020-05-29,dividend,2.4,,
LMT,2020-08-31,dividend,2.4,,
LMT,2020-11-30,dividend,2.6,,
LMT,2021-02-26,dividend,2.6,,
LMT,2021-05-28,dividend,2.6,,
LMT,2021-08-31,dividend,2.6,,
LMT,2021-11-30,dividend,2.8,,
LMT,2022-02-28,dividend,2.8,,
LMT,2022-05-31,dividend,2.8,,
LMT,2022-08-31,dividend,2.8,,
LMT,2022-11-30,dividend,3.0,,
LMT,2023-02-28,dividend,3.0,,
LMT,2023-05-31,dividend,3.0,,
LMT,2023-08-31,dividend,3.0,,
LMT,2023-11-30,dividend,3.15,,
LMT,2024-02-29,dividend,3.15,,
LMT,2024-06-03,dividend,3.15,,
LMT,2024-09-03,dividend,3.15,,
LMT,2024-12-02,dividend,3.3,,
LMT,2025-03-03,dividend,3.3,,
LMT,2025-06-02,dividend,3.3,,
LMT,2025-09-02,dividend,3.3,,
LMT,2025-12-01,dividend,3.45,,
LMT,2026-03-02,dividend,3.45,,
LMT,2026-06-01,dividend,3.45,,
LMT,2026-09-01,dividend,3.45,,
LOW,2006-10-18,dividend,0.05,,
LOW,2007-01-17,dividend,0.05,,
LOW,2007-04-18,dividend,0.05,,
LOW,2007-07-18,dividend,0.08,,
LOW,2007-10-17,dividend,0.08,,
LOW,2008-01-16,dividend,0.08,,
LOW,2008-04-16,dividend,0.08,,
LOW,2008-07-16,dividend,0.085,,
LOW,2008-10-15,dividend,0.085,,
LOW,2009-01-14,dividend,0.085,,
LOW,2009-04-15,dividend,0.085,,
LOW,2009-07-15,dividend,0.09,,
LOW,2009-10-14,dividend,0.09,,
LOW,2010-01-15,dividend,0.09,,
LOW,2010-04-19,dividend,0.09,,
LOW,2010-07-19,dividend,0.11,,
LOW,2010-10-18,dividend,0.11,,
LOW,2011-01-14,dividend,0.11,,
LOW,2011-04-18,dividend,0.11,,
LOW,2011-07-18,dividend,0.14,,
LOW,2011-10-17,dividend,0.14,,
LOW,2012-01-23,dividend,0.14,,
LOW,2012-04-23,dividend,0.14,,
LOW,2012-07-23,dividend,0.16,,
LOW,2012-10-22,dividend,0.16,,
LOW,2013-01-18,dividend,0.16,,
LOW,2013-04-22,dividend,0.16,,
LOW,2013-07-22,dividend,0.18,,
LOW,2013-10-21,dividend,0.18,,
LOW,2014-01-17,dividend,0.18,,
LOW,2014-04-21,dividend,0.18,,
LOW,2014-07-21,dividend,0.23,,
LOW,2014-10-20,dividend,0.23,,
LOW,2015-01-16,dividend,0.23,,
LOW,2015-04-20,dividend,0.23,,
LOW,2015-07-20,dividend,0.28,,
LOW,2015-10-19,dividend,0.28,,
LOW,2016-01-15,dividend,0.28,,
LOW,2016-04-18,dividend,0.28,,
LOW,2016-07-18,dividend,0.35,,
LOW,2016-10-17,dividend,0.35,,
LOW,2017-01-23,dividend,0.35,,
LOW,2017-04-24,dividend,0.35,,
LOW,2017-07-24,dividend,0.41,,
LOW,2017-10-24,dividend,0.41,,
LOW,2018-01-23,dividend,0.41,,
LOW,2018-04-24,dividend,0.41,,
LOW,2018-07-24,dividend,0.48,,
LOW,2018-10-23,dividend,0.48,,
LOW,2019-01-22,dividend,0.48,,
LOW,2019-04-23,dividend,0.48,,
LOW,2019-07-23,dividend,0.55,,
LOW,2019-10-22,dividend,0.55,,
LOW,2020-01-21,dividend,0.55,,
LOW,2020-04-21,dividend,0.55,,
LOW,2020-07-21,dividend,0.55,,
LOW,2020-10-20,dividend,0.6,,
LOW,2021-01-19,dividend,0.6,,
LOW,2021-04-20,dividend,0.6,,
LOW,2021-07-20,dividend,0.8,,
LOW,2021-10-19,dividend,0.8,,
LOW,2022-01-18,dividend,0.8,,
LOW,2022-04-19,dividend,0.8,,
LOW,2022-07-19,dividend,1.05,,
LOW,2022-10-18,dividend,1.05,,
LOW,2023-01-24,dividend,1.05,,
LOW,2023-04-25,dividend,1.05,,
LOW,2023-07-25,dividend,1.1,,
LOW,2023-10-24,dividend,1.1,,
LOW,2024-01-23,dividend,1.1,,
LOW,2024-04-23,dividend,1.1,,
LOW,2024-07-24,dividend,1.15,,
LOW,2024-10-23,dividend,1.15,,
LOW,2025-01-22,dividend,1.15,,
LOW,2025-04-23,dividend,1.15,,
LOW,2025-07-23,dividend,1.2,,
LOW,2025-10-22,dividend,1.2,,
LOW,2026-01-21,dividend,1.2,,
LOW,2026-04-22,dividend,1.2,,
LOW,2026-07-22,dividend,1.25,,
LRCX,2014-06-09,dividend,0.018,,
LRCX,2014-09-08,dividend,0.018,,
LRCX,2014-12-08,dividend,0.018,,
LRCX,2015-03-09,dividend,0.018,,
LRCX,2015-06-08,dividend,0.03,,
LRCX,2015-09-04,dividend,0.03,,
LRCX,2015-12-07,dividend,0.03,,
LRCX,2016-03-07,dividend,0.03,,
LRCX,2016-06-06,dividend,0.03,,
LRCX,2016-09-12,dividend,0.03,,
LRCX,2016-12-12,dividend,0.045,,
LRCX,2017-03-06,dividend,0.045,,
LRCX,2017-06-05,dividend,0.045,,
LRCX,2017-09-12,dividend,0.045,,
LRCX,2017-12-05,dividend,0.05,,
LRCX,2018-03-06,dividend,0.05,,
LRCX,2018-06-05,dividend,0.11,,
LRCX,2018-09-11,dividend,0.11,,
LRCX,2018-12-04,dividend,0.11,,
LRCX,2019-03-19,dividend,0.11,,
LRCX,2019-06-11,dividend,0.11,,
LRCX,2019-09-30,dividend,0.115,,
LRCX,2019-12-10,dividend,0.115,,
LRCX,2020-03-24,dividend,0.115,,
LRCX,2020-06-16,dividend,0.115,,
LRCX,2020-09-29,dividend,0.13,,
LRCX,2020-12-08,dividend,0.13,,
LRCX,2021-03-16,dividend,0.13,,
LRCX,2021-06-15,dividend,0.13,,
LRCX,2021-09-27,dividend,0.15,,
LRCX,2021-12-14,dividend,0.15,,
LRCX,2022-03-15,dividend,0.15,,
LRCX,2022-06-14,dividend,0.15,,
LRCX,2022-09-13,dividend,0.1725,,
LRCX,2022-12-13,dividend,0.1725,,
LRCX,2023-03-14,dividend,0.1725,,
LRCX,2023-06-13,dividend,0.1725,,
LRCX,2023-09-12,dividend,0.2,,
LRCX,2023-12-12,dividend,0.2,,
LRCX,2024-03-12,dividend,0.2,,
LRCX,2024-06-18,dividend,0.2,,
LRCX,2024-09-17,dividend,0.23,,
LRCX,2024-10-03,split,10.0,10:1,
LRCX,2024-12-11,dividend,0.23,,
LRCX,2025-03-05,dividend,0.23,,
LRCX,2025-06-18,dividend,0.23,,
LRCX,2025-09-24,dividend,0.26,,
LRCX,2025-12-03,dividend,0.26,,
LRCX,2026-03-04,dividend,0.26,,
LRCX,2026-06-17,dividend,0.26,,
LSEG.L,2006-12-06,dividend,5.5269,,
LSEG.L,2007-07-18,dividend,11.0538,,
LSEG.L,2007-12-05,dividend,7.3692,,
LSEG.L,2008-07-16,dividend,14.7383,,
LSEG.L,2008-12-03,dividend,7.7376,,
LSEG.L,2009-07-22,dividend,14.7383,,
LSEG.L,2009-12-02,dividend,7.7376,,
LSEG.L,2010-07-21,dividend,14.7383,,
LSEG.L,2010-12-01,dividend,8.1061,,
LSEG.L,2011-07-27,dividend,16.580599,,
LSEG.L,2011-12-07,dividend,8.5667,,
LSEG.L,2012-07-25,dividend,17.5018,,
LSEG.L,2012-12-05,dividend,8.9351,,
LSEG.L,2013-07-24,dividend,18.238699,,
LSEG.L,2013-12-04,dividend,9.3036,,
LSEG.L,2014-07-23,dividend,19.0677,,
LSEG.L,2014-12-04,dividend,9.700001,,
LSEG.L,2015-05-07,dividend,12.8,,
LSEG.L,2015-08-27,dividend,10.8,,
LSEG.L,2016-05-05,dividend,25.2,,
LSEG.L,2016-08-25,dividend,12.0,,
LSEG.L,2017-05-04,dividend,31.2,,
LSEG.L,2017-08-24,dividend,14.4,,
LSEG.L,2018-05-03,dividend,37.2,,
LSEG.L,2018-08-23,dividend,17.2,,
LSEG.L,2019-05-02,dividend,43.2,,
LSEG.L,2019-08-22,dividend,20.1,,
LSEG.L,2020-04-30,dividend,49.9,,
LSEG.L,2020-08-20,dividend,23.3,,
LSEG.L,2021-04-29,dividend,51.7,,
LSEG.L,2021-08-19,dividend,25.0,,
LSEG.L,2022-04-28,dividend,70.0,,
LSEG.L,2022-08-18,dividend,31.7,,
LSEG.L,2023-04-20,dividend,75.3,,
LSEG.L,2023-08-17,dividend,35.7,,
LSEG.L,2024-04-18,dividend,79.299995,,
LSEG.L,2024-08-15,dividend,41.0,,
LSEG.L,2025-04-17,dividend,89.0,,
LSEG.L,2025-08-14,dividend,47.0,,
LSEG.L,2026-04-16,dividend,103.0,,
LSEG.L,2026-08-13,dividend,55.0,,
MA,2006-10-05,dividend,0.009,,
MA,2007-01-10,dividend,0.009,,
MA,2007-04-04,dividend,0.015,,
MA,2007-06-29,dividend,0.015,,
MA,2007-10-17,dividend,0.015,,
MA,2008-01-09,dividend,0.015,,
MA,2008-04-07,dividend,0.015,,
MA,2008-07-09,dividend,0.015,,
MA,2008-10-08,dividend,0.015,,
MA,2009-01-07,dividend,0.015,,
MA,2009-04-08,dividend,0.015,,
MA,2009-07-08,dividend,0.015,,
MA,2009-10-07,dividend,0.015,,
MA,2010-01-06,dividend,0.015,,
MA,2010-04-07,dividend,0.015,,
MA,2010-07-01,dividend,0.015,,
MA,2010-10-07,dividend,0.015,,
MA,2011-01-06,dividend,0.015,,
MA,2011-04-06,dividend,0.015,,
MA,2011-07-06,dividend,0.015,,
MA,2011-10-05,dividend,0.015,,
MA,2012-01-05,dividend,0.015,,
MA,2012-04-04,dividend,0.03,,
MA,2012-07-05,dividend,0.03,,
MA,2012-10-05,dividend,0.03,,
MA,2013-01-07,dividend,0.03,,
MA,2013-04-05,dividend,0.06,,
MA,2013-07-05,dividend,0.06,,
MA,2013-10-07,dividend,0.06,,
MA,2014-01-07,dividend,0.11,,
MA,2014-01-22,split,10.0,10:1,
MA,2014-04-07,dividend,0.11,,
MA,2014-07-07,dividend,0.11,,
MA,2014-10-07,dividend,0.11,,
MA,2015-01-07,dividend,0.16,,
MA,2015-04-07,dividend,0.16,,
MA,2015-07-07,dividend,0.16,,
MA,2015-10-07,dividend,0.16,,
MA,2016-01-06,dividend,0.19,,
MA,2016-04-06,dividend,0.19,,
MA,2016-07-06,dividend,0.19,,
MA,2016-10-05,dividend,0.19,,
MA,2017-01-05,dividend,0.22,,
MA,2017-04-05,dividend,0.22,,
MA,2017-07-05,dividend,0.22,,
MA,2017-10-05,dividend,0.22,,
MA,2018-01-08,dividend,0.25,,
MA,2018-04-06,dividend,0.25,,
MA,2018-07-06,dividend,0.25,,
MA,2018-10-05,dividend,0.25,,
MA,2019-01-08,dividend,0.33,,
MA,2019-04-08,dividend,0.33,,
MA,2019-07-08,dividend,0.33,,
MA,2019-10-08,dividend,0.33,,
MA,2020-01-08,dividend,0.4,,
MA,2020-04-08,dividend,0.4,,
MA,2020-07-08,dividend,0.4,,
MA,2020-10-08,dividend,0.4,,
MA,2021-01-07,dividend,0.44,,
MA,2021-04-08,dividend,0.44,,
MA,2021-07-08,dividend,0.44,,
MA,2021-10-07,dividend,0.44,,
MA,2022-01-06,dividend,0.49,,
MA,2022-04-07,dividend,0.49,,
MA,2022-07-07,dividend,0.49,,
MA,2022-10-06,dividend,0.49,,
MA,2023-01-06,dividend,0.57,,
MA,2023-04-05,dividend,0.57,,
MA,2023-07-06,dividend,0.57,,
MA,2023-10-05,dividend,0.57,,
MA,2024-01-08,dividend,0.66,,
MA,2024-04-08,dividend,0.66,,
MA,2024-07-09,dividend,0.66,,
MA,2024-10-09,dividend,0.66,,
MA,2025-01-10,dividend,0.76,,
MA,2025-04-09,dividend,0.76,,
MA,2025-07-09,dividend,0.76,,
MA,2025-10-09,dividend,0.76,,
MA,2026-01-09,dividend,0.87,,
MA,2026-04-09,dividend,0.87,,
MA,2026-07-09,dividend,0.87,,
MAR,2006-12-05,dividend,0.05873,,
MAR,2007-03-28,dividend,0.05873,,
MAR,2007-06-19,dividend,0.069916,,
MAR,2007-09-04,dividend,0.069916,,
MAR,2007-12-04,dividend,0.069916,,
MAR,2008-04-01,dividend,0.069916,,
MAR,2008-06-24,dividend,0.082035,,
MAR,2008-09-09,dividend,0.082035,,
MAR,2008-11-26,dividend,0.082035,,
MAR,2009-03-30,dividend,0.082035,,
MAR,2009-06-23,split,1.004,1004:1000,
MAR,2009-08-18,split,1.004,1004:1000,
MAR,2009-11-17,split,1.003,1003:1000,
MAR,2010-02-17,dividend,0.0377,,
MAR,2010-05-19,dividend,0.0377,,
MAR,2010-08-17,dividend,0.0377,,
MAR,2010-11-16,dividend,0.082941,,
MAR,2011-02-23,dividend,0.082941,,
MAR,2011-05-18,dividend,0.094251,,
MAR,2011-08-16,dividend,0.094251,,
MAR,2011-11-22,split,1.061,1061:1000,
MAR,2011-11-25,dividend,0.1,,
MAR,2012-02-22,dividend,0.1,,
MAR,2012-05-16,dividend,0.13,,
MAR,2012-08-21,dividend,0.13,,
MAR,2012-11-20,dividend,0.13,,
MAR,2013-02-27,dividend,0.13,,
MAR,2013-05-22,dividend,0.17,,
MAR,2013-08-20,dividend,0.17,,
MAR,2013-11-19,dividend,0.17,,
MAR,2014-02-26,dividend,0.17,,
MAR,2014-05-21,dividend,0.2,,
MAR,2014-08-19,dividend,0.2,,
MAR,2014-11-18,dividend,0.2,,
MAR,2015-02-25,dividend,0.2,,
MAR,2015-05-20,dividend,0.25,,
MAR,2015-08-18,dividend,0.25,,
MAR,2015-11-17,dividend,0.25,,
MAR,2016-02-23,dividend,0.25,,
MAR,2016-05-18,dividend,0.3,,
MAR,2016-09-21,dividend,0.3,,
MAR,2016-11-21,dividend,0.3,,
MAR,2017-02-22,dividend,0.3,,
MAR,2017-05-17,dividend,0.33,,
MAR,2017-08-22,dividend,0.33,,
MAR,2017-11-21,dividend,0.33,,
MAR,2018-02-22,dividend,0.33,,
MAR,2018-05-17,dividend,0.41,,
MAR,2018-08-22,dividend,0.41,,
MAR,2018-11-20,dividend,0.41,,
MAR,2019-02-28,dividend,0.41,,
MAR,2019-05-23,dividend,0.48,,
MAR,2019-08-21,dividend,0.48,,
MAR,2019-11-20,dividend,0.48,,
MAR,2020-02-27,dividend,0.48,,
MAR,2022-05-13,dividend,0.3,,
MAR,2022-08-17,dividend,0.3,,
MAR,2022-11-22,dividend,0.4,,
MAR,2023-02-23,dividend,0.4,,
MAR,2023-05-25,dividend,0.52,,
MAR,2023-08-16,dividend,0.52,,
MAR,2023-11-21,dividend,0.52,,
MAR,2024-02-21,dividend,0.52,,
MAR,2024-05-23,dividend,0.63,,
MAR,2024-08-16,dividend,0.63,,
MAR,2024-11-21,dividend,0.63,,
MAR,2025-02-27,dividend,0.63,,
MAR,2025-05-23,dividend,0.67,,
MAR,2025-08-21,dividend,0.67,,
MAR,2025-11-20,dividend,0.67,,
MAR,2026-02-26,dividend,0.67,,
MAR,2026-05-22,dividend,0.73,,
MAR,2026-08-20,dividend,0.73,,
MC.PA,2006-12-01,dividend,0.3,,
MC.PA,2007-05-15,dividend,1.1,,
MC.PA,2007-11-28,dividend,0.35,,
MC.PA,2008-05-20,dividend,1.25,,
MC.PA,2008-11-05,dividend,0.278784,,
MC.PA,2008-11-27,dividend,0.35,,
MC.PA,2009-05-20,dividend,1.25,,
MC.PA,2009-11-27,dividend,0.35,,
MC.PA,2010-05-20,dividend,1.3,,
MC.PA,2010-11-29,dividend,0.7,,
MC.PA,2011-05-20,dividend,1.4,,
MC.PA,2011-11-29,dividend,0.8,,
MC.PA,2012-04-20,dividend,1.8,,
MC.PA,2012-11-29,dividend,1.1,,
MC.PA,2013-04-22,dividend,1.8,,
MC.PA,2013-11-28,dividend,1.2,,
MC.PA,2014-04-14,dividend,1.9,,
MC.PA,2014-12-02,dividend,1.25,,
MC.PA,2015-04-21,dividend,1.95,,
MC.PA,2015-12-01,dividend,1.35,,
MC.PA,2016-04-19,dividend,2.2,,
MC.PA,2016-11-29,dividend,1.4,,
MC.PA,2017-04-19,dividend,2.6,,
MC.PA,2017-12-05,dividend,1.6,,
MC.PA,2018-04-17,dividend,3.4,,
MC.PA,2018-12-04,dividend,2.0,,
MC.PA,2019-04-25,dividend,4.0,,
MC.PA,2019-12-06,dividend,2.2,,
MC.PA,2020-07-07,dividend,2.6,,
MC.PA,2020-12-01,dividend,2.0,,
MC.PA,2021-04-20,dividend,4.0,,
MC.PA,2021-11-30,dividend,3.0,,
MC.PA,2022-04-26,dividend,7.0,,
MC.PA,2022-12-01,dividend,5.0,,
MC.PA,2023-04-25,dividend,7.0,,
MC.PA,2023-12-04,dividend,5.5,,
MC.PA,2024-04-23,dividend,7.5,,
MC.PA,2024-12-02,dividend,5.5,,
MC.PA,2025-04-24,dividend,7.5,,
MC.PA,2025-12-02,dividend,5.5,,
MC.PA,2026-04-28,dividend,7.5,,
MCD,2006-11-13,dividend,1.0,,
MCD,2007-11-13,dividend,1.5,,
MCD,2008-02-28,dividend,0.375,,
MCD,2008-06-05,dividend,0.375,,
MCD,2008-08-28,dividend,0.375,,
MCD,2008-11-26,dividend,0.5,,
MCD,2009-02-26,dividend,0.5,,
MCD,2009-06-04,dividend,0.5,,
MCD,2009-08-28,dividend,0.5,,
MCD,2009-11-27,dividend,0.55,,
MCD,2010-02-25,dividend,0.55,,
MCD,2010-05-27,dividend,0.55,,
MCD,2010-08-30,dividend,0.55,,
MCD,2010-11-29,dividend,0.61,,
MCD,2011-02-25,dividend,0.61,,
MCD,2011-05-27,dividend,0.61,,
MCD,2011-08-30,dividend,0.61,,
MCD,2011-11-29,dividend,0.7,,
MCD,2012-02-28,dividend,0.7,,
MCD,2012-05-31,dividend,0.7,,
MCD,2012-08-30,dividend,0.7,,
MCD,2012-11-29,dividend,0.77,,
MCD,2013-02-27,dividend,0.77,,
MCD,2013-05-30,dividend,0.77,,
MCD,2013-08-29,dividend,0.77,,
MCD,2013-11-27,dividend,0.81,,
MCD,2014-02-27,dividend,0.81,,
MCD,2014-05-29,dividend,0.81,,
MCD,2014-08-28,dividend,0.81,,
MCD,2014-11-26,dividend,0.85,,
MCD,2015-02-26,dividend,0.85,,
MCD,2015-05-28,dividend,0.85,,
MCD,2015-08-28,dividend,0.85,,
MCD,2015-11-27,dividend,0.89,,
MCD,2016-02-26,dividend,0.89,,
MCD,2016-06-02,dividend,0.89,,
MCD,2016-08-30,dividend,0.89,,
MCD,2016-11-29,dividend,0.94,,
MCD,2017-02-27,dividend,0.94,,
MCD,2017-06-01,dividend,0.94,,
MCD,2017-08-30,dividend,0.94,,
MCD,2017-11-30,dividend,1.01,,
MCD,2018-02-28,dividend,1.01,,
MCD,2018-06-01,dividend,1.01,,
MCD,2018-08-31,dividend,1.01,,
MCD,2018-11-30,dividend,1.16,,
MCD,2019-02-28,dividend,1.16,,
MCD,2019-05-31,dividend,1.16,,
MCD,2019-08-30,dividend,1.16,,
MCD,2019-11-29,dividend,1.25,,
MCD,2020-02-28,dividend,1.25,,
MCD,2020-05-29,dividend,1.25,,
MCD,2020-08-31,dividend,1.25,,
MCD,2020-11-30,dividend,1.29,,
MCD,2021-02-26,dividend,1.29,,
MCD,2021-05-28,dividend,1.29,,
MCD,2021-08-31,dividend,1.29,,
MCD,2021-11-30,dividend,1.38,,
MCD,2022-02-28,dividend,1.38,,
MCD,2022-06-03,dividend,1.38,,
MCD,2022-08-31,dividend,1.38,,
MCD,2022-11-30,dividend,1.52,,
MCD,2023-02-28,dividend,1.52,,
MCD,2023-06-02,dividend,1.52,,
MCD,2023-08-31,dividend,1.52,,
MCD,2023-11-30,dividend,1.67,,
MCD,2024-02-29,dividend,1.67,,
MCD,2024-06-03,dividend,1.67,,
MCD,2024-09-03,dividend,1.67,,
MCD,2024-12-02,dividend,1.77,,
MCD,2025-03-03,dividend,1.77,,
MCD,2025-06-02,dividend,1.77,,
MCD,2025-09-02,dividend,1.77,,
MCD,2025-12-01,dividend,1.86,,
MCD,2026-03-03,dividend,1.86,,
MCD,2026-06-02,dividend,1.86,,
MCD,2026-09-01,dividend,1.86,,
MCK,2006-11-29,dividend,0.06,,
MCK,2007-02-27,dividend,0.06,,
MCK,2007-06-06,dividend,0.06,,
MCK,2007-08-29,dividend,0.06,,
MCK,2007-11-29,dividend,0.06,,
MCK,2008-02-28,dividend,0.06,,
MCK,2008-06-04,dividend,0.12,,
MCK,2008-08-28,dividend,0.12,,
MCK,2008-11-26,dividend,0.12,,
MCK,2009-02-26,dividend,0.12,,
MCK,2009-06-08,dividend,0.12,,
MCK,2009-08-28,dividend,0.12,,
MCK,2009-11-27,dividend,0.12,,
MCK,2010-02-25,dividend,0.12,,
MCK,2010-06-08,dividend,0.18,,
MCK,2010-08-30,dividend,0.18,,
MCK,2010-11-29,dividend,0.18,,
MCK,2011-02-25,dividend,0.18,,
MCK,2011-06-08,dividend,0.2,,
MCK,2011-08-30,dividend,0.2,,
MCK,2011-11-29,dividend,0.2,,
MCK,2012-02-28,dividend,0.2,,
MCK,2012-06-06,dividend,0.2,,
MCK,2012-08-30,dividend,0.2,,
MCK,2012-11-29,dividend,0.2,,
MCK,2013-02-27,dividend,0.2,,
MCK,2013-06-05,dividend,0.2,,
MCK,2013-08-29,dividend,0.24,,
MCK,2013-11-27,dividend,0.24,,
MCK,2014-02-27,dividend,0.24,,
MCK,2014-06-05,dividend,0.24,,
MCK,2014-08-28,dividend,0.24,,
MCK,2014-11-26,dividend,0.24,,
MCK,2015-02-26,dividend,0.24,,
MCK,2015-06-04,dividend,0.24,,
MCK,2015-08-28,dividend,0.28,,
MCK,2015-11-27,dividend,0.28,,
MCK,2016-02-26,dividend,0.28,,
MCK,2016-06-02,dividend,0.28,,
MCK,2016-08-30,dividend,0.28,,
MCK,2016-11-29,dividend,0.28,,
MCK,2017-02-27,dividend,0.28,,
MCK,2017-06-01,dividend,0.28,,
MCK,2017-08-30,dividend,0.34,,
MCK,2017-11-30,dividend,0.34,,
MCK,2018-02-28,dividend,0.34,,
MCK,2018-05-31,dividend,0.34,,
MCK,2018-08-31,dividend,0.39,,
MCK,2018-11-30,dividend,0.39,,
MCK,2019-02-28,dividend,0.39,,
MCK,2019-05-31,dividend,0.39,,
MCK,2019-08-30,dividend,0.41,,
MCK,2019-11-29,dividend,0.41,,
MCK,2020-02-28,dividend,0.41,,
MCK,2020-05-29,dividend,0.41,,
MCK,2020-08-31,dividend,0.42,,
MCK,2020-11-30,dividend,0.42,,
MCK,2021-03-01,dividend,0.42,,
MCK,2021-05-28,dividend,0.42,,
MCK,2021-08-31,dividend,0.47,,
MCK,2021-11-30,dividend,0.47,,
MCK,2022-02-28,dividend,0.47,,
MCK,2022-05-31,dividend,0.47,,
MCK,2022-08-31,dividend,0.54,,
MCK,2022-11-30,dividend,0.54,,
MCK,2023-02-28,dividend,0.54,,
MCK,2023-05-31,dividend,0.54,,
MCK,2023-08-31,dividend,0.62,,
MCK,2023-11-30,dividend,0.62,,
MCK,2024-02-29,dividend,0.62,,
MCK,2024-06-03,dividend,0.62,,
MCK,2024-08-30,dividend,0.71,,
MCK,2024-12-02,dividend,0.71,,
MCK,2025-03-03,dividend,0.71,,
MCK,2025-06-02,dividend,0.71,,
MCK,2025-09-02,dividend,0.82,,
MCK,2025-12-01,dividend,0.82,,
MCK,2026-03-02,dividend,0.82,,
MCK,2026-06-01,dividend,0.82,,
MCK,2026-09-01,dividend,0.94,,
MDLZ,2006-12-22,dividend,0.25,,
MDLZ,2007-03-13,dividend,0.25,,
MDLZ,2007-06-26,dividend,0.25,,
MDLZ,2007-09-06,dividend,0.27,,
MDLZ,2007-12-21,dividend,0.27,,
MDLZ,2008-03-12,dividend,0.27,,
MDLZ,2008-06-25,dividend,0.27,,
MDLZ,2008-09-22,dividend,0.29,,
MDLZ,2008-12-23,dividend,0.29,,
MDLZ,2009-03-23,dividend,0.29,,
MDLZ,2009-06-26,dividend,0.29,,
MDLZ,2009-09-28,dividend,0.29,,
MDLZ,2009-12-28,dividend,0.29,,
MDLZ,2010-03-29,dividend,0.29,,
MDLZ,2010-06-28,dividend,0.29,,
MDLZ,2010-09-28,dividend,0.29,,
MDLZ,2010-12-29,dividend,0.29,,
MDLZ,2011-03-29,dividend,0.29,,
MDLZ,2011-06-28,dividend,0.29,,
MDLZ,2011-09-28,dividend,0.29,,
MDLZ,2011-12-28,dividend,0.29,,
MDLZ,2012-03-28,dividend,0.29,,
MDLZ,2012-06-27,dividend,0.29,,
MDLZ,2012-09-17,dividend,0.29,,
MDLZ,2012-10-02,dividend,14.173,,
MDLZ,2012-12-27,dividend,0.13,,
MDLZ,2013-03-27,dividend,0.26,,
MDLZ,2013-06-27,dividend,0.13,,
MDLZ,2013-09-26,dividend,0.14,,
MDLZ,2013-12-27,dividend,0.14,,
MDLZ,2014-03-27,dividend,0.14,,
MDLZ,2014-06-26,dividend,0.14,,
MDLZ,2014-09-26,dividend,0.15,,
MDLZ,2014-12-29,dividend,0.15,,
MDLZ,2015-03-27,dividend,0.15,,
MDLZ,2015-06-26,dividend,0.15,,
MDLZ,2015-09-28,dividend,0.17,,
MDLZ,2015-12-29,dividend,0.17,,
MDLZ,2016-03-29,dividend,0.17,,
MDLZ,2016-06-28,dividend,0.17,,
MDLZ,2016-09-28,dividend,0.19,,
MDLZ,2016-12-28,dividend,0.19,,
MDLZ,2017-03-29,dividend,0.19,,
MDLZ,2017-06-28,dividend,0.19,,
MDLZ,2017-09-28,dividend,0.22,,
MDLZ,2017-12-28,dividend,0.22,,
MDLZ,2018-03-28,dividend,0.22,,
MDLZ,2018-06-28,dividend,0.22,,
MDLZ,2018-09-27,dividend,0.26,,
MDLZ,2018-12-28,dividend,0.26,,
MDLZ,2019-03-28,dividend,0.26,,
MDLZ,2019-06-27,dividend,0.26,,
MDLZ,2019-09-27,dividend,0.285,,
MDLZ,2019-12-30,dividend,0.285,,
MDLZ,2020-03-30,dividend,0.285,,
MDLZ,2020-06-29,dividend,0.285,,
MDLZ,2020-09-29,dividend,0.315,,
MDLZ,2020-12-30,dividend,0.315,,
MDLZ,2021-03-30,dividend,0.315,,
MDLZ,2021-06-29,dividend,0.315,,
MDLZ,2021-09-29,dividend,0.35,,
MDLZ,2021-12-30,dividend,0.35,,
MDLZ,2022-03-30,dividend,0.35,,
MDLZ,2022-06-29,dividend,0.35,,
MDLZ,2022-09-29,dividend,0.385,,
MDLZ,2022-12-29,dividend,0.385,,
MDLZ,2023-03-30,dividend,0.385,,
MDLZ,2023-06-29,dividend,0.385,,
MDLZ,2023-09-28,dividend,0.425,,
MDLZ,2023-12-28,dividend,0.425,,
MDLZ,2024-03-27,dividend,0.425,,
MDLZ,2024-06-28,dividend,0.425,,
MDLZ,2024-09-30,dividend,0.47,,
MDLZ,2024-12-31,dividend,0.47,,
MDLZ,2025-03-31,dividend,0.47,,
MDLZ,2025-06-30,dividend,0.47,,
MDLZ,2025-09-30,dividend,0.5,,
MDLZ,2025-12-31,dividend,0.5,,
MDLZ,2026-03-31,dividend,0.5,,
MDLZ,2026-06-30,dividend,0.5,,
MDT,2006-10-04,dividend,0.11,,
MDT,2007-01-03,dividend,0.11,,
MDT,2007-04-03,dividend,0.11,,
MDT,2007-07-03,dividend,0.125,,
MDT,2007-10-03,dividend,0.125,,
MDT,2008-01-02,dividend,0.125,,
MDT,2008-04-02,dividend,0.125,,
MDT,2008-07-01,dividend,0.188,,
MDT,2008-10-01,dividend,0.188,,
MDT,2008-12-30,dividend,0.188,,
MDT,2009-04-01,dividend,0.188,,
MDT,2009-07-08,dividend,0.205,,
MDT,2009-10-07,dividend,0.205,,
MDT,2010-01-06,dividend,0.205,,
MDT,2010-04-07,dividend,0.205,,
MDT,2010-07-07,dividend,0.225,,
MDT,2010-10-06,dividend,0.225,,
MDT,2011-01-05,dividend,0.225,,
MDT,2011-04-06,dividend,0.225,,
MDT,2011-07-06,dividend,0.243,,
MDT,2011-10-05,dividend,0.243,,
MDT,2012-01-04,dividend,0.243,,
MDT,2012-04-03,dividend,0.243,,
MDT,2012-07-03,dividend,0.26,,
MDT,2012-10-03,dividend,0.26,,
MDT,2012-12-13,dividend,0.26,,
MDT,2013-04-03,dividend,0.26,,
MDT,2013-07-02,dividend,0.28,,
MDT,2013-10-02,dividend,0.28,,
MDT,2013-12-31,dividend,0.28,,
MDT,2014-04-02,dividend,0.28,,
MDT,2014-07-01,dividend,0.305,,
MDT,2014-10-01,dividend,0.305,,
MDT,2014-12-30,dividend,0.305,,
MDT,2015-03-26,dividend,0.305,,
MDT,2015-06-25,dividend,0.38,,
MDT,2015-09-23,dividend,0.38,,
MDT,2015-12-22,dividend,0.38,,
MDT,2016-03-22,dividend,0.38,,
MDT,2016-07-06,dividend,0.43,,
MDT,2016-09-27,dividend,0.43,,
MDT,2016-12-21,dividend,0.43,,
MDT,2017-03-22,dividend,0.43,,
MDT,2017-07-05,dividend,0.46,,
MDT,2017-09-28,dividend,0.46,,
MDT,2017-12-28,dividend,0.46,,
MDT,2018-03-22,dividend,0.46,,
MDT,2018-07-05,dividend,0.5,,
MDT,2018-12-27,dividend,0.5,,
MDT,2019-03-21,dividend,0.5,,
MDT,2019-07-05,dividend,0.54,,
MDT,2019-09-26,dividend,0.54,,
MDT,2019-12-26,dividend,0.54,,
MDT,2020-03-26,dividend,0.54,,
MDT,2020-06-25,dividend,0.58,,
MDT,2020-09-24,dividend,0.58,,
MDT,2020-12-21,dividend,0.58,,
MDT,2021-03-25,dividend,0.58,,
MDT,2021-06-24,dividend,0.63,,
MDT,2021-09-23,dividend,0.63,,
MDT,2021-12-21,dividend,0.63,,
MDT,2022-03-24,dividend,0.63,,
MDT,2022-06-23,dividend,0.68,,
MDT,2022-09-22,dividend,0.68,,
MDT,2022-12-20,dividend,0.68,,
MDT,2023-03-23,dividend,0.68,,
MDT,2023-06-22,dividend,0.69,,
MDT,2023-09-21,dividend,0.69,,
MDT,2023-12-19,dividend,0.69,,
MDT,2024-03-21,dividend,0.69,,
MDT,2024-06-28,dividend,0.7,,
MDT,2024-09-27,dividend,0.7,,
MDT,2024-12-27,dividend,0.7,,
MDT,2025-03-28,dividend,0.7,,
MDT,2025-06-27,dividend,0.71,,
MDT,2025-09-26,dividend,0.71,,
MDT,2025-12-26,dividend,0.71,,
MDT,2026-03-27,dividend,0.71,,
MDT,2026-06-26,dividend,0.72,,
META,2024-02-21,dividend,0.5,,
META,2024-06-14,dividend,0.5,,
META,2024-09-16,dividend,0.5,,
META,2024-12-16,dividend,0.5,,
META,2025-03-14,dividend,0.525,,
META,2025-06-16,dividend,0.525,,
META,2025-09-22,dividend,0.525,,
META,2025-12-15,dividend,0.525,,
META,2026-03-16,dividend,0.525,,
META,2026-06-15,dividend,0.525,,
MMM,2006-11-21,dividend,0.384615,,
MMM,2007-02-21,dividend,0.401338,,
MMM,2007-05-16,dividend,0.401338,,
MMM,2007-08-22,dividend,0.401338,,
MMM,2007-11-20,dividend,0.401338,,
MMM,2008-02-20,dividend,0.41806,,
MMM,2008-05-21,dividend,0.41806,,
MMM,2008-08-20,dividend,0.41806,,
MMM,2008-11-19,dividend,0.41806,,
MMM,2009-02-18,dividend,0.426421,,
MMM,2009-05-20,dividend,0.426421,,
MMM,2009-08-19,dividend,0.426421,,
MMM,2009-11-18,dividend,0.426421,,
MMM,2010-02-17,dividend,0.438963,,
MMM,2010-05-19,dividend,0.438963,,
MMM,2010-08-18,dividend,0.438963,,
MMM,2010-11-17,dividend,0.438963,,
MMM,2011-02-16,dividend,0.459866,,
MMM,2011-05-18,dividend,0.459866,,
MMM,2011-08-17,dividend,0.459866,,
MMM,2011-11-22,dividend,0.459866,,
MMM,2012-02-15,dividend,0.493311,,
MMM,2012-05-16,dividend,0.493311,,
MMM,2012-08-22,dividend,0.493311,,
MMM,2012-11-20,dividend,0.493311,,
MMM,2013-02-13,dividend,0.530936,,
MMM,2013-05-22,dividend,0.530936,,
MMM,2013-08-21,dividend,0.530936,,
MMM,2013-11-20,dividend,0.530936,,
MMM,2014-02-12,dividend,0.714883,,
MMM,2014-05-21,dividend,0.714883,,
MMM,2014-08-20,dividend,0.714883,,
MMM,2014-11-19,dividend,0.714883,,
MMM,2015-02-11,dividend,0.857023,,
MMM,2015-05-20,dividend,0.857023,,
MMM,2015-08-19,dividend,0.857023,,
MMM,2015-11-18,dividend,0.857023,,
MMM,2016-02-10,dividend,0.928094,,
MMM,2016-05-18,dividend,0.928094,,
MMM,2016-08-17,dividend,0.928094,,
MMM,2016-11-16,dividend,0.928094,,
MMM,2017-02-15,dividend,0.982441,,
MMM,2017-05-17,dividend,0.982441,,
MMM,2017-08-23,dividend,0.982441,,
MMM,2017-11-22,dividend,0.982441,,
MMM,2018-02-15,dividend,1.137124,,
MMM,2018-05-17,dividend,1.137124,,
MMM,2018-08-23,dividend,1.137124,,
MMM,2018-11-21,dividend,1.137124,,
MMM,2019-02-14,dividend,1.204013,,
MMM,2019-05-23,dividend,1.204013,,
MMM,2019-08-15,dividend,1.204013,,
MMM,2019-11-21,dividend,1.204013,,
MMM,2020-02-13,dividend,1.229097,,
MMM,2020-05-21,dividend,1.229097,,
MMM,2020-08-21,dividend,1.229097,,
MMM,2020-11-19,dividend,1.229097,,
MMM,2021-02-11,dividend,1.237458,,
MMM,2021-05-20,dividend,1.237458,,
MMM,2021-08-20,dividend,1.237458,,
MMM,2021-11-18,dividend,1.237458,,
MMM,2022-02-17,dividend,1.245819,,
MMM,2022-05-19,dividend,1.245819,,
MMM,2022-08-19,dividend,1.245819,,
MMM,2022-11-17,dividend,1.245819,,
MMM,2023-02-16,dividend,1.254181,,
MMM,2023-05-18,dividend,1.254181,,
MMM,2023-08-18,dividend,1.254181,,
MMM,2023-11-16,dividend,1.254181,,
MMM,2024-02-15,dividend,1.262542,,
MMM,2024-04-01,split,1.196,1196:1000,
MMM,2024-05-23,dividend,0.7,,
MMM,2024-08-26,dividend,0.7,,
MMM,2024-11-15,dividend,0.7,,
MMM,2025-02-14,dividend,0.73,,
MMM,2025-05-23,dividend,0.73,,
MMM,2025-08-25,dividend,0.73,,
MMM,2025-11-14,dividend,0.73,,
MMM,2026-02-13,dividend,0.78,,
MMM,2026-05-22,dividend,0.78,,
MMM,2026-08-24,dividend,0.78,,
MO,2006-12-22,dividend,0.86,,
MO,2007-03-13,dividend,0.86,,
MO,2007-04-02,dividend,21.909,,
MO,2007-06-13,dividend,0.69,,
MO,2007-09-12,dividend,0.75,,
MO,2007-12-21,dividend,0.75,,
MO,2008-03-17,dividend,0.75,,
MO,2008-03-31,dividend,51.06,,
MO,2008-06-11,dividend,0.29,,
MO,2008-09-11,dividend,0.32,,
MO,2008-12-22,dividend,0.32,,
MO,2009-03-12,dividend,0.32,,
MO,2009-06-11,dividend,0.32,,
MO,2009-09-11,dividend,0.34,,
MO,2009-12-28,dividend,0.34,,
MO,2010-03-11,dividend,0.35,,
MO,2010-06-11,dividend,0.35,,
MO,2010-09-13,dividend,0.38,,
MO,2010-12-23,dividend,0.38,,
MO,2011-03-11,dividend,0.38,,
MO,2011-06-13,dividend,0.38,,
MO,2011-09-13,dividend,0.41,,
MO,2011-12-22,dividend,0.41,,
MO,2012-03-13,dividend,0.41,,
MO,2012-06-13,dividend,0.41,,
MO,2012-09-12,dividend,0.44,,
MO,2012-12-21,dividend,0.44,,
MO,2013-03-13,dividend,0.44,,
MO,2013-06-12,dividend,0.44,,
MO,2013-09-12,dividend,0.48,,
MO,2013-12-23,dividend,0.48,,
MO,2014-03-12,dividend,0.48,,
MO,2014-06-12,dividend,0.48,,
MO,2014-09-11,dividend,0.52,,
MO,2014-12-22,dividend,0.52,,
MO,2015-03-12,dividend,0.52,,
MO,2015-06-11,dividend,0.52,,
MO,2015-09-11,dividend,0.565,,
MO,2015-12-22,dividend,0.565,,
MO,2016-03-11,dividend,0.565,,
MO,2016-06-13,dividend,0.565,,
MO,2016-09-13,dividend,0.61,,
MO,2016-12-20,dividend,0.61,,
MO,2017-03-13,dividend,0.61,,
MO,2017-06-13,dividend,0.61,,
MO,2017-09-14,dividend,0.66,,
MO,2017-12-20,dividend,0.66,,
MO,2018-03-14,dividend,0.7,,
MO,2018-06-14,dividend,0.7,,
MO,2018-09-13,dividend,0.8,,
MO,2018-12-24,dividend,0.8,,
MO,2019-03-22,dividend,0.8,,
MO,2019-06-13,dividend,0.8,,
MO,2019-09-13,dividend,0.84,,
MO,2019-12-24,dividend,0.84,,
MO,2020-03-24,dividend,0.84,,
MO,2020-06-12,dividend,0.84,,
MO,2020-09-14,dividend,0.86,,
MO,2020-12-24,dividend,0.86,,
MO,2021-03-24,dividend,0.86,,
MO,2021-06-14,dividend,0.86,,
MO,2021-09-14,dividend,0.9,,
MO,2021-12-22,dividend,0.9,,
MO,2022-03-24,dividend,0.9,,
MO,2022-06-14,dividend,0.9,,
MO,2022-09-14,dividend,0.94,,
MO,2022-12-21,dividend,0.94,,
MO,2023-03-23,dividend,0.94,,
MO,2023-06-14,dividend,0.94,,
MO,2023-09-14,dividend,0.98,,
MO,2023-12-20,dividend,0.98,,
MO,2024-03-22,dividend,0.98,,
MO,2024-06-14,dividend,0.98,,
MO,2024-09-16,dividend,1.02,,
MO,2024-12-26,dividend,1.02,,
MO,2025-03-25,dividend,1.02,,
MO,2025-06-16,dividend,1.02,,
MO,2025-09-15,dividend,1.06,,
MO,2025-12-26,dividend,1.06,,
MO,2026-03-25,dividend,1.06,,
MO,2026-06-15,dividend,1.06,,
MO,2026-09-15,dividend,1.11,,
MRK,2006-12-06,dividend,0.362595,,
MRK,2007-03-07,dividend,0.362595,,
MRK,2007-06-06,dividend,0.362595,,
MRK,2007-09-05,dividend,0.362595,,
MRK,2007-12-05,dividend,0.362595,,
MRK,2008-03-05,dividend,0.362595,,
MRK,2008-06-04,dividend,0.362595,,
MRK,2008-09-03,dividend,0.362595,,
MRK,2008-12-03,dividend,0.362595,,
MRK,2009-03-04,dividend,0.362595,,
MRK,2009-06-04,dividend,0.362595,,
MRK,2009-09-02,dividend,0.362595,,
MRK,2009-12-11,dividend,0.362595,,
MRK,2010-03-11,dividend,0.362595,,
MRK,2010-06-11,dividend,0.362595,,
MRK,2010-09-13,dividend,0.362595,,
MRK,2010-12-13,dividend,0.362595,,
MRK,2011-03-11,dividend,0.362595,,
MRK,2011-06-13,dividend,0.362595,,
MRK,2011-09-13,dividend,0.362595,,
MRK,2011-12-13,dividend,0.400763,,
MRK,2012-03-13,dividend,0.400763,,
MRK,2012-06-13,dividend,0.400763,,
MRK,2012-09-13,dividend,0.400763,,
MRK,2012-12-13,dividend,0.410305,,
MRK,2013-03-13,dividend,0.410305,,
MRK,2013-06-13,dividend,0.410305,,
MRK,2013-09-12,dividend,0.410305,,
MRK,2013-12-12,dividend,0.419847,,
MRK,2014-03-13,dividend,0.419847,,
MRK,2014-06-12,dividend,0.419847,,
MRK,2014-09-11,dividend,0.419847,,
MRK,2014-12-11,dividend,0.429389,,
MRK,2015-03-12,dividend,0.429389,,
MRK,2015-06-11,dividend,0.429389,,
MRK,2015-09-11,dividend,0.429389,,
MRK,2015-12-11,dividend,0.438931,,
MRK,2016-03-11,dividend,0.438931,,
MRK,2016-06-13,dividend,0.438931,,
MRK,2016-09-13,dividend,0.438931,,
MRK,2016-12-13,dividend,0.448473,,
MRK,2017-03-13,dividend,0.448473,,
MRK,2017-06-13,dividend,0.448473,,
MRK,2017-09-14,dividend,0.448473,,
MRK,2017-12-14,dividend,0.458015,,
MRK,2018-03-14,dividend,0.458015,,
MRK,2018-06-14,dividend,0.458015,,
MRK,2018-09-14,dividend,0.458015,,
MRK,2018-12-14,dividend,0.524809,,
MRK,2019-03-14,dividend,0.524809,,
MRK,2019-06-14,dividend,0.524809,,
MRK,2019-09-13,dividend,0.524809,,
MRK,2019-12-13,dividend,0.582061,,
MRK,2020-03-13,dividend,0.582061,,
MRK,2020-06-12,dividend,0.582061,,
MRK,2020-09-14,dividend,0.582061,,
MRK,2020-12-14,dividend,0.620229,,
MRK,2021-03-12,dividend,0.620229,,
MRK,2021-06-03,split,1.048,1048:1000,
MRK,2021-06-14,dividend,0.65,,
MRK,2021-09-14,dividend,0.65,,
MRK,2021-12-14,dividend,0.69,,
MRK,2022-03-14,dividend,0.69,,
MRK,2022-06-14,dividend,0.69,,
MRK,2022-09-14,dividend,0.69,,
MRK,2022-12-14,dividend,0.73,,
MRK,2023-03-14,dividend,0.73,,
MRK,2023-06-14,dividend,0.73,,
MRK,2023-09-14,dividend,0.73,,
MRK,2023-12-14,dividend,0.77,,
MRK,2024-03-14,dividend,0.77,,
MRK,2024-06-17,dividend,0.77,,
MRK,2024-09-16,dividend,0.77,,
MRK,2024-12-16,dividend,0.81,,
MRK,2025-03-17,dividend,0.81,,
MRK,2025-06-16,dividend,0.81,,
MRK,2025-09-15,dividend,0.81,,
MRK,2025-12-15,dividend,0.85,,
MRK,2026-03-16,dividend,0.85,,
MRK,2026-06-15,dividend,0.85,,
MRK,2026-09-15,dividend,0.85,,
MS,2006-10-11,dividend,0.27,,
MS,2007-01-10,dividend,0.27,,
MS,2007-04-11,dividend,0.27,,
MS,2007-07-02,dividend,14.25,,
MS,2007-07-11,dividend,0.27,,
MS,2007-10-10,dividend,0.27,,
MS,2008-01-09,dividend,0.27,,
MS,2008-04-09,dividend,0.27,,
MS,2008-07-09,dividend,0.27,,
MS,2008-10-15,dividend,0.27,,
MS,2009-01-28,dividend,0.27,,
MS,2009-04-28,dividend,0.067,,
MS,2009-07-29,dividend,0.05,,
MS,2009-10-28,dividend,0.05,,
MS,2010-01-27,dividend,0.05,,
MS,2010-04-28,dividend,0.05,,
MS,2010-07-28,dividend,0.05,,
MS,2010-10-27,dividend,0.05,,
MS,2011-01-27,dividend,0.05,,
MS,2011-04-27,dividend,0.05,,
MS,2011-07-27,dividend,0.05,,
MS,2011-10-27,dividend,0.05,,
MS,2012-01-27,dividend,0.05,,
MS,2012-04-26,dividend,0.05,,
MS,2012-07-27,dividend,0.05,,
MS,2012-10-31,dividend,0.05,,
MS,2013-02-01,dividend,0.05,,
MS,2013-04-26,dividend,0.05,,
MS,2013-07-29,dividend,0.05,,
MS,2013-10-29,dividend,0.05,,
MS,2014-01-29,dividend,0.05,,
MS,2014-04-28,dividend,0.1,,
MS,2014-07-29,dividend,0.1,,
MS,2014-10-29,dividend,0.1,,
MS,2015-01-28,dividend,0.1,,
MS,2015-04-28,dividend,0.15,,
MS,2015-07-29,dividend,0.15,,
MS,2015-10-28,dividend,0.15,,
MS,2016-01-27,dividend,0.15,,
MS,2016-04-27,dividend,0.15,,
MS,2016-07-27,dividend,0.2,,
MS,2016-10-27,dividend,0.2,,
MS,2017-01-27,dividend,0.2,,
MS,2017-04-27,dividend,0.2,,
MS,2017-07-27,dividend,0.25,,
MS,2017-10-30,dividend,0.25,,
MS,2018-01-30,dividend,0.25,,
MS,2018-04-27,dividend,0.25,,
MS,2018-07-30,dividend,0.3,,
MS,2018-10-30,dividend,0.3,,
MS,2019-01-30,dividend,0.3,,
MS,2019-04-29,dividend,0.3,,
MS,2019-07-30,dividend,0.35,,
MS,2019-10-30,dividend,0.35,,
MS,2020-01-30,dividend,0.35,,
MS,2020-04-29,dividend,0.35,,
MS,2020-07-30,dividend,0.35,,
MS,2020-10-29,dividend,0.35,,
MS,2021-01-28,dividend,0.35,,
MS,2021-04-29,dividend,0.35,,
MS,2021-07-29,dividend,0.7,,
MS,2021-10-28,dividend,0.7,,
MS,2022-01-28,dividend,0.7,,
MS,2022-04-28,dividend,0.7,,
MS,2022-07-28,dividend,0.775,,
MS,2022-10-28,dividend,0.775,,
MS,2023-01-30,dividend,0.775,,
MS,2023-04-28,dividend,0.775,,
MS,2023-07-28,dividend,0.85,,
MS,2023-10-30,dividend,0.85,,
MS,2024-01-30,dividend,0.85,,
MS,2024-04-29,dividend,0.85,,
MS,2024-07-31,dividend,0.925,,
MS,2024-10-31,dividend,0.925,,
MS,2025-01-31,dividend,0.925,,
MS,2025-04-30,dividend,0.925,,
MS,2025-07-31,dividend,1.0,,
MS,2025-10-31,dividend,1.0,,
MS,2026-01-30,dividend,1.0,,
MS,2026-04-30,dividend,1.0,,
MS,2026-07-31,dividend,1.15,,
MSFT,2006-11-14,dividend,0.1,,
MSFT,2007-02-13,dividend,0.1,,
MSFT,2007-05-15,dividend,0.1,,
MSFT,2007-08-14,dividend,0.1,,
MSFT,2007-11-13,dividend,0.11,,
MSFT,2008-02-19,dividend,0.11,,
MSFT,2008-05-13,dividend,0.11,,
MSFT,2008-08-19,dividend,0.11,,
MSFT,2008-11-18,dividend,0.13,,
MSFT,2009-02-17,dividend,0.13,,
MSFT,2009-05-19,dividend,0.13,,
MSFT,2009-08-18,dividend,0.13,,
MSFT,2009-11-17,dividend,0.13,,
MSFT,2010-02-16,dividend,0.13,,
MSFT,2010-05-18,dividend,0.13,,
MSFT,2010-08-17,dividend,0.13,,
MSFT,2010-11-16,dividend,0.16,,
MSFT,2011-02-15,dividend,0.16,,
MSFT,2011-05-17,dividend,0.16,,
MSFT,2011-08-16,dividend,0.16,,
MSFT,2011-11-15,dividend,0.2,,
MSFT,2012-02-14,dividend,0.2,,
MSFT,2012-05-15,dividend,0.2,,
MSFT,2012-08-14,dividend,0.2,,
MSFT,2012-11-13,dividend,0.23,,
MSFT,2013-02-19,dividend,0.23,,
MSFT,2013-05-14,dividend,0.23,,
MSFT,2013-08-13,dividend,0.23,,
MSFT,2013-11-19,dividend,0.28,,
MSFT,2014-02-18,dividend,0.28,,
MSFT,2014-05-13,dividend,0.28,,
MSFT,2014-08-19,dividend,0.28,,
MSFT,2014-11-18,dividend,0.31,,
MSFT,2015-02-17,dividend,0.31,,
MSFT,2015-05-19,dividend,0.31,,
MSFT,2015-08-18,dividend,0.31,,
MSFT,2015-11-17,dividend,0.36,,
MSFT,2016-02-16,dividend,0.36,,
MSFT,2016-05-17,dividend,0.36,,
MSFT,2016-08-16,dividend,0.36,,
MSFT,2016-11-15,dividend,0.39,,
MSFT,2017-02-14,dividend,0.39,,
MSFT,2017-05-16,dividend,0.39,,
MSFT,2017-08-15,dividend,0.39,,
MSFT,2017-11-15,dividend,0.42,,
MSFT,2018-02-14,dividend,0.42,,
MSFT,2018-05-16,dividend,0.42,,
MSFT,2018-08-15,dividend,0.42,,
MSFT,2018-11-14,dividend,0.46,,
MSFT,2019-02-20,dividend,0.46,,
MSFT,2019-05-15,dividend,0.46,,
MSFT,2019-08-14,dividend,0.46,,
MSFT,2019-11-20,dividend,0.51,,
MSFT,2020-02-19,dividend,0.51,,
MSFT,2020-05-20,dividend,0.51,,
MSFT,2020-08-19,dividend,0.51,,
MSFT,2020-11-18,dividend,0.56,,
MSFT,2021-02-17,dividend,0.56,,
MSFT,2021-05-19,dividend,0.56,,
MSFT,2021-08-18,dividend,0.56,,
MSFT,2021-11-17,dividend,0.62,,
MSFT,2022-02-16,dividend,0.62,,
MSFT,2022-05-18,dividend,0.62,,
MSFT,2022-08-17,dividend,0.62,,
MSFT,2022-11-16,dividend,0.68,,
MSFT,2023-02-15,dividend,0.68,,
MSFT,2023-05-17,dividend,0.68,,
MSFT,2023-08-16,dividend,0.68,,
MSFT,2023-11-15,dividend,0.75,,
MSFT,2024-02-14,dividend,0.75,,
MSFT,2024-05-15,dividend,0.75,,
MSFT,2024-08-15,dividend,0.75,,
MSFT,2024-11-21,dividend,0.83,,
MSFT,2025-02-20,dividend,0.83,,
MSFT,2025-05-15,dividend,0.83,,
MSFT,2025-08-21,dividend,0.83,,
MSFT,2025-11-20,dividend,0.91,,
MSFT,2026-02-19,dividend,0.91,,
MSFT,2026-05-21,dividend,0.91,,
MSFT,2026-08-20,dividend,0.91,,
MU,2021-09-30,dividend,0.1,,
MU,2021-12-31,dividend,0.1,,
MU,2022-04-08,dividend,0.1,,
MU,2022-07-08,dividend,0.115,,
MU,2022-10-07,dividend,0.115,,
MU,2022-12-30,dividend,0.115,,
MU,2023-04-06,dividend,0.115,,
MU,2023-07-07,dividend,0.115,,
MU,2023-10-06,dividend,0.115,,
MU,2023-12-29,dividend,0.115,,
MU,2024-03-28,dividend,0.115,,
MU,2024-07-08,dividend,0.115,,
MU,2024-10-07,dividend,0.115,,
MU,2024-12-30,dividend,0.115,,
MU,2025-03-31,dividend,0.115,,
MU,2025-07-07,dividend,0.115,,
MU,2025-10-03,dividend,0.115,,
MU,2025-12-29,dividend,0.115,,
MU,2026-03-30,dividend,0.15,,
MU,2026-07-06,dividend,0.15,,
NEE,2006-11-21,dividend,0.09375,,
NEE,2007-02-28,dividend,0.1025,,
NEE,2007-06-06,dividend,0.1025,,
NEE,2007-08-29,dividend,0.1025,,
NEE,2007-11-28,dividend,0.1025,,
NEE,2008-02-27,dividend,0.11125,,
NEE,2008-06-04,dividend,0.11125,,
NEE,2008-08-27,dividend,0.11125,,
NEE,2008-11-25,dividend,0.11125,,
NEE,2009-02-25,dividend,0.11825,,
NEE,2009-06-03,dividend,0.11825,,
NEE,2009-08-26,dividend,0.11825,,
NEE,2009-11-24,dividend,0.11825,,
NEE,2010-02-24,dividend,0.125,,
NEE,2010-06-02,dividend,0.125,,
NEE,2010-08-25,dividend,0.125,,
NEE,2010-11-23,dividend,0.125,,
NEE,2011-03-02,dividend,0.1375,,
NEE,2011-06-01,dividend,0.1375,,
NEE,2011-08-24,dividend,0.1375,,
NEE,2011-11-22,dividend,0.1375,,
NEE,2012-02-29,dividend,0.15,,
NEE,2012-05-31,dividend,0.15,,
NEE,2012-08-29,dividend,0.15,,
NEE,2012-11-28,dividend,0.15,,
NEE,2013-02-27,dividend,0.165,,
NEE,2013-05-30,dividend,0.165,,
NEE,2013-08-28,dividend,0.165,,
NEE,2013-11-26,dividend,0.165,,
NEE,2014-02-26,dividend,0.18125,,
NEE,2014-05-29,dividend,0.18125,,
NEE,2014-08-27,dividend,0.18125,,
NEE,2014-11-25,dividend,0.18125,,
NEE,2015-02-25,dividend,0.1925,,
NEE,2015-05-27,dividend,0.1925,,
NEE,2015-08-26,dividend,0.1925,,
NEE,2015-11-24,dividend,0.1925,,
NEE,2016-02-24,dividend,0.2175,,
NEE,2016-05-26,dividend,0.2175,,
NEE,2016-08-26,dividend,0.2175,,
NEE,2016-11-22,dividend,0.2175,,
NEE,2017-02-24,dividend,0.24575,,
NEE,2017-05-25,dividend,0.24575,,
NEE,2017-08-23,dividend,0.24575,,
NEE,2017-11-22,dividend,0.24575,,
NEE,2018-02-26,dividend,0.2775,,
NEE,2018-06-04,dividend,0.2775,,
NEE,2018-08-29,dividend,0.2775,,
NEE,2018-11-29,dividend,0.2775,,
NEE,2019-02-27,dividend,0.3125,,
NEE,2019-05-31,dividend,0.3125,,
NEE,2019-08-28,dividend,0.3125,,
NEE,2019-11-27,dividend,0.3125,,
NEE,2020-02-27,dividend,0.35,,
NEE,2020-06-01,dividend,0.35,,
NEE,2020-08-27,dividend,0.35,,
NEE,2020-10-27,split,4.0,4:1,
NEE,2020-11-25,dividend,0.35,,
NEE,2021-02-25,dividend,0.385,,
NEE,2021-06-01,dividend,0.385,,
NEE,2021-08-26,dividend,0.385,,
NEE,2021-11-24,dividend,0.385,,
NEE,2022-02-28,dividend,0.425,,
NEE,2022-05-27,dividend,0.425,,
NEE,2022-08-29,dividend,0.425,,
NEE,2022-11-23,dividend,0.425,,
NEE,2023-02-27,dividend,0.468,,
NEE,2023-05-26,dividend,0.468,,
NEE,2023-08-29,dividend,0.468,,
NEE,2023-11-22,dividend,0.468,,
NEE,2024-02-26,dividend,0.515,,
NEE,2024-06-03,dividend,0.515,,
NEE,2024-08-30,dividend,0.515,,
NEE,2024-11-22,dividend,0.515,,
NEE,2025-02-28,dividend,0.567,,
NEE,2025-06-02,dividend,0.567,,
NEE,2025-08-28,dividend,0.567,,
NEE,2025-11-21,dividend,0.567,,
NEE,2026-02-27,dividend,0.623,,
NEE,2026-06-05,dividend,0.623,,
NEE,2026-08-28,dividend,0.623,,
NFLX,2015-07-15,split,7.0,7:1,
NFLX,2025-11-17,split,10.0,10:1,
NG.L,2006-11-29,dividend,9.6879,,
NG.L,2007-06-06,dividend,15.8206005,,
NG.L,2007-11-28,dividend,10.3989,,
NG.L,2008-06-04,dividend,18.931398,,
NG.L,2008-12-03,dividend,11.2344,,
NG.L,2009-06-03,dividend,20.442299,,
NG.L,2009-12-02,dividend,12.1321,,
NG.L,2010-06-02,dividend,24.9063,,
NG.L,2010-12-01,dividend,12.934401,,
NG.L,2011-06-01,dividend,23.5327,,
NG.L,2011-11-30,dividend,13.967199,,
NG.L,2012-05-30,dividend,25.4177,,
NG.L,2012-11-28,dividend,14.528701,,
NG.L,2013-06-05,dividend,26.4304,,
NG.L,2013-12-04,dividend,14.528701,,
NG.L,2014-06-04,dividend,27.6135,,
NG.L,2014-11-20,dividend,14.7493,,
NG.L,2015-06-04,dividend,28.2352,,
NG.L,2015-11-26,dividend,15.04,,
NG.L,2016-06-02,dividend,28.4157,,
NG.L,2016-11-24,dividend,15.210501,,
NG.L,2017-05-22,dividend,77.5503,,
NG.L,2017-05-22,split,0.9166666666666666,11:12,
NG.L,2017-06-01,dividend,26.746199,,
NG.L,2017-11-23,dividend,14.2371,,
NG.L,2018-05-31,dividend,27.9778,,
NG.L,2018-11-22,dividend,14.779399,,
NG.L,2019-05-30,dividend,28.7315,,
NG.L,2019-11-28,dividend,15.2297,,
NG.L,2020-07-02,dividend,29.411701,,
NG.L,2020-11-26,dividend,15.6249,,
NG.L,2021-06-03,dividend,29.5587,,
NG.L,2021-12-02,dividend,15.818,,
NG.L,2022-06-01,dividend,31.029299,,
NG.L,2022-11-24,dividend,16.397,,
NG.L,2023-06-01,dividend,34.558697,,
NG.L,2023-11-23,dividend,17.8308,,
NG.L,2024-06-06,dividend,39.12,,
NG.L,2024-11-21,dividend,15.84,,
NG.L,2025-05-29,dividend,30.880001,,
NG.L,2025-11-20,dividend,16.35,,
NG.L,2026-05-28,dividend,32.14,,
NKE,2006-12-07,dividend,0.023125,,
NKE,2007-03-08,dividend,0.023125,,
NKE,2007-04-03,split,2.0,2:1,
NKE,2007-06-07,dividend,0.04625,,
NKE,2007-09-06,dividend,0.04625,,
NKE,2007-12-06,dividend,0.0575,,
NKE,2008-03-06,dividend,0.0575,,
NKE,2008-06-05,dividend,0.0575,,
NKE,2008-09-04,dividend,0.0575,,
NKE,2008-12-04,dividend,0.0625,,
NKE,2009-03-05,dividend,0.0625,,
NKE,2009-06-04,dividend,0.0625,,
NKE,2009-09-03,dividend,0.0625,,
NKE,2009-12-03,dividend,0.0675,,
NKE,2010-03-04,dividend,0.0675,,
NKE,2010-06-03,dividend,0.0675,,
NKE,2010-09-02,dividend,0.0675,,
NKE,2010-12-02,dividend,0.0775,,
NKE,2011-03-03,dividend,0.0775,,
NKE,2011-06-02,dividend,0.0775,,
NKE,2011-09-01,dividend,0.0775,,
NKE,2011-12-01,dividend,0.09,,
NKE,2012-03-01,dividend,0.09,,
NKE,2012-05-31,dividend,0.09,,
NKE,2012-08-30,dividend,0.09,,
NKE,2012-12-06,dividend,0.105,,
NKE,2012-12-26,split,2.0,2:1,
NKE,2013-02-28,dividend,0.105,,
NKE,2013-05-30,dividend,0.105,,
NKE,2013-08-29,dividend,0.105,,
NKE,2013-12-12,dividend,0.12,,
NKE,2014-02-27,dividend,0.12,,
NKE,2014-05-29,dividend,0.12,,
NKE,2014-08-28,dividend,0.12,,
NKE,2014-12-11,dividend,0.14,,
NKE,2015-02-26,dividend,0.14,,
NKE,2015-05-28,dividend,0.14,,
NKE,2015-09-03,dividend,0.14,,
NKE,2015-12-07,dividend,0.16,,
NKE,2015-12-24,split,2.0,2:1,
NKE,2016-03-03,dividend,0.16,,
NKE,2016-06-02,dividend,0.16,,
NKE,2016-09-01,dividend,0.16,,
NKE,2016-12-01,dividend,0.18,,
NKE,2017-03-02,dividend,0.18,,
NKE,2017-06-01,dividend,0.18,,
NKE,2017-08-31,dividend,0.18,,
NKE,2017-12-01,dividend,0.2,,
NKE,2018-03-02,dividend,0.2,,
NKE,2018-06-01,dividend,0.2,,
NKE,2018-08-31,dividend,0.2,,
NKE,2018-11-30,dividend,0.22,,
NKE,2019-03-01,dividend,0.22,,
NKE,2019-05-31,dividend,0.22,,
NKE,2019-08-30,dividend,0.22,,
NKE,2019-11-29,dividend,0.245,,
NKE,2020-02-28,dividend,0.245,,
NKE,2020-05-29,dividend,0.245,,
NKE,2020-08-28,dividend,0.245,,
NKE,2020-12-04,dividend,0.275,,
NKE,2021-02-26,dividend,0.275,,
NKE,2021-05-28,dividend,0.275,,
NKE,2021-08-27,dividend,0.275,,
NKE,2021-12-03,dividend,0.305,,
NKE,2022-03-04,dividend,0.305,,
NKE,2022-06-03,dividend,0.305,,
NKE,2022-09-02,dividend,0.305,,
NKE,2022-12-02,dividend,0.34,,
NKE,2023-03-03,dividend,0.34,,
NKE,2023-06-02,dividend,0.34,,
NKE,2023-09-01,dividend,0.34,,
NKE,2023-12-01,dividend,0.37,,
NKE,2024-03-01,dividend,0.37,,
NKE,2024-06-03,dividend,0.37,,
NKE,2024-09-03,dividend,0.37,,
NKE,2024-12-02,dividend,0.4,,
NKE,2025-03-03,dividend,0.4,,
NKE,2025-06-02,dividend,0.4,,
NKE,2025-09-02,dividend,0.4,,
NKE,2025-12-01,dividend,0.41,,
NKE,2026-03-02,dividend,0.41,,
NKE,2026-06-01,dividend,0.41,,
NKE,2026-09-01,dividend,0.41,,
NOC,2006-11-22,dividend,0.27105,,
NOC,2007-03-01,dividend,0.334295,,
NOC,2007-05-24,dividend,0.334295,,
NOC,2007-08-23,dividend,0.334295,,
NOC,2007-11-21,dividend,0.334295,,
NOC,2008-02-28,dividend,0.334295,,
NOC,2008-05-29,dividend,0.3614,,
NOC,2008-08-21,dividend,0.3614,,
NOC,2008-11-26,dividend,0.3614,,
NOC,2009-02-26,dividend,0.3614,,
NOC,2009-05-28,dividend,0.388505,,
NOC,2009-08-27,dividend,0.388505,,
NOC,2009-11-25,dividend,0.388505,,
NOC,2010-02-25,dividend,0.388505,,
NOC,2010-05-27,dividend,0.424645,,
NOC,2010-08-26,dividend,0.424645,,
NOC,2010-11-24,dividend,0.424645,,
NOC,2011-02-24,dividend,0.424645,,
NOC,2011-03-31,split,1.1068068622025458,10000:9035,
NOC,2011-05-26,dividend,0.5,,
NOC,2011-08-25,dividend,0.5,,
NOC,2011-11-23,dividend,0.5,,
NOC,2012-02-23,dividend,0.5,,
NOC,2012-05-23,dividend,0.55,,
NOC,2012-08-23,dividend,0.55,,
NOC,2012-11-21,dividend,0.55,,
NOC,2013-02-28,dividend,0.55,,
NOC,2013-05-23,dividend,0.61,,
NOC,2013-08-29,dividend,0.61,,
NOC,2013-11-27,dividend,0.61,,
NOC,2014-02-27,dividend,0.61,,
NOC,2014-05-29,dividend,0.7,,
NOC,2014-08-28,dividend,0.7,,
NOC,2014-11-26,dividend,0.7,,
NOC,2015-02-26,dividend,0.7,,
NOC,2015-05-28,dividend,0.8,,
NOC,2015-08-27,dividend,0.8,,
NOC,2015-11-25,dividend,0.8,,
NOC,2016-02-25,dividend,0.8,,
NOC,2016-06-02,dividend,0.9,,
NOC,2016-08-25,dividend,0.9,,
NOC,2016-12-01,dividend,0.9,,
NOC,2017-03-02,dividend,0.9,,
NOC,2017-06-01,dividend,1.0,,
NOC,2017-08-24,dividend,1.0,,
NOC,2017-12-01,dividend,1.0,,
NOC,2018-03-02,dividend,1.1,,
NOC,2018-06-01,dividend,1.2,,
NOC,2018-08-24,dividend,1.2,,
NOC,2018-11-30,dividend,1.2,,
NOC,2019-02-22,dividend,1.2,,
NOC,2019-05-31,dividend,1.32,,
NOC,2019-09-06,dividend,1.32,,
NOC,2019-11-29,dividend,1.32,,
NOC,2020-02-21,dividend,1.32,,
NOC,2020-05-29,dividend,1.45,,
NOC,2020-08-28,dividend,1.45,,
NOC,2020-11-27,dividend,1.45,,
NOC,2021-02-26,dividend,1.45,,
NOC,2021-05-28,dividend,1.57,,
NOC,2021-08-27,dividend,1.57,,
NOC,2021-11-26,dividend,1.57,,
NOC,2022-02-25,dividend,1.57,,
NOC,2022-05-27,dividend,1.73,,
NOC,2022-08-26,dividend,1.73,,
NOC,2022-11-25,dividend,1.73,,
NOC,2023-02-24,dividend,1.73,,
NOC,2023-05-26,dividend,1.87,,
NOC,2023-08-25,dividend,1.87,,
NOC,2023-11-24,dividend,1.87,,
NOC,2024-02-23,dividend,1.87,,
NOC,2024-05-24,dividend,2.06,,
NOC,2024-09-03,dividend,2.06,,
NOC,2024-12-02,dividend,2.06,,
NOC,2025-03-03,dividend,2.06,,
NOC,2025-06-02,dividend,2.31,,
NOC,2025-09-02,dividend,2.31,,
NOC,2025-12-01,dividend,2.31,,
NOC,2026-02-23,dividend,2.31,,
NOC,2026-06-01,dividend,2.47,,
NOC,2026-08-31,dividend,2.47,,
NOW,2025-12-18,split,5.0,5:1,
NVDA,2007-09-11,split,1.5,3:2,
NVDA,2012-11-20,dividend,0.001875,,
NVDA,2013-02-26,dividend,0.001875,,
NVDA,2013-05-21,dividend,0.001875,,
NVDA,2013-08-20,dividend,0.001875,,
NVDA,2013-11-19,dividend,0.002125,,
NVDA,2014-02-25,dividend,0.002125,,
NVDA,2014-05-20,dividend,0.002125,,
NVDA,2014-08-19,dividend,0.002125,,
NVDA,2014-11-19,dividend,0.002125,,
NVDA,2015-02-24,dividend,0.002125,,
NVDA,2015-05-19,dividend,0.00245,,
NVDA,2015-08-18,dividend,0.00245,,
NVDA,2015-11-18,dividend,0.002875,,
NVDA,2016-02-29,dividend,0.002875,,
NVDA,2016-05-24,dividend,0.002875,,
NVDA,2016-08-23,dividend,0.002875,,
NVDA,2016-11-23,dividend,0.0035,,
NVDA,2017-02-22,dividend,0.0035,,
NVDA,2017-05-19,dividend,0.0035,,
NVDA,2017-08-22,dividend,0.0035,,
NVDA,2017-11-22,dividend,0.00375,,
NVDA,2018-02-22,dividend,0.00375,,
NVDA,2018-05-23,dividend,0.00375,,
NVDA,2018-08-29,dividend,0.00375,,
NVDA,2018-11-29,dividend,0.004,,
NVDA,2019-02-28,dividend,0.004,,
NVDA,2019-05-30,dividend,0.004,,
NVDA,2019-08-28,dividend,0.004,,
NVDA,2019-11-27,dividend,0.004,,
NVDA,2020-02-27,dividend,0.004,,
NVDA,2020-06-04,dividend,0.004,,
NVDA,2020-09-01,dividend,0.004,,
NVDA,2020-12-03,dividend,0.004,,
NVDA,2021-03-09,dividend,0.004,,
NVDA,2021-06-09,dividend,0.004,,
NVDA,2021-07-20,split,4.0,4:1,
NVDA,2021-08-31,dividend,0.004,,
NVDA,2021-12-01,dividend,0.004,,
NVDA,2022-03-02,dividend,0.004,,
NVDA,2022-06-08,dividend,0.004,,
NVDA,2022-09-07,dividend,0.004,,
NVDA,2022-11-30,dividend,0.004,,
NVDA,2023-03-07,dividend,0.004,,
NVDA,2023-06-07,dividend,0.004,,
NVDA,2023-09-06,dividend,0.004,,
NVDA,2023-12-05,dividend,0.004,,
NVDA,2024-03-05,dividend,0.004,,
NVDA,2024-06-10,split,10.0,10:1,
NVDA,2024-06-11,dividend,0.01,,
NVDA,2024-09-12,dividend,0.01,,
NVDA,2024-12-05,dividend,0.01,,
NVDA,2025-03-12,dividend,0.01,,
NVDA,2025-06-11,dividend,0.01,,
NVDA,2025-09-11,dividend,0.01,,
NVDA,2025-12-04,dividend,0.01,,
NVDA,2026-03-11,dividend,0.01,,
NVDA,2026-06-04,dividend,0.25,,
NVDA,2026-09-10,dividend,0.25,,
NXPI,2018-09-24,dividend,0.25,,
NXPI,2018-12-13,dividend,0.25,,
NXPI,2019-03-15,dividend,0.25,,
NXPI,2019-06-13,dividend,0.25,,
NXPI,2019-09-13,dividend,0.375,,
NXPI,2019-12-13,dividend,0.375,,
NXPI,2020-03-13,dividend,0.375,,
NXPI,2020-06-12,dividend,0.375,,
NXPI,2020-09-14,dividend,0.375,,
NXPI,2020-12-14,dividend,0.375,,
NXPI,2021-03-12,dividend,0.563,,
NXPI,2021-06-14,dividend,0.563,,
NXPI,2021-09-14,dividend,0.563,,
NXPI,2021-12-14,dividend,0.563,,
NXPI,2022-03-14,dividend,0.845,,
NXPI,2022-06-14,dividend,0.845,,
NXPI,2022-09-14,dividend,0.845,,
NXPI,2022-12-14,dividend,0.845,,
NXPI,2023-03-14,dividend,1.014,,
NXPI,2023-06-13,dividend,1.014,,
NXPI,2023-09-12,dividend,1.014,,
NXPI,2023-12-12,dividend,1.014,,
NXPI,2024-03-20,dividend,1.014,,
NXPI,2024-06-13,dividend,1.014,,
NXPI,2024-09-12,dividend,1.014,,
NXPI,2024-12-05,dividend,1.014,,
NXPI,2025-03-19,dividend,1.014,,
NXPI,2025-06-25,dividend,1.014,,
NXPI,2025-09-17,dividend,1.014,,
NXPI,2025-12-10,dividend,1.014,,
NXPI,2026-03-25,dividend,1.014,,
NXPI,2026-06-24,dividend,1.014,,
NXPI,2026-09-16,dividend,1.014,,
OKE,2006-10-27,dividend,0.140081,,
OKE,2007-01-29,dividend,0.148836,,
OKE,2007-04-26,dividend,0.148836,,
OKE,2007-07-27,dividend,0.157591,,
OKE,2007-10-29,dividend,0.157591,,
OKE,2008-01-29,dividend,0.166346,,
OKE,2008-04-28,dividend,0.166346,,
OKE,2008-07-29,dividend,0.175101,,
OKE,2008-10-29,dividend,0.175101,,
OKE,2009-01-28,dividend,0.175101,,
OKE,2009-04-28,dividend,0.175101,,
OKE,2009-07-29,dividend,0.183856,,
OKE,2009-10-28,dividend,0.183856,,
OKE,2010-01-27,dividend,0.192611,,
OKE,2010-04-28,dividend,0.192611,,
OKE,2010-07-28,dividend,0.201366,,
OKE,2010-10-27,dividend,0.210121,,
OKE,2011-01-27,dividend,0.227631,,
OKE,2011-04-27,dividend,0.227631,,
OKE,2011-07-28,dividend,0.245141,,
OKE,2011-11-03,dividend,0.245141,,
OKE,2012-01-27,dividend,0.267029,,
OKE,2012-04-26,dividend,0.267029,,
OKE,2012-06-04,split,2.0,2:1,
OKE,2012-08-02,dividend,0.288916,,
OKE,2012-11-01,dividend,0.288916,,
OKE,2013-01-29,dividend,0.315181,,
OKE,2013-04-26,dividend,0.315181,,
OKE,2013-08-01,dividend,0.332691,,
OKE,2013-10-31,dividend,0.332691,,
OKE,2014-02-03,split,1.1422,11422:10000,
OKE,2014-02-06,dividend,0.4,,
OKE,2014-04-28,dividend,0.56,,
OKE,2014-07-31,dividend,0.575,,
OKE,2014-10-30,dividend,0.59,,
OKE,2015-01-28,dividend,0.605,,
OKE,2015-04-28,dividend,0.605,,
OKE,2015-07-30,dividend,0.605,,
OKE,2015-10-29,dividend,0.615,,
OKE,2016-01-28,dividend,0.615,,
OKE,2016-04-28,dividend,0.615,,
OKE,2016-08-04,dividend,0.615,,
OKE,2016-10-27,dividend,0.615,,
OKE,2017-01-26,dividend,0.615,,
OKE,2017-04-27,dividend,0.615,,
OKE,2017-08-03,dividend,0.745,,
OKE,2017-11-03,dividend,0.745,,
OKE,2018-01-26,dividend,0.77,,
OKE,2018-04-27,dividend,0.795,,
OKE,2018-08-03,dividend,0.825,,
OKE,2018-11-02,dividend,0.855,,
OKE,2019-01-25,dividend,0.86,,
OKE,2019-04-26,dividend,0.865,,
OKE,2019-08-05,dividend,0.89,,
OKE,2019-11-01,dividend,0.915,,
OKE,2020-01-24,dividend,0.935,,
OKE,2020-04-24,dividend,0.935,,
OKE,2020-07-31,dividend,0.935,,
OKE,2020-10-30,dividend,0.935,,
OKE,2021-01-29,dividend,0.935,,
OKE,2021-04-23,dividend,0.935,,
OKE,2021-07-30,dividend,0.935,,
OKE,2021-10-29,dividend,0.935,,
OKE,2022-01-28,dividend,0.935,,
OKE,2022-04-29,dividend,0.935,,
OKE,2022-07-29,dividend,0.935,,
OKE,2022-10-31,dividend,0.935,,
OKE,2023-01-27,dividend,0.955,,
OKE,2023-04-28,dividend,0.955,,
OKE,2023-07-31,dividend,0.955,,
OKE,2023-10-31,dividend,0.955,,
OKE,2024-01-29,dividend,0.99,,
OKE,2024-04-30,dividend,0.99,,
OKE,2024-08-01,dividend,0.99,,
OKE,2024-11-01,dividend,0.99,,
OKE,2025-02-03,dividend,1.03,,
OKE,2025-05-05,dividend,1.03,,
OKE,2025-08-01,dividend,1.03,,
OKE,2025-11-03,dividend,1.03,,
OKE,2026-02-02,dividend,1.07,,
OKE,2026-05-04,dividend,1.07,,
OKE,2026-08-03,dividend,1.07,,
OR.PA,2007-05-03,dividend,1.18,,
OR.PA,2008-04-25,dividend,1.38,,
OR.PA,2009-04-21,dividend,1.44,,
OR.PA,2010-04-30,dividend,1.5,,
OR.PA,2011-04-29,dividend,1.8,,
OR.PA,2012-04-27,dividend,2.0,,
OR.PA,2013-05-07,dividend,2.3,,
OR.PA,2014-04-29,dividend,2.5,,
OR.PA,2015-05-05,dividend,2.7,,
OR.PA,2016-04-29,dividend,3.1,,
OR.PA,2017-04-28,dividend,3.3,,
OR.PA,2018-04-25,dividend,3.55,,
OR.PA,2019-04-26,dividend,3.85,,
OR.PA,2020-07-03,dividend,3.85,,
OR.PA,2021-04-27,dividend,4.0,,
OR.PA,2022-04-27,dividend,4.8,,
OR.PA,2023-04-26,dividend,6.0,,
OR.PA,2024-04-26,dividend,6.6,,
OR.PA,2025-05-05,dividend,7.0,,
OR.PA,2026-04-29,dividend,7.2,,
ORCL,2009-04-06,dividend,0.05,,
ORCL,2009-07-13,dividend,0.05,,
ORCL,2009-10-09,dividend,0.05,,
ORCL,2010-01-14,dividend,0.05,,
ORCL,2010-04-12,dividend,0.05,,
ORCL,2010-07-12,dividend,0.05,,
ORCL,2010-10-04,dividend,0.05,,
ORCL,2011-01-14,dividend,0.05,,
ORCL,2011-04-11,dividend,0.06,,
ORCL,2011-07-11,dividend,0.06,,
ORCL,2011-10-07,dividend,0.06,,
ORCL,2012-01-09,dividend,0.06,,
ORCL,2012-04-09,dividend,0.06,,
ORCL,2012-07-11,dividend,0.06,,
ORCL,2012-10-10,dividend,0.06,,
ORCL,2012-12-12,dividend,0.18,,
ORCL,2013-07-10,dividend,0.12,,
ORCL,2013-10-04,dividend,0.12,,
ORCL,2014-01-03,dividend,0.12,,
ORCL,2014-04-04,dividend,0.12,,
ORCL,2014-07-07,dividend,0.12,,
ORCL,2014-10-06,dividend,0.12,,
ORCL,2015-01-05,dividend,0.12,,
ORCL,2015-04-02,dividend,0.15,,
ORCL,2015-07-06,dividend,0.15,,
ORCL,2015-10-09,dividend,0.15,,
ORCL,2016-01-04,dividend,0.15,,
ORCL,2016-04-12,dividend,0.15,,
ORCL,2016-07-01,dividend,0.15,,
ORCL,2016-10-07,dividend,0.15,,
ORCL,2017-01-03,dividend,0.15,,
ORCL,2017-04-10,dividend,0.19,,
ORCL,2017-07-17,dividend,0.19,,
ORCL,2017-10-10,dividend,0.19,,
ORCL,2018-01-09,dividend,0.19,,
ORCL,2018-04-16,dividend,0.19,,
ORCL,2018-07-16,dividend,0.19,,
ORCL,2018-10-15,dividend,0.19,,
ORCL,2019-01-15,dividend,0.19,,
ORCL,2019-04-10,dividend,0.24,,
ORCL,2019-07-16,dividend,0.24,,
ORCL,2019-10-09,dividend,0.24,,
ORCL,2020-01-08,dividend,0.24,,
ORCL,2020-04-08,dividend,0.24,,
ORCL,2020-07-14,dividend,0.24,,
ORCL,2020-10-07,dividend,0.24,,
ORCL,2021-01-06,dividend,0.24,,
ORCL,2021-04-07,dividend,0.32,,
ORCL,2021-07-14,dividend,0.32,,
ORCL,2021-10-08,dividend,0.32,,
ORCL,2022-01-06,dividend,0.32,,
ORCL,2022-04-07,dividend,0.32,,
ORCL,2022-07-11,dividend,0.32,,
ORCL,2022-10-11,dividend,0.32,,
ORCL,2023-01-09,dividend,0.32,,
ORCL,2023-04-10,dividend,0.4,,
ORCL,2023-07-11,dividend,0.4,,
ORCL,2023-10-11,dividend,0.4,,
ORCL,2024-01-10,dividend,0.4,,
ORCL,2024-04-09,dividend,0.4,,
ORCL,2024-07-11,dividend,0.4,,
ORCL,2024-10-10,dividend,0.4,,
ORCL,2025-01-10,dividend,0.4,,
ORCL,2025-04-10,dividend,0.5,,
ORCL,2025-07-10,dividend,0.5,,
ORCL,2025-10-09,dividend,0.5,,
ORCL,2026-01-09,dividend,0.5,,
ORCL,2026-04-09,dividend,0.5,,
ORCL,2026-07-10,dividend,0.5,,
ORLY,2025-06-10,split,15.0,15:1,
PANW,2022-09-14,split,3.0,3:1,
PANW,2024-12-16,split,2.0,2:1,
PCAR,2006-11-15,dividend,0.088889,,
PCAR,2006-12-14,dividend,0.888889,,
PCAR,2007-02-14,dividend,0.088889,,
PCAR,2007-05-16,dividend,0.111111,,
PCAR,2007-08-15,dividend,0.111111,,
PCAR,2007-10-10,split,1.5,3:2,
PCAR,2007-11-15,dividend,0.12,,
PCAR,2007-12-14,dividend,0.666667,,
PCAR,2008-02-14,dividend,0.12,,
PCAR,2008-05-15,dividend,0.12,,
PCAR,2008-08-14,dividend,0.12,,
PCAR,2008-11-14,dividend,0.12,,
PCAR,2008-12-17,dividend,0.066667,,
PCAR,2009-02-17,dividend,0.12,,
PCAR,2009-05-15,dividend,0.12,,
PCAR,2009-08-14,dividend,0.06,,
PCAR,2009-11-17,dividend,0.06,,
PCAR,2010-02-17,dividend,0.06,,
PCAR,2010-05-17,dividend,0.06,,
PCAR,2010-08-17,dividend,0.06,,
PCAR,2010-11-17,dividend,0.08,,
PCAR,2010-12-15,dividend,0.2,,
PCAR,2011-02-15,dividend,0.08,,
PCAR,2011-05-17,dividend,0.08,,
PCAR,2011-08-16,dividend,0.12,,
PCAR,2011-11-16,dividend,0.12,,
PCAR,2011-12-15,dividend,0.466667,,
PCAR,2012-02-15,dividend,0.12,,
PCAR,2012-05-16,dividend,0.133333,,
PCAR,2012-08-15,dividend,0.133333,,
PCAR,2012-11-14,dividend,0.133333,,
PCAR,2012-12-12,dividend,0.533333,,
PCAR,2013-02-13,dividend,0.133333,,
PCAR,2013-05-15,dividend,0.133333,,
PCAR,2013-08-14,dividend,0.133333,,
PCAR,2013-11-13,dividend,0.133333,,
PCAR,2013-12-18,dividend,0.6,,
PCAR,2014-02-12,dividend,0.133333,,
PCAR,2014-05-15,dividend,0.146667,,
PCAR,2014-08-13,dividend,0.146667,,
PCAR,2014-11-12,dividend,0.146667,,
PCAR,2014-12-17,dividend,0.666667,,
PCAR,2015-02-11,dividend,0.146667,,
PCAR,2015-05-15,dividend,0.146667,,
PCAR,2015-08-12,dividend,0.16,,
PCAR,2015-11-10,dividend,0.16,,
PCAR,2015-12-16,dividend,0.933333,,
PCAR,2016-02-10,dividend,0.16,,
PCAR,2016-05-17,dividend,0.16,,
PCAR,2016-08-10,dividend,0.16,,
PCAR,2016-11-16,dividend,0.16,,
PCAR,2016-12-14,dividend,0.4,,
PCAR,2017-02-10,dividend,0.16,,
PCAR,2017-05-17,dividend,0.166667,,
PCAR,2017-08-14,dividend,0.166667,,
PCAR,2017-11-13,dividend,0.166667,,
PCAR,2017-12-13,dividend,0.8,,
PCAR,2018-02-12,dividend,0.166667,,
PCAR,2018-05-14,dividend,0.186667,,
PCAR,2018-08-13,dividend,0.186667,,
PCAR,2018-11-09,dividend,0.186667,,
PCAR,2018-12-13,dividend,1.333333,,
PCAR,2019-02-11,dividend,0.213333,,
PCAR,2019-05-13,dividend,0.213333,,
PCAR,2019-08-13,dividend,0.213333,,
PCAR,2019-11-08,dividend,0.213333,,
PCAR,2019-12-19,dividend,1.533333,,
PCAR,2020-02-10,dividend,0.213333,,
PCAR,2020-05-11,dividend,0.213333,,
PCAR,2020-08-10,dividend,0.213333,,
PCAR,2020-11-09,dividend,0.213333,,
PCAR,2020-12-17,dividend,0.466667,,
PCAR,2021-02-08,dividend,0.213333,,
PCAR,2021-05-11,dividend,0.226667,,
PCAR,2021-08-17,dividend,0.226667,,
PCAR,2021-11-15,dividend,0.226667,,
PCAR,2021-12-16,dividend,1.0,,
PCAR,2022-02-07,dividend,0.226667,,
PCAR,2022-05-10,dividend,0.226667,,
PCAR,2022-08-16,dividend,0.226667,,
PCAR,2022-11-14,dividend,0.246667,,
PCAR,2022-12-15,dividend,1.866667,,
PCAR,2023-02-08,split,1.5,3:2,
PCAR,2023-02-13,dividend,0.25,,
PCAR,2023-05-16,dividend,0.25,,
PCAR,2023-08-16,dividend,0.27,,
PCAR,2023-11-14,dividend,0.27,,
PCAR,2023-12-14,dividend,3.2,,
PCAR,2024-02-14,dividend,0.27,,
PCAR,2024-05-14,dividend,0.3,,
PCAR,2024-08-15,dividend,0.3,,
PCAR,2024-11-13,dividend,0.3,,
PCAR,2024-12-20,dividend,3.0,,
PCAR,2025-02-12,dividend,0.33,,
PCAR,2025-05-14,dividend,0.33,,
PCAR,2025-08-14,dividend,0.33,,
PCAR,2025-11-12,dividend,0.33,,
PCAR,2025-12-19,dividend,1.4,,
PCAR,2026-02-11,dividend,0.33,,
PCAR,2026-05-13,dividend,0.35,,
PCAR,2026-08-12,dividend,0.35,,
PEP,2006-12-06,dividend,0.3,,
PEP,2007-03-07,dividend,0.3,,
PEP,2007-06-06,dividend,0.375,,
PEP,2007-09-05,dividend,0.375,,
PEP,2007-12-05,dividend,0.375,,
PEP,2008-03-05,dividend,0.375,,
PEP,2008-06-04,dividend,0.425,,
PEP,2008-09-03,dividend,0.425,,
PEP,2008-12-03,dividend,0.425,,
PEP,2009-03-04,dividend,0.425,,
PEP,2009-06-03,dividend,0.45,,
PEP,2009-09-02,dividend,0.45,,
PEP,2009-12-02,dividend,0.45,,
PEP,2010-03-03,dividend,0.45,,
PEP,2010-06-02,dividend,0.48,,
PEP,2010-09-01,dividend,0.48,,
PEP,2010-12-01,dividend,0.48,,
PEP,2011-03-02,dividend,0.48,,
PEP,2011-06-01,dividend,0.515,,
PEP,2011-08-31,dividend,0.515,,
PEP,2011-11-30,dividend,0.515,,
PEP,2012-02-29,dividend,0.515,,
PEP,2012-05-30,dividend,0.538,,
PEP,2012-09-05,dividend,0.538,,
PEP,2012-12-05,dividend,0.537,,
PEP,2013-02-27,dividend,0.537,,
PEP,2013-06-05,dividend,0.568,,
PEP,2013-09-04,dividend,0.568,,
PEP,2013-12-04,dividend,0.568,,
PEP,2014-03-05,dividend,0.568,,
PEP,2014-06-04,dividend,0.655,,
PEP,2014-09-03,dividend,0.655,,
PEP,2014-12-03,dividend,0.655,,
PEP,2015-03-04,dividend,0.655,,
PEP,2015-06-03,dividend,0.703,,
PEP,2015-09-02,dividend,0.703,,
PEP,2015-12-02,dividend,0.703,,
PEP,2016-03-02,dividend,0.703,,
PEP,2016-06-01,dividend,0.753,,
PEP,2016-08-31,dividend,0.753,,
PEP,2016-11-30,dividend,0.753,,
PEP,2017-03-01,dividend,0.753,,
PEP,2017-05-31,dividend,0.805,,
PEP,2017-08-30,dividend,0.805,,
PEP,2017-11-30,dividend,0.805,,
PEP,2018-03-01,dividend,0.805,,
PEP,2018-05-31,dividend,0.928,,
PEP,2018-09-06,dividend,0.928,,
PEP,2018-12-06,dividend,0.928,,
PEP,2019-02-28,dividend,0.928,,
PEP,2019-06-06,dividend,0.955,,
PEP,2019-09-05,dividend,0.955,,
PEP,2019-12-05,dividend,0.955,,
PEP,2020-03-05,dividend,0.955,,
PEP,2020-06-04,dividend,1.023,,
PEP,2020-09-03,dividend,1.023,,
PEP,2020-12-03,dividend,1.023,,
PEP,2021-03-04,dividend,1.023,,
PEP,2021-06-03,dividend,1.075,,
PEP,2021-09-02,dividend,1.075,,
PEP,2021-12-02,dividend,1.075,,
PEP,2022-03-03,dividend,1.075,,
PEP,2022-06-02,dividend,1.15,,
PEP,2022-09-01,dividend,1.15,,
PEP,2022-12-01,dividend,1.15,,
PEP,2023-03-02,dividend,1.15,,
PEP,2023-06-01,dividend,1.265,,
PEP,2023-08-31,dividend,1.265,,
PEP,2023-11-30,dividend,1.265,,
PEP,2024-02-29,dividend,1.265,,
PEP,2024-06-07,dividend,1.355,,
PEP,2024-09-06,dividend,1.355,,
PEP,2024-12-06,dividend,1.355,,
PEP,2025-03-07,dividend,1.355,,
PEP,2025-06-06,dividend,1.423,,
PEP,2025-09-05,dividend,1.423,,
PEP,2025-12-05,dividend,1.423,,
PEP,2026-03-06,dividend,1.423,,
PEP,2026-06-05,dividend,1.48,,
PEP,2026-09-04,dividend,1.48,,
PFE,2006-11-08,dividend,0.227704,,
PFE,2007-02-07,dividend,0.275142,,
PFE,2007-05-09,dividend,0.275142,,
PFE,2007-08-08,dividend,0.275142,,
PFE,2007-11-07,dividend,0.275142,,
PFE,2008-02-06,dividend,0.303605,,
PFE,2008-05-07,dividend,0.303605,,
PFE,2008-08-06,dividend,0.303605,,
PFE,2008-11-05,dividend,0.303605,,
PFE,2009-02-04,dividend,0.303605,,
PFE,2009-05-06,dividend,0.151803,,
PFE,2009-08-05,dividend,0.151803,,
PFE,2009-11-04,dividend,0.151803,,
PFE,2010-02-03,dividend,0.170778,,
PFE,2010-05-05,dividend,0.170778,,
PFE,2010-08-04,dividend,0.170778,,
PFE,2010-11-04,dividend,0.170778,,
PFE,2011-02-02,dividend,0.189753,,
PFE,2011-05-11,dividend,0.189753,,
PFE,2011-08-03,dividend,0.189753,,
PFE,2011-11-08,dividend,0.189753,,
PFE,2012-02-01,dividend,0.208729,,
PFE,2012-05-09,dividend,0.208729,,
PFE,2012-08-01,dividend,0.208729,,
PFE,2012-11-07,dividend,0.208729,,
PFE,2013-01-30,dividend,0.227704,,
PFE,2013-05-08,dividend,0.227704,,
PFE,2013-07-31,dividend,0.227704,,
PFE,2013-11-06,dividend,0.227704,,
PFE,2014-02-05,dividend,0.246679,,
PFE,2014-05-07,dividend,0.246679,,
PFE,2014-07-30,dividend,0.246679,,
PFE,2014-11-05,dividend,0.246679,,
PFE,2015-02-04,dividend,0.265655,,
PFE,2015-05-06,dividend,0.265655,,
PFE,2015-08-05,dividend,0.265655,,
PFE,2015-11-04,dividend,0.265655,,
PFE,2016-02-03,dividend,0.28463,,
PFE,2016-05-11,dividend,0.28463,,
PFE,2016-08-03,dividend,0.28463,,
PFE,2016-11-08,dividend,0.28463,,
PFE,2017-02-01,dividend,0.303605,,
PFE,2017-05-10,dividend,0.303605,,
PFE,2017-08-02,dividend,0.303605,,
PFE,2017-11-09,dividend,0.303605,,
PFE,2018-02-01,dividend,0.322581,,
PFE,2018-05-10,dividend,0.322581,,
PFE,2018-08-02,dividend,0.322581,,
PFE,2018-11-08,dividend,0.322581,,
PFE,2019-01-31,dividend,0.341556,,
PFE,2019-05-09,dividend,0.341556,,
PFE,2019-08-01,dividend,0.341556,,
PFE,2019-11-07,dividend,0.341556,,
PFE,2020-01-30,dividend,0.360531,,
PFE,2020-05-07,dividend,0.360531,,
PFE,2020-07-30,dividend,0.360531,,
PFE,2020-11-05,dividend,0.360531,,
PFE,2020-11-17,split,1.054,1054:1000,
PFE,2021-01-28,dividend,0.39,,
PFE,2021-05-06,dividend,0.39,,
PFE,2021-07-29,dividend,0.39,,
PFE,2021-11-04,dividend,0.39,,
PFE,2022-01-27,dividend,0.4,,
PFE,2022-05-12,dividend,0.4,,
PFE,2022-07-28,dividend,0.4,,
PFE,2022-11-03,dividend,0.4,,
PFE,2023-01-26,dividend,0.41,,
PFE,2023-05-11,dividend,0.41,,
PFE,2023-07-27,dividend,0.41,,
PFE,2023-11-09,dividend,0.41,,
PFE,2024-01-25,dividend,0.42,,
PFE,2024-05-09,dividend,0.42,,
PFE,2024-07-26,dividend,0.42,,
PFE,2024-11-08,dividend,0.42,,
PFE,2025-01-24,dividend,0.43,,
PFE,2025-05-09,dividend,0.43,,
PFE,2025-07-25,dividend,0.43,,
PFE,2025-11-07,dividend,0.43,,
PFE,2026-01-23,dividend,0.43,,
PFE,2026-05-08,dividend,0.43,,
PFE,2026-07-24,dividend,0.43,,
PG,2006-10-18,dividend,0.31,,
PG,2007-01-17,dividend,0.31,,
PG,2007-04-25,dividend,0.35,,
PG,2007-07-18,dividend,0.35,,
PG,2007-10-17,dividend,0.35,,
PG,2008-01-16,dividend,0.35,,
PG,2008-04-16,dividend,0.4,,
PG,2008-07-16,dividend,0.4,,
PG,2008-10-22,dividend,0.4,,
PG,2009-01-21,dividend,0.4,,
PG,2009-04-22,dividend,0.44,,
PG,2009-07-22,dividend,0.44,,
PG,2009-10-21,dividend,0.44,,
PG,2010-01-20,dividend,0.44,,
PG,2010-04-28,dividend,0.482,,
PG,2010-07-21,dividend,0.482,,
PG,2010-10-20,dividend,0.482,,
PG,2011-01-19,dividend,0.482,,
PG,2011-04-27,dividend,0.525,,
PG,2011-07-20,dividend,0.525,,
PG,2011-10-19,dividend,0.525,,
PG,2012-01-18,dividend,0.525,,
PG,2012-04-25,dividend,0.562,,
PG,2012-07-18,dividend,0.562,,
PG,2012-10-17,dividend,0.562,,
PG,2013-01-16,dividend,0.562,,
PG,2013-04-24,dividend,0.602,,
PG,2013-07-17,dividend,0.602,,
PG,2013-10-16,dividend,0.602,,
PG,2014-01-22,dividend,0.602,,
PG,2014-04-23,dividend,0.644,,
PG,2014-07-16,dividend,0.644,,
PG,2014-10-22,dividend,0.644,,
PG,2015-01-21,dividend,0.644,,
PG,2015-04-23,dividend,0.663,,
PG,2015-07-22,dividend,0.663,,
PG,2015-10-21,dividend,0.663,,
PG,2016-01-20,dividend,0.663,,
PG,2016-04-14,dividend,0.67,,
PG,2016-07-20,dividend,0.67,,
PG,2016-10-19,dividend,0.67,,
PG,2017-01-18,dividend,0.67,,
PG,2017-04-19,dividend,0.69,,
PG,2017-07-19,dividend,0.69,,
PG,2017-10-19,dividend,0.69,,
PG,2018-01-18,dividend,0.69,,
PG,2018-04-19,dividend,0.717,,
PG,2018-07-19,dividend,0.717,,
PG,2018-10-18,dividend,0.717,,
PG,2019-01-17,dividend,0.717,,
PG,2019-04-17,dividend,0.746,,
PG,2019-07-18,dividend,0.746,,
PG,2019-10-17,dividend,0.746,,
PG,2020-01-23,dividend,0.746,,
PG,2020-04-23,dividend,0.791,,
PG,2020-07-23,dividend,0.791,,
PG,2020-10-22,dividend,0.791,,
PG,2021-01-21,dividend,0.791,,
PG,2021-04-22,dividend,0.87,,
PG,2021-07-22,dividend,0.87,,
PG,2021-10-21,dividend,0.87,,
PG,2022-01-20,dividend,0.87,,
PG,2022-04-21,dividend,0.913,,
PG,2022-07-21,dividend,0.913,,
PG,2022-10-20,dividend,0.913,,
PG,2023-01-19,dividend,0.913,,
PG,2023-04-20,dividend,0.941,,
PG,2023-07-20,dividend,0.941,,
PG,2023-10-19,dividend,0.941,,
PG,2024-01-18,dividend,0.941,,
PG,2024-04-18,dividend,1.007,,
PG,2024-07-19,dividend,1.007,,
PG,2024-10-18,dividend,1.007,,
PG,2025-01-24,dividend,1.007,,
PG,2025-04-21,dividend,1.057,,
PG,2025-07-18,dividend,1.057,,
PG,2025-10-24,dividend,1.057,,
PG,2026-01-23,dividend,1.057,,
PG,2026-04-24,dividend,1.089,,
PG,2026-07-24,dividend,1.089,,
PGR,2006-12-06,dividend,0.009,,
PGR,2007-08-29,dividend,2.0,,
PGR,2008-01-17,dividend,0.145,,
PGR,2010-01-25,dividend,0.161,,
PGR,2010-12-16,dividend,1.0,,
PGR,2011-01-25,dividend,0.399,,
PGR,2012-01-24,dividend,0.407,,
PGR,2012-11-19,dividend,1.0,,
PGR,2013-01-23,dividend,0.285,,
PGR,2014-01-27,dividend,1.493,,
PGR,2015-02-02,dividend,0.686,,
PGR,2016-02-01,dividend,0.888,,
PGR,2017-02-01,dividend,0.681,,
PGR,2018-02-01,dividend,1.125,,
PGR,2019-02-01,dividend,2.514,,
PGR,2019-04-04,dividend,0.1,,
PGR,2019-07-03,dividend,0.1,,
PGR,2019-10-04,dividend,0.1,,
PGR,2020-01-07,dividend,2.35,,
PGR,2020-04-06,dividend,0.1,,
PGR,2020-07-06,dividend,0.1,,
PGR,2020-10-06,dividend,0.1,,
PGR,2021-01-07,dividend,4.6,,
PGR,2021-04-06,dividend,0.1,,
PGR,2021-07-06,dividend,0.1,,
PGR,2021-10-06,dividend,0.1,,
PGR,2021-12-17,dividend,1.5,,
PGR,2022-01-06,dividend,0.1,,
PGR,2022-04-06,dividend,0.1,,
PGR,2022-07-06,dividend,0.1,,
PGR,2022-10-06,dividend,0.1,,
PGR,2023-01-05,dividend,0.1,,
PGR,2023-04-05,dividend,0.1,,
PGR,2023-07-06,dividend,0.1,,
PGR,2023-10-04,dividend,0.1,,
PGR,2024-01-18,dividend,0.85,,
PGR,2024-04-03,dividend,0.1,,
PGR,2024-07-03,dividend,0.1,,
PGR,2024-10-03,dividend,0.1,,
PGR,2025-01-10,dividend,4.6,,
PGR,2025-04-03,dividend,0.1,,
PGR,2025-07-03,dividend,0.1,,
PGR,2025-10-02,dividend,0.1,,
PGR,2026-01-02,dividend,13.6,,
PGR,2026-04-02,dividend,0.1,,
PGR,2026-07-02,dividend,0.1,,
PLD,2006-10-04,dividend,0.46,,
PLD,2006-12-20,dividend,0.46,,
PLD,2007-04-03,dividend,0.5,,
PLD,2007-07-03,dividend,0.5,,
PLD,2007-10-03,dividend,0.5,,
PLD,2007-12-19,dividend,0.5,,
PLD,2008-04-02,dividend,0.52,,
PLD,2008-07-01,dividend,0.52,,
PLD,2008-10-02,dividend,0.52,,
PLD,2009-04-02,dividend,0.28,,
PLD,2009-07-01,dividend,0.28,,
PLD,2009-10-01,dividend,0.28,,
PLD,2009-12-21,dividend,0.28,,
PLD,2010-03-31,dividend,0.28,,
PLD,2010-07-01,dividend,0.28,,
PLD,2010-10-01,dividend,0.28,,
PLD,2010-12-21,dividend,0.28,,
PLD,2011-02-10,dividend,0.28,,
PLD,2011-05-12,dividend,0.28,,
PLD,2011-09-15,dividend,0.28,,
PLD,2011-12-15,dividend,0.28,,
PLD,2012-03-08,dividend,0.28,,
PLD,2012-06-07,dividend,0.28,,
PLD,2012-09-12,dividend,0.28,,
PLD,2012-12-13,dividend,0.28,,
PLD,2013-03-08,dividend,0.28,,
PLD,2013-06-07,dividend,0.28,,
PLD,2013-09-12,dividend,0.28,,
PLD,2013-12-16,dividend,0.28,,
PLD,2014-03-10,dividend,0.33,,
PLD,2014-06-09,dividend,0.33,,
PLD,2014-09-17,dividend,0.33,,
PLD,2014-12-15,dividend,0.33,,
PLD,2015-03-16,dividend,0.36,,
PLD,2015-06-09,dividend,0.36,,
PLD,2015-09-16,dividend,0.4,,
PLD,2015-12-11,dividend,0.4,,
PLD,2016-03-16,dividend,0.42,,
PLD,2016-06-09,dividend,0.42,,
PLD,2016-09-15,dividend,0.42,,
PLD,2016-12-15,dividend,0.42,,
PLD,2017-03-13,dividend,0.44,,
PLD,2017-06-12,dividend,0.44,,
PLD,2017-09-15,dividend,0.44,,
PLD,2017-12-15,dividend,0.44,,
PLD,2018-03-14,dividend,0.48,,
PLD,2018-06-13,dividend,0.48,,
PLD,2018-09-14,dividend,0.48,,
PLD,2018-12-17,dividend,0.48,,
PLD,2019-03-14,dividend,0.53,,
PLD,2019-06-12,dividend,0.53,,
PLD,2019-09-19,dividend,0.53,,
PLD,2019-12-18,dividend,0.53,,
PLD,2020-03-13,dividend,0.58,,
PLD,2020-06-15,dividend,0.58,,
PLD,2020-09-16,dividend,0.58,,
PLD,2020-12-17,dividend,0.58,,
PLD,2021-03-18,dividend,0.63,,
PLD,2021-06-15,dividend,0.63,,
PLD,2021-09-16,dividend,0.63,,
PLD,2021-12-13,dividend,0.63,,
PLD,2022-03-17,dividend,0.79,,
PLD,2022-06-15,dividend,0.79,,
PLD,2022-09-14,dividend,0.79,,
PLD,2022-12-16,dividend,0.79,,
PLD,2023-03-16,dividend,0.87,,
PLD,2023-06-15,dividend,0.87,,
PLD,2023-09-15,dividend,0.87,,
PLD,2023-12-15,dividend,0.87,,
PLD,2024-03-15,dividend,0.96,,
PLD,2024-06-17,dividend,0.96,,
PLD,2024-09-16,dividend,0.96,,
PLD,2024-12-16,dividend,0.96,,
PLD,2025-03-18,dividend,1.01,,
PLD,2025-06-17,dividend,1.01,,
PLD,2025-09-16,dividend,1.01,,
PLD,2025-12-16,dividend,1.01,,
PLD,2026-03-17,dividend,1.07,,
PLD,2026-06-16,dividend,1.07,,
PLD,2026-09-16,dividend,1.07,,
PM,2008-06-26,dividend,0.46,,
PM,2008-09-11,dividend,0.54,,
PM,2008-12-23,dividend,0.54,,
PM,2009-03-23,dividend,0.54,,
PM,2009-06-22,dividend,0.54,,
PM,2009-09-24,dividend,0.58,,
PM,2009-12-23,dividend,0.58,,
PM,2010-03-23,dividend,0.58,,
PM,2010-06-22,dividend,0.58,,
PM,2010-09-22,dividend,0.64,,
PM,2010-12-21,dividend,0.64,,
PM,2011-03-22,dividend,0.64,,
PM,2011-06-21,dividend,0.64,,
PM,2011-09-23,dividend,0.77,,
PM,2011-12-20,dividend,0.77,,
PM,2012-03-27,dividend,0.77,,
PM,2012-06-25,dividend,0.77,,
PM,2012-09-25,dividend,0.85,,
PM,2012-12-20,dividend,0.039,,
PM,2012-12-24,dividend,0.085,,
PM,2013-03-26,dividend,0.85,,
PM,2013-06-25,dividend,0.85,,
PM,2013-09-24,dividend,0.94,,
PM,2013-12-23,dividend,0.94,,
PM,2014-03-25,dividend,0.94,,
PM,2014-06-24,dividend,0.94,,
PM,2014-09-23,dividend,1.0,,
PM,2014-12-22,dividend,1.0,,
PM,2015-03-24,dividend,1.0,,
PM,2015-06-23,dividend,1.0,,
PM,2015-09-28,dividend,1.02,,
PM,2015-12-21,dividend,1.02,,
PM,2016-03-22,dividend,1.02,,
PM,2016-06-21,dividend,1.02,,
PM,2016-09-26,dividend,1.04,,
PM,2016-12-20,dividend,1.04,,
PM,2017-03-21,dividend,1.04,,
PM,2017-06-21,dividend,1.04,,
PM,2017-09-26,dividend,1.07,,
PM,2017-12-20,dividend,1.07,,
PM,2018-03-21,dividend,1.07,,
PM,2018-06-21,dividend,1.14,,
PM,2018-09-25,dividend,1.14,,
PM,2018-12-19,dividend,1.14,,
PM,2019-03-25,dividend,1.14,,
PM,2019-06-20,dividend,1.14,,
PM,2019-09-24,dividend,1.17,,
PM,2019-12-18,dividend,1.17,,
PM,2020-03-20,dividend,1.17,,
PM,2020-06-19,dividend,1.17,,
PM,2020-09-23,dividend,1.2,,
PM,2020-12-22,dividend,1.2,,
PM,2021-03-19,dividend,1.2,,
PM,2021-06-24,dividend,1.2,,
PM,2021-09-28,dividend,1.25,,
PM,2021-12-22,dividend,1.25,,
PM,2022-03-23,dividend,1.25,,
PM,2022-06-30,dividend,1.25,,
PM,2022-09-27,dividend,1.27,,
PM,2022-12-21,dividend,1.27,,
PM,2023-03-22,dividend,1.27,,
PM,2023-06-22,dividend,1.27,,
PM,2023-09-26,dividend,1.3,,
PM,2023-12-20,dividend,1.3,,
PM,2024-03-20,dividend,1.3,,
PM,2024-06-21,dividend,1.3,,
PM,2024-09-26,dividend,1.35,,
PM,2024-12-26,dividend,1.35,,
PM,2025-03-20,dividend,1.35,,
PM,2025-06-27,dividend,1.35,,
PM,2025-10-03,dividend,1.47,,
PM,2025-12-26,dividend,1.47,,
PM,2026-03-19,dividend,1.47,,
PM,2026-06-25,dividend,1.47,,
PNC,2006-10-11,dividend,0.55,,
PNC,2007-01-10,dividend,0.55,,
PNC,2007-04-11,dividend,0.63,,
PNC,2007-07-11,dividend,0.63,,
PNC,2007-10-10,dividend,0.63,,
PNC,2008-01-09,dividend,0.63,,
PNC,2008-04-10,dividend,0.66,,
PNC,2008-07-09,dividend,0.66,,
PNC,2008-10-08,dividend,0.66,,
PNC,2009-01-14,dividend,0.66,,
PNC,2009-04-08,dividend,0.1,,
PNC,2009-07-09,dividend,0.1,,
PNC,2009-10-08,dividend,0.1,,
PNC,2010-01-13,dividend,0.1,,
PNC,2010-04-09,dividend,0.1,,
PNC,2010-07-12,dividend,0.1,,
PNC,2010-10-13,dividend,0.1,,
PNC,2011-01-12,dividend,0.1,,
PNC,2011-04-14,dividend,0.35,,
PNC,2011-07-14,dividend,0.35,,
PNC,2011-10-17,dividend,0.35,,
PNC,2012-01-12,dividend,0.35,,
PNC,2012-04-13,dividend,0.4,,
PNC,2012-07-13,dividend,0.4,,
PNC,2012-10-12,dividend,0.4,,
PNC,2013-01-11,dividend,0.4,,
PNC,2013-04-12,dividend,0.44,,
PNC,2013-07-11,dividend,0.44,,
PNC,2013-10-10,dividend,0.44,,
PNC,2014-01-13,dividend,0.44,,
PNC,2014-04-11,dividend,0.48,,
PNC,2014-07-11,dividend,0.48,,
PNC,2014-10-10,dividend,0.48,,
PNC,2015-01-13,dividend,0.48,,
PNC,2015-04-13,dividend,0.51,,
PNC,2015-07-13,dividend,0.51,,
PNC,2015-10-13,dividend,0.51,,
PNC,2016-01-14,dividend,0.51,,
PNC,2016-04-13,dividend,0.51,,
PNC,2016-07-14,dividend,0.55,,
PNC,2016-10-13,dividend,0.55,,
PNC,2017-01-12,dividend,0.55,,
PNC,2017-04-12,dividend,0.55,,
PNC,2017-07-13,dividend,0.75,,
PNC,2017-10-16,dividend,0.75,,
PNC,2018-01-16,dividend,0.75,,
PNC,2018-04-13,dividend,0.75,,
PNC,2018-07-16,dividend,0.95,,
PNC,2018-10-16,dividend,0.95,,
PNC,2019-01-16,dividend,0.95,,
PNC,2019-04-15,dividend,0.95,,
PNC,2019-07-18,dividend,1.15,,
PNC,2019-10-16,dividend,1.15,,
PNC,2020-01-16,dividend,1.15,,
PNC,2020-04-15,dividend,1.15,,
PNC,2020-07-16,dividend,1.15,,
PNC,2020-10-15,dividend,1.15,,
PNC,2021-01-15,dividend,1.15,,
PNC,2021-04-15,dividend,1.15,,
PNC,2021-07-15,dividend,1.25,,
PNC,2021-10-14,dividend,1.25,,
PNC,2022-01-14,dividend,1.25,,
PNC,2022-04-12,dividend,1.5,,
PNC,2022-07-12,dividend,1.5,,
PNC,2022-10-14,dividend,1.5,,
PNC,2023-01-13,dividend,1.5,,
PNC,2023-04-17,dividend,1.5,,
PNC,2023-07-14,dividend,1.55,,
PNC,2023-10-16,dividend,1.55,,
PNC,2024-01-12,dividend,1.55,,
PNC,2024-04-12,dividend,1.55,,
PNC,2024-07-15,dividend,1.6,,
PNC,2024-10-16,dividend,1.6,,
PNC,2025-01-15,dividend,1.6,,
PNC,2025-04-16,dividend,1.6,,
PNC,2025-07-15,dividend,1.7,,
PNC,2025-10-14,dividend,1.7,,
PNC,2026-01-20,dividend,1.7,,
PNC,2026-04-14,dividend,1.7,,
PNC,2026-07-20,dividend,2.0,,
PRU.L,2007-04-11,dividend,11.72,,
PRU.L,2007-08-15,dividend,5.7,,
PRU.L,2008-04-09,dividend,12.3,,
PRU.L,2008-08-13,dividend,5.9900002,,
PRU.L,2009-04-08,dividend,12.91,,
PRU.L,2009-08-19,dividend,6.29,,
PRU.L,2010-04-07,dividend,13.56,,
PRU.L,2010-08-18,dividend,6.61,,
PRU.L,2011-03-30,dividend,17.24,,
PRU.L,2011-08-17,dividend,7.95,,
PRU.L,2012-03-28,dividend,17.24,,
PRU.L,2012-08-22,dividend,8.4,,
PRU.L,2013-03-27,dividend,20.79,,
PRU.L,2013-08-21,dividend,9.7300005,,
PRU.L,2014-03-26,dividend,23.84,,
PRU.L,2014-08-20,dividend,11.190001,,
PRU.L,2015-03-26,dividend,25.74,,
PRU.L,2015-08-20,dividend,12.309999,,
PRU.L,2016-03-24,dividend,36.469997,,
PRU.L,2016-08-25,dividend,12.93,,
PRU.L,2017-03-30,dividend,30.57,,
PRU.L,2017-08-24,dividend,14.5,,
PRU.L,2018-03-29,dividend,32.5,,
PRU.L,2018-08-23,dividend,15.67,,
PRU.L,2019-03-28,dividend,33.68,,
PRU.L,2019-08-22,dividend,16.45,,
PRU.L,2020-03-26,dividend,20.84,,
PRU.L,2020-08-20,dividend,4.17,,
PRU.L,2021-03-25,dividend,7.71,,
PRU.L,2021-08-19,dividend,3.8899999,,
PRU.L,2022-03-24,dividend,9.440001,,
PRU.L,2022-08-18,dividend,4.9805,,
PRU.L,2023-03-23,dividend,10.4605,,
PRU.L,2023-09-07,dividend,5.1551,,
PRU.L,2024-03-28,dividend,11.342299,,
PRU.L,2024-09-05,dividend,5.2154,,
PRU.L,2025-03-27,dividend,12.251801,,
PRU.L,2025-09-04,dividend,5.7404,,
PRU.L,2026-03-26,dividend,13.9402,,
PRU.L,2026-09-10,dividend,6.6503205,,
PSA,2006-12-13,dividend,0.5,,
PSA,2007-03-13,dividend,0.5,,
PSA,2007-06-13,dividend,0.5,,
PSA,2007-09-10,dividend,0.5,,
PSA,2007-12-11,dividend,0.5,,
PSA,2008-03-12,dividend,0.55,,
PSA,2008-06-11,dividend,0.55,,
PSA,2008-09-11,dividend,0.55,,
PSA,2008-12-11,dividend,1.15,,
PSA,2009-03-12,dividend,0.55,,
PSA,2009-06-11,dividend,0.55,,
PSA,2009-09-11,dividend,0.55,,
PSA,2009-12-11,dividend,0.55,,
PSA,2010-03-11,dividend,0.65,,
PSA,2010-06-11,dividend,0.8,,
PSA,2010-09-13,dividend,0.8,,
PSA,2010-12-13,dividend,0.8,,
PSA,2011-03-11,dividend,0.8,,
PSA,2011-06-13,dividend,0.95,,
PSA,2011-09-12,dividend,0.95,,
PSA,2011-12-12,dividend,0.95,,
PSA,2012-03-12,dividend,1.1,,
PSA,2012-06-11,dividend,1.1,,
PSA,2012-09-10,dividend,1.1,,
PSA,2012-12-10,dividend,1.1,,
PSA,2013-03-11,dividend,1.25,,
PSA,2013-06-10,dividend,1.25,,
PSA,2013-09-11,dividend,1.25,,
PSA,2013-12-11,dividend,1.4,,
PSA,2014-03-12,dividend,1.4,,
PSA,2014-06-11,dividend,1.4,,
PSA,2014-09-11,dividend,1.4,,
PSA,2014-12-11,dividend,1.4,,
PSA,2015-03-12,dividend,1.4,,
PSA,2015-06-11,dividend,1.7,,
PSA,2015-09-11,dividend,1.7,,
PSA,2015-12-11,dividend,1.7,,
PSA,2016-03-14,dividend,1.7,,
PSA,2016-06-13,dividend,1.8,,
PSA,2016-09-12,dividend,1.8,,
PSA,2016-12-12,dividend,2.0,,
PSA,2017-03-13,dividend,2.0,,
PSA,2017-06-12,dividend,2.0,,
PSA,2017-09-12,dividend,2.0,,
PSA,2017-12-12,dividend,2.0,,
PSA,2018-03-13,dividend,2.0,,
PSA,2018-06-12,dividend,2.0,,
PSA,2018-09-11,dividend,2.0,,
PSA,2018-12-11,dividend,2.0,,
PSA,2019-03-12,dividend,2.0,,
PSA,2019-06-11,dividend,2.0,,
PSA,2019-09-11,dividend,2.0,,
PSA,2019-12-12,dividend,2.0,,
PSA,2020-03-13,dividend,2.0,,
PSA,2020-06-12,dividend,2.0,,
PSA,2020-09-14,dividend,2.0,,
PSA,2020-12-14,dividend,2.0,,
PSA,2021-03-15,dividend,2.0,,
PSA,2021-06-14,dividend,2.0,,
PSA,2021-09-14,dividend,2.0,,
PSA,2021-12-14,dividend,2.0,,
PSA,2022-03-15,dividend,2.0,,
PSA,2022-06-14,dividend,2.0,,
PSA,2022-07-29,dividend,13.15,,
PSA,2022-09-13,dividend,2.0,,
PSA,2022-12-13,dividend,2.0,,
PSA,2023-03-14,dividend,3.0,,
PSA,2023-06-13,dividend,3.0,,
PSA,2023-09-12,dividend,3.0,,
PSA,2023-12-12,dividend,3.0,,
PSA,2024-03-12,dividend,3.0,,
PSA,2024-06-12,dividend,3.0,,
PSA,2024-09-13,dividend,3.0,,
PSA,2024-12-13,dividend,3.0,,
PSA,2025-03-13,dividend,3.0,,
PSA,2025-06-12,dividend,3.0,,
PSA,2025-09-15,dividend,3.0,,
PSA,2025-12-15,dividend,3.0,,
PSA,2026-03-16,dividend,3.0,,
PSA,2026-06-15,dividend,3.0,,
PSA,2026-09-15,dividend,3.0,,
PYPL,2025-11-19,dividend,0.14,,
PYPL,2026-03-04,dividend,0.14,,
PYPL,2026-06-04,dividend,0.14,,
PYPL,2026-09-04,dividend,0.14,,
QCOM,2006-12-05,dividend,0.12,,
QCOM,2007-02-28,dividend,0.12,,
QCOM,2007-05-30,dividend,0.14,,
QCOM,2007-08-29,dividend,0.14,,
QCOM,2007-12-05,dividend,0.14,,
QCOM,2008-02-27,dividend,0.14,,
QCOM,2008-05-28,dividend,0.16,,
QCOM,2008-08-27,dividend,0.16,,
QCOM,2008-12-09,dividend,0.16,,
QCOM,2009-02-25,dividend,0.16,,
QCOM,2009-05-27,dividend,0.17,,
QCOM,2009-08-26,dividend,0.17,,
QCOM,2009-11-23,dividend,0.17,,
QCOM,2010-02-24,dividend,0.17,,
QCOM,2010-05-26,dividend,0.19,,
QCOM,2010-08-25,dividend,0.19,,
QCOM,2010-11-22,dividend,0.19,,
QCOM,2011-02-23,dividend,0.19,,
QCOM,2011-05-25,dividend,0.215,,
QCOM,2011-08-24,dividend,0.215,,
QCOM,2011-11-21,dividend,0.215,,
QCOM,2012-02-29,dividend,0.215,,
QCOM,2012-05-30,dividend,0.25,,
QCOM,2012-09-05,dividend,0.25,,
QCOM,2012-12-05,dividend,0.25,,
QCOM,2013-03-06,dividend,0.25,,
QCOM,2013-06-03,dividend,0.35,,
QCOM,2013-08-30,dividend,0.35,,
QCOM,2013-11-27,dividend,0.35,,
QCOM,2014-03-03,dividend,0.35,,
QCOM,2014-06-02,dividend,0.42,,
QCOM,2014-08-29,dividend,0.42,,
QCOM,2014-11-26,dividend,0.42,,
QCOM,2015-03-02,dividend,0.42,,
QCOM,2015-06-01,dividend,0.48,,
QCOM,2015-08-31,dividend,0.48,,
QCOM,2015-11-27,dividend,0.48,,
QCOM,2016-02-29,dividend,0.48,,
QCOM,2016-05-27,dividend,0.53,,
QCOM,2016-08-29,dividend,0.53,,
QCOM,2016-11-28,dividend,0.53,,
QCOM,2017-02-27,dividend,0.53,,
QCOM,2017-05-26,dividend,0.57,,
QCOM,2017-08-28,dividend,0.57,,
QCOM,2017-11-28,dividend,0.57,,
QCOM,2018-02-27,dividend,0.57,,
QCOM,2018-05-29,dividend,0.62,,
QCOM,2018-09-04,dividend,0.62,,
QCOM,2018-12-06,dividend,0.62,,
QCOM,2019-03-06,dividend,0.62,,
QCOM,2019-06-05,dividend,0.62,,
QCOM,2019-09-11,dividend,0.62,,
QCOM,2019-12-04,dividend,0.62,,
QCOM,2020-03-04,dividend,0.62,,
QCOM,2020-06-03,dividend,0.65,,
QCOM,2020-09-02,dividend,0.65,,
QCOM,2020-12-02,dividend,0.65,,
QCOM,2021-03-03,dividend,0.65,,
QCOM,2021-06-02,dividend,0.68,,
QCOM,2021-09-01,dividend,0.68,,
QCOM,2021-12-01,dividend,0.68,,
QCOM,2022-03-02,dividend,0.68,,
QCOM,2022-06-01,dividend,0.75,,
QCOM,2022-08-31,dividend,0.75,,
QCOM,2022-11-30,dividend,0.75,,
QCOM,2023-03-01,dividend,0.75,,
QCOM,2023-05-31,dividend,0.8,,
QCOM,2023-08-30,dividend,0.8,,
QCOM,2023-11-29,dividend,0.8,,
QCOM,2024-02-28,dividend,0.8,,
QCOM,2024-05-30,dividend,0.85,,
QCOM,2024-09-05,dividend,0.85,,
QCOM,2024-12-05,dividend,0.85,,
QCOM,2025-03-06,dividend,0.85,,
QCOM,2025-06-05,dividend,0.89,,
QCOM,2025-09-04,dividend,0.89,,
QCOM,2025-12-04,dividend,0.89,,
QCOM,2026-03-05,dividend,0.89,,
QCOM,2026-06-04,dividend,0.92,,
QCOM,2026-09-03,dividend,0.92,,
REGN,2025-02-20,dividend,0.88,,
REGN,2025-05-20,dividend,0.88,,
REGN,2025-08-18,dividend,0.88,,
REGN,2025-11-20,dividend,0.88,,
REGN,2026-02-20,dividend,0.94,,
REGN,2026-05-20,dividend,0.94,,
REGN,2026-08-18,dividend,0.94,,
REL.L,2007-04-18,dividend,13.631,,
REL.L,2007-08-01,dividend,5.1983,,
REL.L,2008-01-07,dividend,82.0,,
REL.L,2008-01-07,split,0.8656716417910447,58:67,
REL.L,2008-04-30,dividend,13.6,,
REL.L,2008-08-06,dividend,5.2999997,,
REL.L,2009-04-22,dividend,15.000001,,
REL.L,2009-08-05,dividend,5.4,,
REL.L,2010-04-28,dividend,15.000001,,
REL.L,2010-08-04,dividend,5.4,,
REL.L,2011-04-20,dividend,15.000001,,
REL.L,2011-08-03,dividend,5.65,,
REL.L,2012-04-25,dividend,15.9,,
REL.L,2012-08-08,dividend,6.0,,
REL.L,2013-05-01,dividend,17.0,,
REL.L,2013-08-07,dividend,6.65,,
REL.L,2014-04-30,dividend,17.95,,
REL.L,2014-08-06,dividend,7.0,,
REL.L,2015-04-30,dividend,19.0,,
REL.L,2015-08-06,dividend,7.4,,
REL.L,2016-04-28,dividend,22.300001,,
REL.L,2016-08-04,dividend,10.25,,
REL.L,2017-04-27,dividend,25.7,,
REL.L,2017-08-03,dividend,11.7,,
REL.L,2018-04-26,dividend,27.7,,
REL.L,2018-08-02,dividend,12.4,,
REL.L,2019-05-02,dividend,29.699999,,
REL.L,2019-08-01,dividend,13.6,,
REL.L,2020-04-24,dividend,32.100002,,
REL.L,2020-07-30,dividend,13.6,,
REL.L,2021-04-29,dividend,33.399998,,
REL.L,2021-08-05,dividend,14.300001,,
REL.L,2022-04-28,dividend,35.5,,
REL.L,2022-08-04,dividend,15.700001,,
REL.L,2023-04-27,dividend,38.9,,
REL.L,2023-08-03,dividend,17.0,,
REL.L,2024-05-02,dividend,41.800003,,
REL.L,2024-08-01,dividend,18.199999,,
REL.L,2025-05-08,dividend,44.800003,,
REL.L,2025-08-07,dividend,19.5,,
REL.L,2026-05-07,dividend,48.0,,
REL.L,2026-08-06,dividend,20.900002,,
RIO.L,2007-03-07,dividend,26.955801,,
RIO.L,2007-08-08,dividend,21.14,,
RIO.L,2008-02-20,dividend,35.6299,,
RIO.L,2008-09-03,dividend,29.9463,,
RIO.L,2009-02-18,dividend,42.4893,,
RIO.L,2010-02-24,dividend,32.0444,,
RIO.L,2010-08-11,dividend,31.344398,,
RIO.L,2011-03-02,dividend,43.4889,,
RIO.L,2011-08-10,dividend,36.8222,,
RIO.L,2012-02-29,dividend,63.7,,
RIO.L,2012-08-15,dividend,51.588898,,
RIO.L,2013-03-06,dividend,67.0444,,
RIO.L,2013-08-14,dividend,60.311104,,
RIO.L,2014-03-05,dividend,73.1333,,
RIO.L,2014-08-13,dividend,63.2222,,
RIO.L,2015-03-05,dividend,86.6444,,
RIO.L,2015-08-13,dividend,68.92,,
RIO.L,2016-02-25,dividend,74.21,,
RIO.L,2016-08-11,dividend,33.8,,
RIO.L,2017-02-23,dividend,100.56,,
RIO.L,2017-08-10,dividend,83.130005,,
RIO.L,2018-03-01,dividend,129.43,,
RIO.L,2018-08-09,dividend,96.82,,
RIO.L,2019-03-07,dividend,319.51,,
RIO.L,2019-08-08,dividend,173.14,,
RIO.L,2020-03-05,dividend,177.47,,
RIO.L,2020-08-06,dividend,119.74,,
RIO.L,2021-03-04,dividend,287.65,,
RIO.L,2021-08-12,dividend,404.09998,,
RIO.L,2022-03-10,dividend,352.32,,
RIO.L,2022-08-11,dividend,221.63,,
RIO.L,2023-03-09,dividend,185.35,,
RIO.L,2023-08-10,dividend,137.67,,
RIO.L,2024-03-07,dividend,203.76999,,
RIO.L,2024-08-15,dividend,134.22,,
RIO.L,2025-03-06,dividend,175.9875,,
RIO.L,2025-08-14,dividend,108.58,,
RIO.L,2026-03-05,dividend,191.77051,,
RIO.L,2026-08-13,dividend,156.6618,,
ROP,2006-10-11,dividend,0.059,,
ROP,2007-01-10,dividend,0.065,,
ROP,2007-04-11,dividend,0.065,,
ROP,2007-07-11,dividend,0.065,,
ROP,2007-10-10,dividend,0.065,,
ROP,2008-01-09,dividend,0.073,,
ROP,2008-04-09,dividend,0.073,,
ROP,2008-07-09,dividend,0.073,,
ROP,2008-10-08,dividend,0.073,,
ROP,2009-01-07,dividend,0.083,,
ROP,2009-04-07,dividend,0.083,,
ROP,2009-07-08,dividend,0.083,,
ROP,2009-10-07,dividend,0.083,,
ROP,2010-01-06,dividend,0.095,,
ROP,2010-04-07,dividend,0.095,,
ROP,2010-07-07,dividend,0.095,,
ROP,2010-10-06,dividend,0.095,,
ROP,2011-01-05,dividend,0.11,,
ROP,2011-04-06,dividend,0.11,,
ROP,2011-07-06,dividend,0.11,,
ROP,2011-10-05,dividend,0.11,,
ROP,2012-01-04,dividend,0.138,,
ROP,2012-04-11,dividend,0.138,,
ROP,2012-07-11,dividend,0.138,,
ROP,2012-10-10,dividend,0.138,,
ROP,2012-12-19,dividend,0.165,,
ROP,2013-04-10,dividend,0.165,,
ROP,2013-07-10,dividend,0.165,,
ROP,2013-10-09,dividend,0.165,,
ROP,2014-01-08,dividend,0.2,,
ROP,2014-04-09,dividend,0.2,,
ROP,2014-07-09,dividend,0.2,,
ROP,2014-10-08,dividend,0.2,,
ROP,2015-01-07,dividend,0.25,,
ROP,2015-04-08,dividend,0.25,,
ROP,2015-07-08,dividend,0.25,,
ROP,2015-10-07,dividend,0.25,,
ROP,2016-01-06,dividend,0.3,,
ROP,2016-04-06,dividend,0.3,,
ROP,2016-07-06,dividend,0.3,,
ROP,2016-10-05,dividend,0.3,,
ROP,2017-01-05,dividend,0.35,,
ROP,2017-04-05,dividend,0.35,,
ROP,2017-07-05,dividend,0.35,,
ROP,2017-10-05,dividend,0.35,,
ROP,2018-01-08,dividend,0.413,,
ROP,2018-04-06,dividend,0.413,,
ROP,2018-07-06,dividend,0.413,,
ROP,2018-10-04,dividend,0.413,,
ROP,2019-01-08,dividend,0.463,,
ROP,2019-04-05,dividend,0.463,,
ROP,2019-07-05,dividend,0.463,,
ROP,2019-10-03,dividend,0.463,,
ROP,2020-01-08,dividend,0.513,,
ROP,2020-04-07,dividend,0.513,,
ROP,2020-07-07,dividend,0.513,,
ROP,2020-10-05,dividend,0.513,,
ROP,2021-01-07,dividend,0.563,,
ROP,2021-04-01,dividend,0.563,,
ROP,2021-07-07,dividend,0.563,,
ROP,2021-10-05,dividend,0.563,,
ROP,2022-01-07,dividend,0.62,,
ROP,2022-04-04,dividend,0.62,,
ROP,2022-07-07,dividend,0.62,,
ROP,2022-10-05,dividend,0.62,,
ROP,2023-01-06,dividend,0.683,,
ROP,2023-04-05,dividend,0.683,,
ROP,2023-07-07,dividend,0.683,,
ROP,2023-10-05,dividend,0.683,,
ROP,2024-01-08,dividend,0.75,,
ROP,2024-04-04,dividend,0.75,,
ROP,2024-07-08,dividend,0.75,,
ROP,2024-10-08,dividend,0.75,,
ROP,2025-01-03,dividend,0.825,,
ROP,2025-04-04,dividend,0.825,,
ROP,2025-07-08,dividend,0.825,,
ROP,2025-10-03,dividend,0.825,,
ROP,2026-01-02,dividend,0.91,,
ROP,2026-04-06,dividend,0.91,,
ROP,2026-07-08,dividend,0.91,,
RTX,2006-11-15,dividend,0.166772,,
RTX,2007-02-14,dividend,0.166772,,
RTX,2007-05-16,dividend,0.166772,,
RTX,2007-08-15,dividend,0.201385,,
RTX,2007-11-14,dividend,0.201385,,
RTX,2008-02-13,dividend,0.201385,,
RTX,2008-05-14,dividend,0.201385,,
RTX,2008-08-13,dividend,0.201385,,
RTX,2008-11-12,dividend,0.242291,,
RTX,2009-02-18,dividend,0.242291,,
RTX,2009-05-13,dividend,0.242291,,
RTX,2009-08-19,dividend,0.242291,,
RTX,2009-11-18,dividend,0.242291,,
RTX,2010-02-17,dividend,0.267464,,
RTX,2010-05-12,dividend,0.267464,,
RTX,2010-08-18,dividend,0.267464,,
RTX,2010-11-17,dividend,0.267464,,
RTX,2011-02-16,dividend,0.267464,,
RTX,2011-05-18,dividend,0.302077,,
RTX,2011-08-17,dividend,0.302077,,
RTX,2011-11-16,dividend,0.302077,,
RTX,2012-02-15,dividend,0.302077,,
RTX,2012-05-16,dividend,0.302077,,
RTX,2012-08-15,dividend,0.33669,,
RTX,2012-11-14,dividend,0.33669,,
RTX,2013-02-13,dividend,0.33669,,
RTX,2013-05-15,dividend,0.33669,,
RTX,2013-08-14,dividend,0.33669,,
RTX,2013-11-13,dividend,0.371303,,
RTX,2014-02-12,dividend,0.371303,,
RTX,2014-05-14,dividend,0.371303,,
RTX,2014-08-13,dividend,0.371303,,
RTX,2014-11-12,dividend,0.371303,,
RTX,2015-02-11,dividend,0.402769,,
RTX,2015-05-13,dividend,0.402769,,
RTX,2015-08-12,dividend,0.402769,,
RTX,2015-11-10,dividend,0.402769,,
RTX,2016-02-17,dividend,0.402769,,
RTX,2016-05-18,dividend,0.415356,,
RTX,2016-08-17,dividend,0.415356,,
RTX,2016-11-16,dividend,0.415356,,
RTX,2017-02-15,dividend,0.415356,,
RTX,2017-05-17,dividend,0.415356,,
RTX,2017-08-16,dividend,0.440529,,
RTX,2017-11-16,dividend,0.440529,,
RTX,2018-02-15,dividend,0.440529,,
RTX,2018-05-17,dividend,0.440529,,
RTX,2018-08-16,dividend,0.440529,,
RTX,2018-11-15,dividend,0.462555,,
RTX,2019-02-14,dividend,0.462555,,
RTX,2019-05-16,dividend,0.462555,,
RTX,2019-08-15,dividend,0.462555,,
RTX,2019-11-14,dividend,0.462555,,
RTX,2020-02-13,dividend,0.462555,,
RTX,2020-04-03,split,1.589,15890:10000,
RTX,2020-05-14,dividend,0.475,,
RTX,2020-08-13,dividend,0.475,,
RTX,2020-11-12,dividend,0.475,,
RTX,2021-02-25,dividend,0.475,,
RTX,2021-05-20,dividend,0.51,,
RTX,2021-08-19,dividend,0.51,,
RTX,2021-11-18,dividend,0.51,,
RTX,2022-02-24,dividend,0.51,,
RTX,2022-05-19,dividend,0.55,,
RTX,2022-08-18,dividend,0.55,,
RTX,2022-11-17,dividend,0.55,,
RTX,2023-02-23,dividend,0.55,,
RTX,2023-05-18,dividend,0.59,,
RTX,2023-08-17,dividend,0.59,,
RTX,2023-11-16,dividend,0.59,,
RTX,2024-02-22,dividend,0.59,,
RTX,2024-05-16,dividend,0.63,,
RTX,2024-08-16,dividend,0.63,,
RTX,2024-11-15,dividend,0.63,,
RTX,2025-02-21,dividend,0.63,,
RTX,2025-05-23,dividend,0.68,,
RTX,2025-08-15,dividend,0.68,,
RTX,2025-11-21,dividend,0.68,,
RTX,2026-02-20,dividend,0.68,,
RTX,2026-05-22,dividend,0.73,,
RTX,2026-08-14,dividend,0.73,,
SAN.PA,2006-11-29,dividend,0.270072,,
SAN.PA,2007-06-07,dividend,1.75,,
SAN.PA,2008-05-16,dividend,2.07,,
SAN.PA,2009-04-23,dividend,2.2,,
SAN.PA,2010-05-20,dividend,2.4,,
SAN.PA,2011-05-16,dividend,2.5,,
SAN.PA,2012-05-10,dividend,2.65,,
SAN.PA,2013-05-09,dividend,2.77,,
SAN.PA,2014-05-12,dividend,2.8,,
SAN.PA,2015-05-11,dividend,2.85,,
SAN.PA,2016-05-10,dividend,2.93,,
SAN.PA,2017-05-16,dividend,2.96,,
SAN.PA,2018-05-11,dividend,3.03,,
SAN.PA,2019-05-09,dividend,3.07,,
SAN.PA,2020-05-04,dividend,3.15,,
SAN.PA,2021-05-05,dividend,3.2,,
SAN.PA,2022-05-06,dividend,3.33,,
SAN.PA,2023-05-30,dividend,3.56,,
SAN.PA,2024-05-13,dividend,3.76,,
SAN.PA,2025-05-12,dividend,3.92,,
SAN.PA,2026-05-05,dividend,4.12,,
SAP.DE,2007-05-11,dividend,0.46,,
SAP.DE,2008-06-04,dividend,0.5,,
SAP.DE,2009-05-20,dividend,0.5,,
SAP.DE,2010-06-09,dividend,0.5,,
SAP.DE,2011-05-26,dividend,0.6,,
SAP.DE,2012-05-24,dividend,1.1,,
SAP.DE,2013-06-05,dividend,0.85,,
SAP.DE,2014-05-22,dividend,1.0,,
SAP.DE,2015-05-21,dividend,1.1,,
SAP.DE,2016-05-13,dividend,1.15,,
SAP.DE,2017-05-11,dividend,1.25,,
SAP.DE,2018-05-18,dividend,1.4,,
SAP.DE,2019-05-16,dividend,1.5,,
SAP.DE,2020-05-21,dividend,1.58,,
SAP.DE,2021-05-13,dividend,1.85,,
SAP.DE,2022-05-19,dividend,2.45,,
SAP.DE,2023-05-12,dividend,2.05,,
SAP.DE,2024-05-16,dividend,2.2,,
SAP.DE,2025-05-14,dividend,2.35,,
SAP.DE,2026-05-06,dividend,2.5,,
SBUX,2010-04-05,dividend,0.05,,
SBUX,2010-08-02,dividend,0.065,,
SBUX,2010-11-16,dividend,0.065,,
SBUX,2011-02-07,dividend,0.065,,
SBUX,2011-05-09,dividend,0.065,,
SBUX,2011-08-08,dividend,0.065,,
SBUX,2011-11-15,dividend,0.085,,
SBUX,2012-02-06,dividend,0.085,,
SBUX,2012-05-07,dividend,0.085,,
SBUX,2012-08-06,dividend,0.085,,
SBUX,2012-11-13,dividend,0.105,,
SBUX,2013-02-05,dividend,0.105,,
SBUX,2013-05-07,dividend,0.105,,
SBUX,2013-08-06,dividend,0.105,,
SBUX,2013-11-12,dividend,0.13,,
SBUX,2014-02-04,dividend,0.13,,
SBUX,2014-05-06,dividend,0.13,,
SBUX,2014-08-05,dividend,0.13,,
SBUX,2014-11-10,dividend,0.16,,
SBUX,2015-02-03,dividend,0.16,,
SBUX,2015-04-09,split,2.0,2:1,
SBUX,2015-05-05,dividend,0.16,,
SBUX,2015-08-04,dividend,0.16,,
SBUX,2015-11-09,dividend,0.2,,
SBUX,2016-02-02,dividend,0.2,,
SBUX,2016-05-03,dividend,0.2,,
SBUX,2016-08-02,dividend,0.2,,
SBUX,2016-11-15,dividend,0.25,,
SBUX,2017-02-07,dividend,0.25,,
SBUX,2017-05-09,dividend,0.25,,
SBUX,2017-08-08,dividend,0.25,,
SBUX,2017-11-15,dividend,0.3,,
SBUX,2018-02-07,dividend,0.3,,
SBUX,2018-05-09,dividend,0.3,,
SBUX,2018-08-08,dividend,0.36,,
SBUX,2018-11-14,dividend,0.36,,
SBUX,2019-02-06,dividend,0.36,,
SBUX,2019-05-08,dividend,0.36,,
SBUX,2019-08-07,dividend,0.36,,
SBUX,2019-11-12,dividend,0.41,,
SBUX,2020-02-05,dividend,0.41,,
SBUX,2020-05-07,dividend,0.41,,
SBUX,2020-08-06,dividend,0.41,,
SBUX,2020-11-10,dividend,0.45,,
SBUX,2021-02-17,dividend,0.45,,
SBUX,2021-05-12,dividend,0.45,,
SBUX,2021-08-11,dividend,0.45,,
SBUX,2021-11-10,dividend,0.49,,
SBUX,2022-02-10,dividend,0.49,,
SBUX,2022-05-12,dividend,0.49,,
SBUX,2022-08-11,dividend,0.49,,
SBUX,2022-11-09,dividend,0.53,,
SBUX,2023-02-09,dividend,0.53,,
SBUX,2023-05-11,dividend,0.53,,
SBUX,2023-08-10,dividend,0.53,,
SBUX,2023-11-09,dividend,0.57,,
SBUX,2024-02-08,dividend,0.57,,
SBUX,2024-05-16,dividend,0.57,,
SBUX,2024-08-16,dividend,0.57,,
SBUX,2024-11-15,dividend,0.61,,
SBUX,2025-02-14,dividend,0.61,,
SBUX,2025-05-16,dividend,0.61,,
SBUX,2025-08-15,dividend,0.61,,
SBUX,2025-11-14,dividend,0.62,,
SBUX,2026-02-13,dividend,0.62,,
SBUX,2026-05-15,dividend,0.62,,
SBUX,2026-08-14,dividend,0.62,,
SCHW,2006-11-06,dividend,0.05,,
SCHW,2007-02-07,dividend,0.05,,
SCHW,2007-05-09,dividend,0.05,,
SCHW,2007-07-20,dividend,1.05,,
SCHW,2007-11-07,dividend,0.05,,
SCHW,2008-02-06,dividend,0.05,,
SCHW,2008-05-07,dividend,0.05,,
SCHW,2008-08-06,dividend,0.06,,
SCHW,2008-11-12,dividend,0.06,,
SCHW,2009-02-11,dividend,0.06,,
SCHW,2009-05-06,dividend,0.06,,
SCHW,2009-08-12,dividend,0.06,,
SCHW,2009-11-10,dividend,0.06,,
SCHW,2010-02-10,dividend,0.06,,
SCHW,2010-05-05,dividend,0.06,,
SCHW,2010-08-11,dividend,0.06,,
SCHW,2010-11-09,dividend,0.06,,
SCHW,2011-02-09,dividend,0.06,,
SCHW,2011-05-04,dividend,0.06,,
SCHW,2011-08-10,dividend,0.06,,
SCHW,2011-11-08,dividend,0.06,,
SCHW,2012-02-08,dividend,0.06,,
SCHW,2012-05-09,dividend,0.06,,
SCHW,2012-08-08,dividend,0.06,,
SCHW,2012-11-07,dividend,0.06,,
SCHW,2013-02-06,dividend,0.06,,
SCHW,2013-05-08,dividend,0.06,,
SCHW,2013-08-07,dividend,0.06,,
SCHW,2013-11-06,dividend,0.06,,
SCHW,2014-02-05,dividend,0.06,,
SCHW,2014-05-07,dividend,0.06,,
SCHW,2014-08-06,dividend,0.06,,
SCHW,2014-11-05,dividend,0.06,,
SCHW,2015-02-05,dividend,0.06,,
SCHW,2015-05-06,dividend,0.06,,
SCHW,2015-08-05,dividend,0.06,,
SCHW,2015-11-04,dividend,0.06,,
SCHW,2016-02-10,dividend,0.06,,
SCHW,2016-05-11,dividend,0.07,,
SCHW,2016-08-10,dividend,0.07,,
SCHW,2016-11-09,dividend,0.07,,
SCHW,2017-02-08,dividend,0.08,,
SCHW,2017-05-10,dividend,0.08,,
SCHW,2017-08-09,dividend,0.08,,
SCHW,2017-11-09,dividend,0.08,,
SCHW,2018-02-08,dividend,0.1,,
SCHW,2018-05-10,dividend,0.1,,
SCHW,2018-08-09,dividend,0.13,,
SCHW,2018-11-08,dividend,0.13,,
SCHW,2019-02-13,dividend,0.17,,
SCHW,2019-05-14,dividend,0.17,,
SCHW,2019-08-08,dividend,0.17,,
SCHW,2019-11-07,dividend,0.17,,
SCHW,2020-02-13,dividend,0.18,,
SCHW,2020-05-07,dividend,0.18,,
SCHW,2020-08-06,dividend,0.18,,
SCHW,2020-11-12,dividend,0.18,,
SCHW,2021-02-11,dividend,0.18,,
SCHW,2021-05-13,dividend,0.18,,
SCHW,2021-08-12,dividend,0.18,,
SCHW,2021-11-10,dividend,0.18,,
SCHW,2022-02-10,dividend,0.2,,
SCHW,2022-05-12,dividend,0.2,,
SCHW,2022-08-11,dividend,0.22,,
SCHW,2022-11-09,dividend,0.22,,
SCHW,2023-02-09,dividend,0.25,,
SCHW,2023-05-11,dividend,0.25,,
SCHW,2023-08-10,dividend,0.25,,
SCHW,2023-11-09,dividend,0.25,,
SCHW,2024-02-08,dividend,0.25,,
SCHW,2024-05-09,dividend,0.25,,
SCHW,2024-08-09,dividend,0.25,,
SCHW,2024-11-08,dividend,0.25,,
SCHW,2025-02-14,dividend,0.27,,
SCHW,2025-05-09,dividend,0.27,,
SCHW,2025-08-08,dividend,0.27,,
SCHW,2025-11-14,dividend,0.27,,
SCHW,2026-02-13,dividend,0.32,,
SCHW,2026-05-08,dividend,0.32,,
SCHW,2026-08-14,dividend,0.32,,
SHEL.L,2006-11-01,dividend,16.769999,,
SHEL.L,2007-02-07,dividend,16.599998,,
SHEL.L,2007-05-09,dividend,17.085,,
SHEL.L,2007-08-01,dividend,17.560001,,
SHEL.L,2007-10-31,dividend,16.6127,,
SHEL.L,2008-02-06,dividend,18.109999,,
SHEL.L,2008-05-14,dividend,20.05,,
SHEL.L,2008-08-06,dividend,20.21,,
SHEL.L,2008-11-05,dividend,24.539999,,
SHEL.L,2009-02-04,dividend,27.970001,,
SHEL.L,2009-05-06,dividend,28.650002,,
SHEL.L,2009-08-05,dividend,25.52,,
SHEL.L,2009-11-04,dividend,25.650002,,
SHEL.L,2010-02-10,dividend,26.359999,,
SHEL.L,2010-05-05,dividend,27.369999,,
SHEL.L,2010-08-04,dividend,24.201,,
SHEL.L,2010-11-03,dividend,26.72,,
SHEL.L,2011-02-09,dividend,25.82,,
SHEL.L,2011-05-11,dividend,25.71,,
SHEL.L,2011-08-03,dividend,25.77,,
SHEL.L,2011-11-02,dividend,23.043499,,
SHEL.L,2012-02-15,dividend,26.74,,
SHEL.L,2012-05-09,dividend,27.919998,,
SHEL.L,2012-08-08,dividend,27.08,,
SHEL.L,2012-11-14,dividend,26.859999,,
SHEL.L,2013-02-13,dividend,28.79,,
SHEL.L,2013-05-15,dividend,28.99,,
SHEL.L,2013-08-14,dividend,28.670002,,
SHEL.L,2013-11-13,dividend,27.509998,,
SHEL.L,2014-02-12,dividend,26.88,,
SHEL.L,2014-05-14,dividend,28.029999,,
SHEL.L,2014-08-13,dividend,29.09,,
SHEL.L,2014-11-13,dividend,30.160002,,
SHEL.L,2015-02-12,dividend,31.2,,
SHEL.L,2015-05-14,dividend,30.75,,
SHEL.L,2015-08-13,dividend,30.919998,,
SHEL.L,2015-11-12,dividend,31.07,,
SHEL.L,2016-02-18,dividend,32.78,,
SHEL.L,2016-05-19,dividend,32.98,,
SHEL.L,2016-08-11,dividend,35.27,,
SHEL.L,2016-11-10,dividend,37.16,,
SHEL.L,2017-02-16,dividend,38.640003,,
SHEL.L,2017-05-18,dividend,37.12,,
SHEL.L,2017-08-10,dividend,36.28,,
SHEL.L,2017-11-16,dividend,35.02,,
SHEL.L,2018-02-15,dividend,33.91,,
SHEL.L,2018-05-10,dividend,35.18,,
SHEL.L,2018-08-09,dividend,36.5,,
SHEL.L,2018-11-15,dividend,36.77,,
SHEL.L,2019-02-14,dividend,35.94,,
SHEL.L,2019-05-16,dividend,36.97,,
SHEL.L,2019-08-15,dividend,38.010002,,
SHEL.L,2019-11-14,dividend,35.73,,
SHEL.L,2020-02-13,dividend,36.399998,,
SHEL.L,2020-05-14,dividend,12.68,,
SHEL.L,2020-08-13,dividend,12.09,,
SHEL.L,2020-11-12,dividend,12.48,,
SHEL.L,2021-02-18,dividend,11.96,,
SHEL.L,2021-05-13,dividend,12.259999,,
SHEL.L,2021-08-12,dividend,17.380001,,
SHEL.L,2021-11-11,dividend,18.06,,
SHEL.L,2022-02-17,dividend,18.279999,,
SHEL.L,2022-05-19,dividend,20.01,,
SHEL.L,2022-08-11,dividend,21.57,,
SHEL.L,2022-11-10,dividend,20.61,,
SHEL.L,2023-02-16,dividend,24.11,,
SHEL.L,2023-05-18,dividend,22.99,,
SHEL.L,2023-08-10,dividend,26.12,,
SHEL.L,2023-11-16,dividend,26.31,,
SHEL.L,2024-02-15,dividend,26.9,,
SHEL.L,2024-05-16,dividend,26.94,,
SHEL.L,2024-08-15,dividend,26.15,,
SHEL.L,2024-11-14,dividend,27.03,,
SHEL.L,2025-02-13,dividend,27.79,,
SHEL.L,2025-05-15,dividend,26.409998,,
SHEL.L,2025-08-14,dividend,26.62,,
SHEL.L,2025-11-13,dividend,26.85,,
SHEL.L,2026-02-19,dividend,27.869999,,
SHEL.L,2026-05-21,dividend,29.179998,,
SHEL.L,2026-08-13,dividend,28.92,,
SHW,2006-11-15,dividend,0.083333,,
SHW,2007-02-28,dividend,0.105,,
SHW,2007-05-16,dividend,0.105,,
SHW,2007-08-22,dividend,0.105,,
SHW,2007-11-14,dividend,0.105,,
SHW,2008-02-27,dividend,0.116667,,
SHW,2008-05-14,dividend,0.116667,,
SHW,2008-08-20,dividend,0.116667,,
SHW,2008-11-12,dividend,0.116667,,
SHW,2009-02-25,dividend,0.118333,,
SHW,2009-05-13,dividend,0.118333,,
SHW,2009-08-19,dividend,0.118333,,
SHW,2009-11-10,dividend,0.118333,,
SHW,2010-02-24,dividend,0.12,,
SHW,2010-05-19,dividend,0.12,,
SHW,2010-08-18,dividend,0.12,,
SHW,2010-11-17,dividend,0.12,,
SHW,2011-02-23,dividend,0.121667,,
SHW,2011-05-18,dividend,0.121667,,
SHW,2011-08-17,dividend,0.121667,,
SHW,2011-11-16,dividend,0.121667,,
SHW,2012-02-23,dividend,0.13,,
SHW,2012-05-16,dividend,0.13,,
SHW,2012-08-15,dividend,0.13,,
SHW,2012-11-14,dividend,0.13,,
SHW,2013-02-21,dividend,0.166667,,
SHW,2013-05-15,dividend,0.166667,,
SHW,2013-08-14,dividend,0.166667,,
SHW,2013-11-13,dividend,0.166667,,
SHW,2014-02-27,dividend,0.183333,,
SHW,2014-05-14,dividend,0.183333,,
SHW,2014-08-13,dividend,0.183333,,
SHW,2014-11-12,dividend,0.183333,,
SHW,2015-02-26,dividend,0.223333,,
SHW,2015-05-13,dividend,0.223333,,
SHW,2015-08-12,dividend,0.223333,,
SHW,2015-11-10,dividend,0.223333,,
SHW,2016-02-25,dividend,0.28,,
SHW,2016-05-18,dividend,0.28,,
SHW,2016-08-17,dividend,0.28,,
SHW,2016-11-16,dividend,0.28,,
SHW,2017-02-23,dividend,0.283333,,
SHW,2017-05-17,dividend,0.283333,,
SHW,2017-08-16,dividend,0.283333,,
SHW,2017-11-16,dividend,0.283333,,
SHW,2018-02-23,dividend,0.286667,,
SHW,2018-05-17,dividend,0.286667,,
SHW,2018-08-16,dividend,0.286667,,
SHW,2018-11-15,dividend,0.286667,,
SHW,2019-02-22,dividend,0.376667,,
SHW,2019-05-16,dividend,0.376667,,
SHW,2019-08-15,dividend,0.376667,,
SHW,2019-11-14,dividend,0.376667,,
SHW,2020-02-28,dividend,0.446667,,
SHW,2020-05-21,dividend,0.446667,,
SHW,2020-08-20,dividend,0.446667,,
SHW,2020-11-12,dividend,0.446667,,
SHW,2021-02-26,dividend,0.55,,
SHW,2021-04-01,split,3.0,3:1,
SHW,2021-05-20,dividend,0.55,,
SHW,2021-08-19,dividend,0.55,,
SHW,2021-11-18,dividend,0.55,,
SHW,2022-02-25,dividend,0.6,,
SHW,2022-05-19,dividend,0.6,,
SHW,2022-08-18,dividend,0.6,,
SHW,2022-11-17,dividend,0.6,,
SHW,2023-02-24,dividend,0.605,,
SHW,2023-05-18,dividend,0.605,,
SHW,2023-08-17,dividend,0.605,,
SHW,2023-11-16,dividend,0.605,,
SHW,2024-02-23,dividend,0.715,,
SHW,2024-05-16,dividend,0.715,,
SHW,2024-08-16,dividend,0.715,,
SHW,2024-11-15,dividend,0.715,,
SHW,2025-03-03,dividend,0.79,,
SHW,2025-05-16,dividend,0.79,,
SHW,2025-08-15,dividend,0.79,,
SHW,2025-11-14,dividend,0.79,,
SHW,2026-03-02,dividend,0.8,,
SHW,2026-05-22,dividend,0.8,,
SHW,2026-08-21,dividend,0.8,,
SIE.DE,2007-01-26,dividend,1.45,,
SIE.DE,2008-01-25,dividend,1.6,,
SIE.DE,2009-01-28,dividend,1.6,,
SIE.DE,2010-01-27,dividend,1.6,,
SIE.DE,2010-02-08,dividend,0.49698302,,
SIE.DE,2011-01-26,dividend,2.699993,,
SIE.DE,2012-01-25,dividend,3.0,,
SIE.DE,2013-01-24,dividend,3.0,,
SIE.DE,2014-01-29,dividend,3.0,,
SIE.DE,2015-01-28,dividend,3.3,,
SIE.DE,2016-01-27,dividend,3.5,,
SIE.DE,2017-02-02,dividend,3.6,,
SIE.DE,2018-02-01,dividend,3.7,,
SIE.DE,2019-01-31,dividend,3.8,,
SIE.DE,2020-02-06,dividend,3.9,,
SIE.DE,2021-02-04,dividend,3.5,,
SIE.DE,2022-02-11,dividend,4.0,,
SIE.DE,2023-02-10,dividend,4.25,,
SIE.DE,2024-02-09,dividend,4.7,,
SIE.DE,2025-02-14,dividend,5.2,,
SIE.DE,2026-02-13,dividend,5.35,,
SLB,2006-12-04,dividend,0.125,,
SLB,2007-02-16,dividend,0.175,,
SLB,2007-06-04,dividend,0.175,,
SLB,2007-08-31,dividend,0.175,,
SLB,2007-12-03,dividend,0.175,,
SLB,2008-02-15,dividend,0.21,,
SLB,2008-06-02,dividend,0.21,,
SLB,2008-08-29,dividend,0.21,,
SLB,2008-12-01,dividend,0.21,,
SLB,2009-02-13,dividend,0.21,,
SLB,2009-06-01,dividend,0.21,,
SLB,2009-08-31,dividend,0.21,,
SLB,2009-11-30,dividend,0.21,,
SLB,2010-02-12,dividend,0.21,,
SLB,2010-05-28,dividend,0.21,,
SLB,2010-08-30,dividend,0.21,,
SLB,2010-11-29,dividend,0.21,,
SLB,2011-02-14,dividend,0.25,,
SLB,2011-05-27,dividend,0.25,,
SLB,2011-08-30,dividend,0.25,,
SLB,2011-11-29,dividend,0.25,,
SLB,2012-02-17,dividend,0.275,,
SLB,2012-05-30,dividend,0.275,,
SLB,2012-08-29,dividend,0.275,,
SLB,2012-11-29,dividend,0.275,,
SLB,2013-02-15,dividend,0.313,,
SLB,2013-06-03,dividend,0.313,,
SLB,2013-08-30,dividend,0.313,,
SLB,2013-12-02,dividend,0.313,,
SLB,2014-02-14,dividend,0.4,,
SLB,2014-06-02,dividend,0.4,,
SLB,2014-08-29,dividend,0.4,,
SLB,2014-12-01,dividend,0.4,,
SLB,2015-02-09,dividend,0.5,,
SLB,2015-06-01,dividend,0.5,,
SLB,2015-08-31,dividend,0.5,,
SLB,2015-11-30,dividend,0.5,,
SLB,2016-02-12,dividend,0.5,,
SLB,2016-05-27,dividend,0.5,,
SLB,2016-09-02,dividend,0.5,,
SLB,2016-12-05,dividend,0.5,,
SLB,2017-02-13,dividend,0.5,,
SLB,2017-05-30,dividend,0.5,,
SLB,2017-09-01,dividend,0.5,,
SLB,2017-12-05,dividend,0.5,,
SLB,2018-02-06,dividend,0.5,,
SLB,2018-06-05,dividend,0.5,,
SLB,2018-09-04,dividend,0.5,,
SLB,2018-12-04,dividend,0.5,,
SLB,2019-02-12,dividend,0.5,,
SLB,2019-06-04,dividend,0.5,,
SLB,2019-09-03,dividend,0.5,,
SLB,2019-12-03,dividend,0.5,,
SLB,2020-02-11,dividend,0.5,,
SLB,2020-06-02,dividend,0.125,,
SLB,2020-09-01,dividend,0.125,,
SLB,2020-12-01,dividend,0.125,,
SLB,2021-02-16,dividend,0.125,,
SLB,2021-06-01,dividend,0.125,,
SLB,2021-08-31,dividend,0.125,,
SLB,2021-11-30,dividend,0.125,,
SLB,2022-02-08,dividend,0.125,,
SLB,2022-05-31,dividend,0.175,,
SLB,2022-09-06,dividend,0.175,,
SLB,2022-12-06,dividend,0.175,,
SLB,2023-02-07,dividend,0.25,,
SLB,2023-06-06,dividend,0.25,,
SLB,2023-09-05,dividend,0.25,,
SLB,2023-12-05,dividend,0.25,,
SLB,2024-02-06,dividend,0.275,,
SLB,2024-06-05,dividend,0.275,,
SLB,2024-09-04,dividend,0.275,,
SLB,2024-12-04,dividend,0.275,,
SLB,2025-02-05,dividend,0.285,,
SLB,2025-06-04,dividend,0.285,,
SLB,2025-09-03,dividend,0.285,,
SLB,2025-12-03,dividend,0.285,,
SLB,2026-02-11,dividend,0.295,,
SLB,2026-06-03,dividend,0.295,,
SLB,2026-09-02,dividend,0.295,,
SMCI,2024-10-01,split,10.0,10:1,
SO,2006-11-02,dividend,0.388,,
SO,2007-02-01,dividend,0.388,,
SO,2007-05-03,dividend,0.403,,
SO,2007-08-02,dividend,0.403,,
SO,2007-11-01,dividend,0.403,,
SO,2008-01-31,dividend,0.403,,
SO,2008-05-01,dividend,0.42,,
SO,2008-07-31,dividend,0.42,,
SO,2008-10-30,dividend,0.42,,
SO,2009-01-29,dividend,0.42,,
SO,2009-04-30,dividend,0.438,,
SO,2009-07-30,dividend,0.438,,
SO,2009-10-29,dividend,0.438,,
SO,2010-01-28,dividend,0.438,,
SO,2010-04-29,dividend,0.455,,
SO,2010-07-29,dividend,0.455,,
SO,2010-10-28,dividend,0.455,,
SO,2011-02-03,dividend,0.455,,
SO,2011-04-28,dividend,0.473,,
SO,2011-07-28,dividend,0.473,,
SO,2011-11-03,dividend,0.473,,
SO,2012-02-02,dividend,0.473,,
SO,2012-05-03,dividend,0.49,,
SO,2012-08-02,dividend,0.49,,
SO,2012-11-01,dividend,0.49,,
SO,2013-01-31,dividend,0.49,,
SO,2013-05-02,dividend,0.507,,
SO,2013-08-01,dividend,0.507,,
SO,2013-10-31,dividend,0.507,,
SO,2014-01-30,dividend,0.507,,
SO,2014-05-01,dividend,0.525,,
SO,2014-07-31,dividend,0.525,,
SO,2014-10-30,dividend,0.525,,
SO,2015-02-12,dividend,0.525,,
SO,2015-05-14,dividend,0.543,,
SO,2015-08-13,dividend,0.543,,
SO,2015-11-12,dividend,0.543,,
SO,2016-02-11,dividend,0.543,,
SO,2016-05-12,dividend,0.56,,
SO,2016-08-11,dividend,0.56,,
SO,2016-11-17,dividend,0.56,,
SO,2017-02-16,dividend,0.56,,
SO,2017-05-11,dividend,0.58,,
SO,2017-08-17,dividend,0.58,,
SO,2017-11-17,dividend,0.58,,
SO,2018-02-16,dividend,0.58,,
SO,2018-05-18,dividend,0.6,,
SO,2018-08-17,dividend,0.6,,
SO,2018-11-16,dividend,0.6,,
SO,2019-02-15,dividend,0.6,,
SO,2019-05-17,dividend,0.62,,
SO,2019-08-16,dividend,0.62,,
SO,2019-11-15,dividend,0.62,,
SO,2020-02-14,dividend,0.62,,
SO,2020-05-15,dividend,0.64,,
SO,2020-08-14,dividend,0.64,,
SO,2020-11-13,dividend,0.64,,
SO,2021-02-12,dividend,0.64,,
SO,2021-05-14,dividend,0.66,,
SO,2021-08-13,dividend,0.66,,
SO,2021-11-12,dividend,0.66,,
SO,2022-02-18,dividend,0.66,,
SO,2022-05-13,dividend,0.68,,
SO,2022-08-12,dividend,0.68,,
SO,2022-11-18,dividend,0.68,,
SO,2023-02-17,dividend,0.68,,
SO,2023-05-12,dividend,0.7,,
SO,2023-08-18,dividend,0.7,,
SO,2023-11-17,dividend,0.7,,
SO,2024-02-16,dividend,0.7,,
SO,2024-05-17,dividend,0.72,,
SO,2024-08-19,dividend,0.72,,
SO,2024-11-18,dividend,0.72,,
SO,2025-02-18,dividend,0.72,,
SO,2025-05-19,dividend,0.74,,
SO,2025-08-18,dividend,0.74,,
SO,2025-11-17,dividend,0.74,,
SO,2026-02-17,dividend,0.74,,
SO,2026-05-18,dividend,0.76,,
SO,2026-08-17,dividend,0.76,,
SPGI,2006-11-24,dividend,0.172185,,
SPGI,2007-02-22,dividend,0.193945,,
SPGI,2007-05-24,dividend,0.193945,,
SPGI,2007-08-24,dividend,0.193945,,
SPGI,2007-11-26,dividend,0.193945,,
SPGI,2008-02-25,dividend,0.208136,,
SPGI,2008-05-23,dividend,0.208136,,
SPGI,2008-08-22,dividend,0.208136,,
SPGI,2008-11-21,dividend,0.208136,,
SPGI,2009-02-23,dividend,0.212867,,
SPGI,2009-05-22,dividend,0.212867,,
SPGI,2009-08-24,dividend,0.212867,,
SPGI,2009-11-23,dividend,0.212867,,
SPGI,2010-02-22,dividend,0.222327,,
SPGI,2010-05-24,dividend,0.222327,,
SPGI,2010-08-24,dividend,0.222327,,
SPGI,2010-11-23,dividend,0.222327,,
SPGI,2011-02-22,dividend,0.236518,,
SPGI,2011-05-24,dividend,0.236518,,
SPGI,2011-08-24,dividend,0.236518,,
SPGI,2011-11-23,dividend,0.236518,,
SPGI,2012-02-23,dividend,0.241249,,
SPGI,2012-05-24,dividend,0.241249,,
SPGI,2012-08-24,dividend,0.241249,,
SPGI,2012-11-26,dividend,0.241249,,
SPGI,2012-12-14,dividend,2.365184,,
SPGI,2013-02-22,dividend,0.264901,,
SPGI,2013-05-24,dividend,0.264901,,
SPGI,2013-08-23,dividend,0.264901,,
SPGI,2013-11-22,dividend,0.264901,,
SPGI,2014-02-24,dividend,0.283822,,
SPGI,2014-05-23,dividend,0.283822,,
SPGI,2014-08-22,dividend,0.283822,,
SPGI,2014-11-21,dividend,0.283822,,
SPGI,2015-02-23,dividend,0.312204,,
SPGI,2015-05-22,dividend,0.312204,,
SPGI,2015-08-24,dividend,0.312204,,
SPGI,2015-11-23,dividend,0.312204,,
SPGI,2016-02-23,dividend,0.340587,,
SPGI,2016-05-24,dividend,0.340587,,
SPGI,2016-08-24,dividend,0.340587,,
SPGI,2016-11-23,dividend,0.340587,,
SPGI,2017-02-22,dividend,0.38789,,
SPGI,2017-05-24,dividend,0.38789,,
SPGI,2017-08-24,dividend,0.38789,,
SPGI,2017-11-27,dividend,0.38789,,
SPGI,2018-02-23,dividend,0.473037,,
SPGI,2018-05-25,dividend,0.473037,,
SPGI,2018-08-27,dividend,0.473037,,
SPGI,2018-11-27,dividend,0.473037,,
SPGI,2019-02-25,dividend,0.539262,,
SPGI,2019-05-28,dividend,0.539262,,
SPGI,2019-08-26,dividend,0.539262,,
SPGI,2019-11-25,dividend,0.539262,,
SPGI,2020-02-25,dividend,0.633869,,
SPGI,2020-05-26,dividend,0.633869,,
SPGI,2020-08-25,dividend,0.633869,,
SPGI,2020-11-24,dividend,0.633869,,
SPGI,2021-02-23,dividend,0.728477,,
SPGI,2021-05-25,dividend,0.728477,,
SPGI,2021-08-25,dividend,0.728477,,
SPGI,2021-11-24,dividend,0.728477,,
SPGI,2022-02-09,dividend,0.728477,,
SPGI,2022-05-26,dividend,0.804163,,
SPGI,2022-08-25,dividend,0.804163,,
SPGI,2022-11-25,dividend,0.804163,,
SPGI,2023-02-23,dividend,0.851466,,
SPGI,2023-05-25,dividend,0.851466,,
SPGI,2023-08-25,dividend,0.851466,,
SPGI,2023-11-27,dividend,0.851466,,
SPGI,2024-02-26,dividend,0.860927,,
SPGI,2024-05-29,dividend,0.860927,,
SPGI,2024-08-27,dividend,0.860927,,
SPGI,2024-11-26,dividend,0.860927,,
SPGI,2025-02-26,dividend,0.908231,,
SPGI,2025-05-28,dividend,0.908231,,
SPGI,2025-08-26,dividend,0.908231,,
SPGI,2025-11-25,dividend,0.908231,,
SPGI,2026-02-25,dividend,0.917692,,
SPGI,2026-05-29,dividend,0.917692,,
SPGI,2026-07-01,split,1.057,1057:1000,
SPGI,2026-08-26,dividend,0.97,,
SRE,2006-09-26,dividend,0.15,,
SRE,2006-12-19,dividend,0.15,,
SRE,2007-03-20,dividend,0.155,,
SRE,2007-06-19,dividend,0.155,,
SRE,2007-09-25,dividend,0.155,,
SRE,2007-12-18,dividend,0.155,,
SRE,2008-03-18,dividend,0.16,,
SRE,2008-06-17,dividend,0.175,,
SRE,2008-09-23,dividend,0.175,,
SRE,2008-12-19,dividend,0.175,,
SRE,2009-03-17,dividend,0.195,,
SRE,2009-06-17,dividend,0.195,,
SRE,2009-09-22,dividend,0.195,,
SRE,2009-12-28,dividend,0.195,,
SRE,2010-03-16,dividend,0.195,,
SRE,2010-06-16,dividend,0.195,,
SRE,2010-09-27,dividend,0.195,,
SRE,2010-12-21,dividend,0.195,,
SRE,2011-03-16,dividend,0.24,,
SRE,2011-06-22,dividend,0.24,,
SRE,2011-09-27,dividend,0.24,,
SRE,2011-12-20,dividend,0.24,,
SRE,2012-03-22,dividend,0.3,,
SRE,2012-06-25,dividend,0.3,,
SRE,2012-09-26,dividend,0.3,,
SRE,2012-12-26,dividend,0.3,,
SRE,2013-03-26,dividend,0.315,,
SRE,2013-06-26,dividend,0.315,,
SRE,2013-09-25,dividend,0.315,,
SRE,2013-12-27,dividend,0.315,,
SRE,2014-03-25,dividend,0.33,,
SRE,2014-06-27,dividend,0.33,,
SRE,2014-09-23,dividend,0.33,,
SRE,2014-12-18,dividend,0.33,,
SRE,2015-03-25,dividend,0.35,,
SRE,2015-06-25,dividend,0.35,,
SRE,2015-09-23,dividend,0.35,,
SRE,2015-12-23,dividend,0.35,,
SRE,2016-03-22,dividend,0.3775,,
SRE,2016-06-28,dividend,0.3775,,
SRE,2016-09-27,dividend,0.3775,,
SRE,2016-12-27,dividend,0.3775,,
SRE,2017-03-21,dividend,0.4115,,
SRE,2017-07-05,dividend,0.4115,,
SRE,2017-09-21,dividend,0.4115,,
SRE,2017-12-28,dividend,0.4115,,
SRE,2018-03-22,dividend,0.4475,,
SRE,2018-06-29,dividend,0.4475,,
SRE,2018-09-20,dividend,0.4475,,
SRE,2018-12-28,dividend,0.4475,,
SRE,2019-03-21,dividend,0.484,,
SRE,2019-07-03,dividend,0.484,,
SRE,2019-09-19,dividend,0.484,,
SRE,2019-12-27,dividend,0.484,,
SRE,2020-03-19,dividend,0.5225,,
SRE,2020-06-25,dividend,0.5225,,
SRE,2020-09-24,dividend,0.5225,,
SRE,2020-12-17,dividend,0.5225,,
SRE,2021-03-24,dividend,0.55,,
SRE,2021-07-06,dividend,0.55,,
SRE,2021-09-23,dividend,0.55,,
SRE,2021-12-22,dividend,0.55,,
SRE,2022-03-24,dividend,0.5725,,
SRE,2022-07-06,dividend,0.5725,,
SRE,2022-09-22,dividend,0.5725,,
SRE,2022-12-21,dividend,0.5725,,
SRE,2023-03-21,dividend,0.595,,
SRE,2023-07-03,dividend,0.595,,
SRE,2023-08-22,split,2.0,2:1,
SRE,2023-09-26,dividend,0.595,,
SRE,2023-12-05,dividend,0.595,,
SRE,2024-03-20,dividend,0.62,,
SRE,2024-06-27,dividend,0.62,,
SRE,2024-09-26,dividend,0.62,,
SRE,2024-12-05,dividend,0.62,,
SRE,2025-03-20,dividend,0.645,,
SRE,2025-06-26,dividend,0.645,,
SRE,2025-10-01,dividend,0.645,,
SRE,2025-12-11,dividend,0.645,,
SRE,2026-03-19,dividend,0.658,,
SRE,2026-06-25,dividend,0.658,,
SYK,2006-12-27,dividend,0.22,,
SYK,2007-12-27,dividend,0.33,,
SYK,2008-12-29,dividend,0.4,,
SYK,2009-11-16,dividend,0.1,,
SYK,2009-12-28,dividend,0.15,,
SYK,2010-03-26,dividend,0.15,,
SYK,2010-06-28,dividend,0.15,,
SYK,2010-09-28,dividend,0.15,,
SYK,2010-12-29,dividend,0.18,,
SYK,2011-03-29,dividend,0.18,,
SYK,2011-06-28,dividend,0.18,,
SYK,2011-09-28,dividend,0.18,,
SYK,2011-12-27,dividend,0.213,,
SYK,2012-03-28,dividend,0.213,,
SYK,2012-06-27,dividend,0.213,,
SYK,2012-09-26,dividend,0.213,,
SYK,2012-12-27,dividend,0.265,,
SYK,2013-03-26,dividend,0.265,,
SYK,2013-06-26,dividend,0.265,,
SYK,2013-09-26,dividend,0.265,,
SYK,2013-12-27,dividend,0.305,,
SYK,2014-03-27,dividend,0.305,,
SYK,2014-06-26,dividend,0.305,,
SYK,2014-09-26,dividend,0.305,,
SYK,2014-12-29,dividend,0.345,,
SYK,2015-03-27,dividend,0.345,,
SYK,2015-06-26,dividend,0.345,,
SYK,2015-09-28,dividend,0.345,,
SYK,2015-12-29,dividend,0.38,,
SYK,2016-03-29,dividend,0.38,,
SYK,2016-06-28,dividend,0.38,,
SYK,2016-09-28,dividend,0.38,,
SYK,2016-12-28,dividend,0.425,,
SYK,2017-03-29,dividend,0.425,,
SYK,2017-06-28,dividend,0.425,,
SYK,2017-09-28,dividend,0.425,,
SYK,2017-12-28,dividend,0.47,,
SYK,2018-03-28,dividend,0.47,,
SYK,2018-06-28,dividend,0.47,,
SYK,2018-09-27,dividend,0.47,,
SYK,2018-12-28,dividend,0.52,,
SYK,2019-03-28,dividend,0.52,,
SYK,2019-06-27,dividend,0.52,,
SYK,2019-09-27,dividend,0.52,,
SYK,2019-12-30,dividend,0.575,,
SYK,2020-03-30,dividend,0.575,,
SYK,2020-06-29,dividend,0.575,,
SYK,2020-09-29,dividend,0.575,,
SYK,2020-12-30,dividend,0.63,,
SYK,2021-03-30,dividend,0.63,,
SYK,2021-06-29,dividend,0.63,,
SYK,2021-09-29,dividend,0.63,,
SYK,2021-12-30,dividend,0.695,,
SYK,2022-03-30,dividend,0.695,,
SYK,2022-06-29,dividend,0.695,,
SYK,2022-09-29,dividend,0.695,,
SYK,2022-12-29,dividend,0.75,,
SYK,2023-03-30,dividend,0.75,,
SYK,2023-06-29,dividend,0.75,,
SYK,2023-09-28,dividend,0.75,,
SYK,2023-12-28,dividend,0.8,,
SYK,2024-03-27,dividend,0.8,,
SYK,2024-06-28,dividend,0.8,,
SYK,2024-09-30,dividend,0.8,,
SYK,2024-12-31,dividend,0.84,,
SYK,2025-03-31,dividend,0.84,,
SYK,2025-06-30,dividend,0.84,,
SYK,2025-09-30,dividend,0.84,,
SYK,2025-12-31,dividend,0.88,,
SYK,2026-03-31,dividend,0.88,,
SYK,2026-06-30,dividend,0.88,,
T,2006-10-05,dividend,0.333,,
T,2007-01-08,dividend,0.355,,
T,2007-04-05,dividend,0.355,,
T,2007-07-06,dividend,0.355,,
T,2007-10-05,dividend,0.355,,
T,2008-01-08,dividend,0.4,,
T,2008-04-08,dividend,0.4,,
T,2008-07-08,dividend,0.4,,
T,2008-10-08,dividend,0.4,,
T,2009-01-07,dividend,0.41,,
T,2009-04-07,dividend,0.41,,
T,2009-07-08,dividend,0.41,,
T,2009-10-07,dividend,0.41,,
T,2010-01-06,dividend,0.42,,
T,2010-04-07,dividend,0.42,,
T,2010-07-07,dividend,0.42,,
T,2010-10-06,dividend,0.42,,
T,2011-01-06,dividend,0.43,,
T,2011-04-06,dividend,0.43,,
T,2011-07-06,dividend,0.43,,
T,2011-10-05,dividend,0.43,,
T,2012-01-06,dividend,0.44,,
T,2012-04-05,dividend,0.44,,
T,2012-07-06,dividend,0.44,,
T,2012-10-05,dividend,0.44,,
T,2013-01-08,dividend,0.45,,
T,2013-04-08,dividend,0.45,,
T,2013-07-08,dividend,0.45,,
T,2013-10-08,dividend,0.45,,
T,2014-01-08,dividend,0.46,,
T,2014-04-08,dividend,0.46,,
T,2014-07-08,dividend,0.46,,
T,2014-10-08,dividend,0.46,,
T,2015-01-07,dividend,0.47,,
T,2015-04-08,dividend,0.47,,
T,2015-07-08,dividend,0.47,,
T,2015-10-07,dividend,0.47,,
T,2016-01-06,dividend,0.48,,
T,2016-04-06,dividend,0.48,,
T,2016-07-06,dividend,0.48,,
T,2016-10-05,dividend,0.48,,
T,2017-01-06,dividend,0.49,,
T,2017-04-06,dividend,0.49,,
T,2017-07-06,dividend,0.49,,
T,2017-10-06,dividend,0.49,,
T,2018-01-09,dividend,0.5,,
T,2018-04-09,dividend,0.5,,
T,2018-07-09,dividend,0.5,,
T,2018-10-09,dividend,0.5,,
T,2019-01-09,dividend,0.51,,
T,2019-04-09,dividend,0.51,,
T,2019-07-09,dividend,0.51,,
T,2019-10-09,dividend,0.51,,
T,2020-01-09,dividend,0.52,,
T,2020-04-08,dividend,0.52,,
T,2020-07-09,dividend,0.52,,
T,2020-10-08,dividend,0.52,,
T,2021-01-08,dividend,0.52,,
T,2021-04-08,dividend,0.52,,
T,2021-07-08,dividend,0.52,,
T,2021-10-07,dividend,0.52,,
T,2022-01-07,dividend,0.52,,
T,2022-04-11,split,1.324,1324:1000,
T,2022-04-13,dividend,0.278,,
T,2022-07-08,dividend,0.278,,
T,2022-10-06,dividend,0.278,,
T,2023-01-09,dividend,0.278,,
T,2023-04-06,dividend,0.278,,
T,2023-07-07,dividend,0.278,,
T,2023-10-06,dividend,0.278,,
T,2024-01-09,dividend,0.278,,
T,2024-04-09,dividend,0.278,,
T,2024-07-10,dividend,0.278,,
T,2024-10-10,dividend,0.278,,
T,2025-01-10,dividend,0.278,,
T,2025-04-10,dividend,0.278,,
T,2025-07-10,dividend,0.278,,
T,2025-10-10,dividend,0.278,,
T,2026-01-12,dividend,0.278,,
T,2026-04-10,dividend,0.278,,
T,2026-07-10,dividend,0.278,,
TGT,2006-11-16,dividend,0.12,,
TGT,2007-02-15,dividend,0.12,,
TGT,2007-05-16,dividend,0.12,,
TGT,2007-08-16,dividend,0.14,,
TGT,2007-11-16,dividend,0.14,,
TGT,2008-02-15,dividend,0.14,,
TGT,2008-05-16,dividend,0.14,,
TGT,2008-08-18,dividend,0.16,,
TGT,2008-11-18,dividend,0.16,,
TGT,2009-02-18,dividend,0.16,,
TGT,2009-05-18,dividend,0.16,,
TGT,2009-08-18,dividend,0.17,,
TGT,2009-11-18,dividend,0.17,,
TGT,2010-02-17,dividend,0.17,,
TGT,2010-05-18,dividend,0.17,,
TGT,2010-08-18,dividend,0.25,,
TGT,2010-11-17,dividend,0.25,,
TGT,2011-02-14,dividend,0.25,,
TGT,2011-05-16,dividend,0.25,,
TGT,2011-08-16,dividend,0.3,,
TGT,2011-11-14,dividend,0.3,,
TGT,2012-02-13,dividend,0.3,,
TGT,2012-05-14,dividend,0.3,,
TGT,2012-08-13,dividend,0.36,,
TGT,2012-11-19,dividend,0.36,,
TGT,2013-02-15,dividend,0.36,,
TGT,2013-05-13,dividend,0.36,,
TGT,2013-08-19,dividend,0.43,,
TGT,2013-11-18,dividend,0.43,,
TGT,2014-02-14,dividend,0.43,,
TGT,2014-05-19,dividend,0.43,,
TGT,2014-08-18,dividend,0.52,,
TGT,2014-11-17,dividend,0.52,,
TGT,2015-02-13,dividend,0.52,,
TGT,2015-05-18,dividend,0.52,,
TGT,2015-08-17,dividend,0.56,,
TGT,2015-11-16,dividend,0.56,,
TGT,2016-02-12,dividend,0.56,,
TGT,2016-05-16,dividend,0.56,,
TGT,2016-08-15,dividend,0.6,,
TGT,2016-11-14,dividend,0.6,,
TGT,2017-02-13,dividend,0.6,,
TGT,2017-05-15,dividend,0.6,,
TGT,2017-08-14,dividend,0.62,,
TGT,2017-11-14,dividend,0.62,,
TGT,2018-02-20,dividend,0.62,,
TGT,2018-05-15,dividend,0.62,,
TGT,2018-08-14,dividend,0.64,,
TGT,2018-11-20,dividend,0.64,,
TGT,2019-02-19,dividend,0.64,,
TGT,2019-05-14,dividend,0.64,,
TGT,2019-08-20,dividend,0.66,,
TGT,2019-11-19,dividend,0.66,,
TGT,2020-02-18,dividend,0.66,,
TGT,2020-05-19,dividend,0.66,,
TGT,2020-08-18,dividend,0.68,,
TGT,2020-11-17,dividend,0.68,,
TGT,2021-02-16,dividend,0.68,,
TGT,2021-05-18,dividend,0.68,,
TGT,2021-08-17,dividend,0.9,,
TGT,2021-11-16,dividend,0.9,,
TGT,2022-02-15,dividend,0.9,,
TGT,2022-05-17,dividend,0.9,,
TGT,2022-08-16,dividend,1.08,,
TGT,2022-11-15,dividend,1.08,,
TGT,2023-02-14,dividend,1.08,,
TGT,2023-05-16,dividend,1.08,,
TGT,2023-08-15,dividend,1.1,,
TGT,2023-11-14,dividend,1.1,,
TGT,2024-02-20,dividend,1.1,,
TGT,2024-05-14,dividend,1.1,,
TGT,2024-08-21,dividend,1.12,,
TGT,2024-11-20,dividend,1.12,,
TGT,2025-02-12,dividend,1.12,,
TGT,2025-05-14,dividend,1.12,,
TGT,2025-08-13,dividend,1.14,,
TGT,2025-11-12,dividend,1.14,,
TGT,2026-02-11,dividend,1.14,,
TGT,2026-05-13,dividend,1.14,,
TGT,2026-08-12,dividend,1.16,,
TJX,2006-11-07,dividend,0.0175,,
TJX,2007-02-06,dividend,0.0175,,
TJX,2007-05-08,dividend,0.0225,,
TJX,2007-08-07,dividend,0.0225,,
TJX,2007-11-06,dividend,0.0225,,
TJX,2008-02-05,dividend,0.0225,,
TJX,2008-05-06,dividend,0.0275,,
TJX,2008-08-05,dividend,0.0275,,
TJX,2008-11-04,dividend,0.0275,,
TJX,2009-02-10,dividend,0.0275,,
TJX,2009-05-12,dividend,0.03,,
TJX,2009-08-11,dividend,0.03,,
TJX,2009-11-09,dividend,0.03,,
TJX,2010-02-09,dividend,0.03,,
TJX,2010-05-11,dividend,0.0375,,
TJX,2010-08-10,dividend,0.0375,,
TJX,2010-11-08,dividend,0.0375,,
TJX,2011-02-08,dividend,0.0375,,
TJX,2011-05-10,dividend,0.0475,,
TJX,2011-08-09,dividend,0.0475,,
TJX,2011-11-08,dividend,0.0475,,
TJX,2012-02-03,split,2.0,2:1,
TJX,2012-02-07,dividend,0.0475,,
TJX,2012-05-08,dividend,0.0575,,
TJX,2012-08-07,dividend,0.0575,,
TJX,2012-11-06,dividend,0.0575,,
TJX,2013-02-12,dividend,0.0575,,
TJX,2013-05-14,dividend,0.0725,,
TJX,2013-08-13,dividend,0.0725,,
TJX,2013-11-12,dividend,0.0725,,
TJX,2014-02-11,dividend,0.0725,,
TJX,2014-05-13,dividend,0.0875,,
TJX,2014-08-12,dividend,0.0875,,
TJX,2014-11-10,dividend,0.0875,,
TJX,2015-02-10,dividend,0.0875,,
TJX,2015-05-12,dividend,0.105,,
TJX,2015-08-11,dividend,0.105,,
TJX,2015-11-09,dividend,0.105,,
TJX,2016-02-09,dividend,0.105,,
TJX,2016-05-10,dividend,0.13,,
TJX,2016-08-09,dividend,0.13,,
TJX,2016-11-08,dividend,0.13,,
TJX,2017-02-07,dividend,0.13,,
TJX,2017-05-09,dividend,0.1565,,
TJX,2017-08-08,dividend,0.1565,,
TJX,2017-11-08,dividend,0.1565,,
TJX,2018-02-14,dividend,0.1565,,
TJX,2018-05-16,dividend,0.195,,
TJX,2018-08-15,dividend,0.195,,
TJX,2018-11-07,split,2.0,2:1,
TJX,2018-11-14,dividend,0.195,,
TJX,2019-02-13,dividend,0.195,,
TJX,2019-05-15,dividend,0.23,,
TJX,2019-08-14,dividend,0.23,,
TJX,2019-11-13,dividend,0.23,,
TJX,2020-02-12,dividend,0.23,,
TJX,2021-02-10,dividend,0.26,,
TJX,2021-05-12,dividend,0.26,,
TJX,2021-08-11,dividend,0.26,,
TJX,2021-11-09,dividend,0.26,,
TJX,2022-02-09,dividend,0.26,,
TJX,2022-05-11,dividend,0.295,,
TJX,2022-08-10,dividend,0.295,,
TJX,2022-11-09,dividend,0.295,,
TJX,2023-02-08,dividend,0.295,,
TJX,2023-05-10,dividend,0.333,,
TJX,2023-08-09,dividend,0.333,,
TJX,2023-11-08,dividend,0.333,,
TJX,2024-02-14,dividend,0.333,,
TJX,2024-05-15,dividend,0.375,,
TJX,2024-08-15,dividend,0.375,,
TJX,2024-11-14,dividend,0.375,,
TJX,2025-02-13,dividend,0.375,,
TJX,2025-05-15,dividend,0.425,,
TJX,2025-08-14,dividend,0.425,,
TJX,2025-11-13,dividend,0.425,,
TJX,2026-02-12,dividend,0.425,,
TJX,2026-05-14,dividend,0.48,,
TJX,2026-08-13,dividend,0.48,,
TMO,2012-03-13,dividend,0.13,,
TMO,2012-06-13,dividend,0.13,,
TMO,2012-09-13,dividend,0.13,,
TMO,2012-12-13,dividend,0.15,,
TMO,2013-03-13,dividend,0.15,,
TMO,2013-06-13,dividend,0.15,,
TMO,2013-09-12,dividend,0.15,,
TMO,2013-12-12,dividend,0.15,,
TMO,2014-03-13,dividend,0.15,,
TMO,2014-06-12,dividend,0.15,,
TMO,2014-09-11,dividend,0.15,,
TMO,2014-12-11,dividend,0.15,,
TMO,2015-03-12,dividend,0.15,,
TMO,2015-06-11,dividend,0.15,,
TMO,2015-09-11,dividend,0.15,,
TMO,2015-12-11,dividend,0.15,,
TMO,2016-03-11,dividend,0.15,,
TMO,2016-06-13,dividend,0.15,,
TMO,2016-09-13,dividend,0.15,,
TMO,2016-12-13,dividend,0.15,,
TMO,2017-03-13,dividend,0.15,,
TMO,2017-06-13,dividend,0.15,,
TMO,2017-09-14,dividend,0.15,,
TMO,2017-12-14,dividend,0.15,,
TMO,2018-03-14,dividend,0.17,,
TMO,2018-06-14,dividend,0.17,,
TMO,2018-09-14,dividend,0.17,,
TMO,2018-12-14,dividend,0.17,,
TMO,2019-03-14,dividend,0.19,,
TMO,2019-06-13,dividend,0.19,,
TMO,2019-09-16,dividend,0.19,,
TMO,2019-12-16,dividend,0.19,,
TMO,2020-03-13,dividend,0.22,,
TMO,2020-06-12,dividend,0.22,,
TMO,2020-09-14,dividend,0.22,,
TMO,2020-12-14,dividend,0.22,,
TMO,2021-03-15,dividend,0.26,,
TMO,2021-06-14,dividend,0.26,,
TMO,2021-09-14,dividend,0.26,,
TMO,2021-12-14,dividend,0.26,,
TMO,2022-03-15,dividend,0.3,,
TMO,2022-06-14,dividend,0.3,,
TMO,2022-09-14,dividend,0.3,,
TMO,2022-12-14,dividend,0.3,,
TMO,2023-03-14,dividend,0.35,,
TMO,2023-06-14,dividend,0.35,,
TMO,2023-09-14,dividend,0.35,,
TMO,2023-12-14,dividend,0.35,,
TMO,2024-03-14,dividend,0.39,,
TMO,2024-06-14,dividend,0.39,,
TMO,2024-09-13,dividend,0.39,,
TMO,2024-12-13,dividend,0.39,,
TMO,2025-03-14,dividend,0.43,,
TMO,2025-06-13,dividend,0.43,,
TMO,2025-09-15,dividend,0.43,,
TMO,2025-12-15,dividend,0.43,,
TMO,2026-03-13,dividend,0.47,,
TMO,2026-06-15,dividend,0.47,,
TMO,2026-09-15,dividend,0.47,,
TRV,2006-12-06,dividend,0.26,,
TRV,2007-03-07,dividend,0.26,,
TRV,2007-06-06,dividend,0.29,,
TRV,2007-09-06,dividend,0.29,,
TRV,2007-12-06,dividend,0.29,,
TRV,2008-03-06,dividend,0.29,,
TRV,2008-06-06,dividend,0.3,,
TRV,2008-09-08,dividend,0.3,,
TRV,2008-12-08,dividend,0.3,,
TRV,2009-03-06,dividend,0.3,,
TRV,2009-06-08,dividend,0.3,,
TRV,2009-09-08,dividend,0.3,,
TRV,2009-12-08,dividend,0.33,,
TRV,2010-03-08,dividend,0.33,,
TRV,2010-06-08,dividend,0.36,,
TRV,2010-09-08,dividend,0.36,,
TRV,2010-12-08,dividend,0.36,,
TRV,2011-03-08,dividend,0.36,,
TRV,2011-06-08,dividend,0.41,,
TRV,2011-09-07,dividend,0.41,,
TRV,2011-12-07,dividend,0.41,,
TRV,2012-03-07,dividend,0.41,,
TRV,2012-06-06,dividend,0.46,,
TRV,2012-09-06,dividend,0.46,,
TRV,2012-12-06,dividend,0.46,,
TRV,2013-03-06,dividend,0.46,,
TRV,2013-06-06,dividend,0.5,,
TRV,2013-09-06,dividend,0.5,,
TRV,2013-12-06,dividend,0.5,,
TRV,2014-03-06,dividend,0.5,,
TRV,2014-06-06,dividend,0.55,,
TRV,2014-09-08,dividend,0.55,,
TRV,2014-12-08,dividend,0.55,,
TRV,2015-03-06,dividend,0.55,,
TRV,2015-06-08,dividend,0.61,,
TRV,2015-09-08,dividend,0.61,,
TRV,2015-12-08,dividend,0.61,,
TRV,2016-03-08,dividend,0.61,,
TRV,2016-06-08,dividend,0.67,,
TRV,2016-09-07,dividend,0.67,,
TRV,2016-12-07,dividend,0.67,,
TRV,2017-03-08,dividend,0.67,,
TRV,2017-06-07,dividend,0.72,,
TRV,2017-09-07,dividend,0.72,,
TRV,2017-12-08,dividend,0.72,,
TRV,2018-03-08,dividend,0.72,,
TRV,2018-06-07,dividend,0.77,,
TRV,2018-09-07,dividend,0.77,,
TRV,2018-12-07,dividend,0.77,,
TRV,2019-03-08,dividend,0.77,,
TRV,2019-06-07,dividend,0.82,,
TRV,2019-09-09,dividend,0.82,,
TRV,2019-12-09,dividend,0.82,,
TRV,2020-03-09,dividend,0.82,,
TRV,2020-06-09,dividend,0.85,,
TRV,2020-09-09,dividend,0.85,,
TRV,2020-12-09,dividend,0.85,,
TRV,2021-03-09,dividend,0.85,,
TRV,2021-06-09,dividend,0.88,,
TRV,2021-09-09,dividend,0.88,,
TRV,2021-12-09,dividend,0.88,,
TRV,2022-03-09,dividend,0.88,,
TRV,2022-06-09,dividend,0.93,,
TRV,2022-09-08,dividend,0.93,,
TRV,2022-12-08,dividend,0.93,,
TRV,2023-03-09,dividend,0.93,,
TRV,2023-06-08,dividend,1.0,,
TRV,2023-09-07,dividend,1.0,,
TRV,2023-12-07,dividend,1.0,,
TRV,2024-03-07,dividend,1.0,,
TRV,2024-06-10,dividend,1.05,,
TRV,2024-09-10,dividend,1.05,,
TRV,2024-12-10,dividend,1.05,,
TRV,2025-03-10,dividend,1.05,,
TRV,2025-06-10,dividend,1.1,,
TRV,2025-09-10,dividend,1.1,,
TRV,2025-12-10,dividend,1.1,,
TRV,2026-03-10,dividend,1.1,,
TRV,2026-06-10,dividend,1.25,,
TRV,2026-09-10,dividend,1.25,,
TSCO.L,2006-10-11,dividend,3.9548,,
TSCO.L,2007-04-25,dividend,8.651299,,
TSCO.L,2007-10-10,dividend,4.0533,,
TSCO.L,2008-04-23,dividend,9.753301,,
TSCO.L,2008-10-08,dividend,4.522,,
TSCO.L,2009-04-29,dividend,10.6273,,
TSCO.L,2009-10-14,dividend,4.9273,,
TSCO.L,2010-04-28,dividend,11.602699,,
TSCO.L,2010-10-13,dividend,5.5353003,,
TSCO.L,2011-04-27,dividend,12.780701,,
TSCO.L,2011-10-12,dividend,5.8647,,
TSCO.L,2012-04-25,dividend,12.831301,,
TSCO.L,2012-10-10,dividend,5.8647,,
TSCO.L,2013-04-24,dividend,12.831301,,
TSCO.L,2013-10-09,dividend,5.8647,,
TSCO.L,2014-04-30,dividend,12.831301,,
TSCO.L,2014-10-30,dividend,1.4693,,
TSCO.L,2017-10-12,dividend,1.2667,,
TSCO.L,2018-05-17,dividend,2.5333,,
TSCO.L,2018-10-11,dividend,2.1153,,
TSCO.L,2019-05-16,dividend,5.1933002,,
TSCO.L,2019-10-10,dividend,3.3567,,
TSCO.L,2020-05-21,dividend,8.2333,,
TSCO.L,2020-10-15,dividend,4.0533,,
TSCO.L,2021-02-15,dividend,64.5113,,
TSCO.L,2021-02-15,split,0.7894736842105263,15:19,
TSCO.L,2021-05-20,dividend,5.9500003,,
TSCO.L,2021-10-14,dividend,3.2,,
TSCO.L,2022-05-19,dividend,7.7,,
TSCO.L,2022-10-13,dividend,3.85,,
TSCO.L,2023-05-11,dividend,7.05,,
TSCO.L,2023-10-12,dividend,3.85,,
TSCO.L,2024-05-16,dividend,8.25,,
TSCO.L,2024-10-10,dividend,4.25,,
TSCO.L,2025-05-15,dividend,9.45,,
TSCO.L,2025-10-09,dividend,4.8,,
TSCO.L,2026-05-14,dividend,9.700001,,
TSLA,2020-08-31,split,5.0,5:1,
TSLA,2022-08-25,split,3.0,3:1,
TTE.PA,2006-11-17,dividend,0.87,,
TTE.PA,2007-05-18,dividend,1.0,,
TTE.PA,2007-11-16,dividend,1.0,,
TTE.PA,2008-05-20,dividend,1.07,,
TTE.PA,2008-11-14,dividend,1.14,,
TTE.PA,2009-05-19,dividend,1.14,,
TTE.PA,2009-11-13,dividend,1.14,,
TTE.PA,2010-05-27,dividend,1.14,,
TTE.PA,2010-11-12,dividend,1.14,,
TTE.PA,2011-05-23,dividend,1.14,,
TTE.PA,2011-09-19,dividend,0.57,,
TTE.PA,2011-12-19,dividend,0.57,,
TTE.PA,2012-03-19,dividend,0.57,,
TTE.PA,2012-06-18,dividend,0.57,,
TTE.PA,2012-09-24,dividend,0.57,,
TTE.PA,2012-12-17,dividend,0.59,,
TTE.PA,2013-03-18,dividend,0.59,,
TTE.PA,2013-06-24,dividend,0.59,,
TTE.PA,2013-09-24,dividend,0.59,,
TTE.PA,2013-12-16,dividend,0.59,,
TTE.PA,2014-03-24,dividend,0.59,,
TTE.PA,2014-06-02,dividend,0.61,,
TTE.PA,2014-09-23,dividend,0.61,,
TTE.PA,2014-12-15,dividend,0.61,,
TTE.PA,2015-03-23,dividend,0.61,,
TTE.PA,2015-06-08,dividend,0.61,,
TTE.PA,2015-09-28,dividend,0.61,,
TTE.PA,2015-12-21,dividend,0.61,,
TTE.PA,2016-03-21,dividend,0.61,,
TTE.PA,2016-06-06,dividend,0.61,,
TTE.PA,2016-09-27,dividend,0.61,,
TTE.PA,2016-12-21,dividend,0.61,,
TTE.PA,2017-03-20,dividend,0.61,,
TTE.PA,2017-06-05,dividend,0.62,,
TTE.PA,2017-09-25,dividend,0.62,,
TTE.PA,2017-12-19,dividend,0.62,,
TTE.PA,2018-03-19,dividend,0.62,,
TTE.PA,2018-06-11,dividend,0.62,,
TTE.PA,2018-09-25,dividend,0.64,,
TTE.PA,2018-12-18,dividend,0.64,,
TTE.PA,2019-03-19,dividend,0.64,,
TTE.PA,2019-06-11,dividend,0.64,,
TTE.PA,2019-09-27,dividend,0.66,,
TTE.PA,2020-01-06,dividend,0.66,,
TTE.PA,2020-03-30,dividend,0.68,,
TTE.PA,2020-06-29,dividend,0.68,,
TTE.PA,2020-09-25,dividend,0.66,,
TTE.PA,2021-01-04,dividend,0.66,,
TTE.PA,2021-03-25,dividend,0.66,,
TTE.PA,2021-06-24,dividend,0.66,,
TTE.PA,2021-09-21,dividend,0.66,,
TTE.PA,2022-01-03,dividend,0.66,,
TTE.PA,2022-03-22,dividend,0.66,,
TTE.PA,2022-06-21,dividend,0.66,,
TTE.PA,2022-09-21,dividend,0.69,,
TTE.PA,2022-12-06,dividend,1.0,,
TTE.PA,2023-01-02,dividend,0.69,,
TTE.PA,2023-03-22,dividend,0.69,,
TTE.PA,2023-06-21,dividend,0.74,,
TTE.PA,2023-09-20,dividend,0.74,,
TTE.PA,2024-01-02,dividend,0.74,,
TTE.PA,2024-03-20,dividend,0.74,,
TTE.PA,2024-06-19,dividend,0.79,,
TTE.PA,2024-09-25,dividend,0.79,,
TTE.PA,2025-01-02,dividend,0.79,,
TTE.PA,2025-03-26,dividend,0.79,,
TTE.PA,2025-06-19,dividend,0.85,,
TTE.PA,2025-10-01,dividend,0.85,,
TTE.PA,2025-12-31,dividend,0.85,,
TTE.PA,2026-03-31,dividend,0.85,,
TTE.PA,2026-06-30,dividend,0.85,,
TXN,2006-10-27,dividend,0.04,,
TXN,2007-01-29,dividend,0.04,,
TXN,2007-04-26,dividend,0.08,,
TXN,2007-07-27,dividend,0.08,,
TXN,2007-10-29,dividend,0.1,,
TXN,2008-01-29,dividend,0.1,,
TXN,2008-04-28,dividend,0.1,,
TXN,2008-07-29,dividend,0.1,,
TXN,2008-10-29,dividend,0.11,,
TXN,2009-01-28,dividend,0.11,,
TXN,2009-04-28,dividend,0.11,,
TXN,2009-07-29,dividend,0.11,,
TXN,2009-10-28,dividend,0.12,,
TXN,2010-01-28,dividend,0.12,,
TXN,2010-04-28,dividend,0.12,,
TXN,2010-07-28,dividend,0.12,,
TXN,2010-10-28,dividend,0.13,,
TXN,2011-01-27,dividend,0.13,,
TXN,2011-04-28,dividend,0.13,,
TXN,2011-07-28,dividend,0.13,,
TXN,2011-10-27,dividend,0.17,,
TXN,2012-01-27,dividend,0.17,,
TXN,2012-04-26,dividend,0.17,,
TXN,2012-07-27,dividend,0.17,,
TXN,2012-10-31,dividend,0.21,,
TXN,2013-01-29,dividend,0.21,,
TXN,2013-04-26,dividend,0.28,,
TXN,2013-07-29,dividend,0.28,,
TXN,2013-10-29,dividend,0.3,,
TXN,2014-01-29,dividend,0.3,,
TXN,2014-04-28,dividend,0.3,,
TXN,2014-07-29,dividend,0.3,,
TXN,2014-10-29,dividend,0.34,,
TXN,2015-01-28,dividend,0.34,,
TXN,2015-04-28,dividend,0.34,,
TXN,2015-07-29,dividend,0.34,,
TXN,2015-10-28,dividend,0.38,,
TXN,2016-01-28,dividend,0.38,,
TXN,2016-04-28,dividend,0.38,,
TXN,2016-07-28,dividend,0.38,,
TXN,2016-11-03,dividend,0.5,,
TXN,2017-01-27,dividend,0.5,,
TXN,2017-04-27,dividend,0.5,,
TXN,2017-07-27,dividend,0.5,,
TXN,2017-10-30,dividend,0.62,,
TXN,2018-01-30,dividend,0.62,,
TXN,2018-05-04,dividend,0.62,,
TXN,2018-07-30,dividend,0.62,,
TXN,2018-10-30,dividend,0.77,,
TXN,2019-01-30,dividend,0.77,,
TXN,2019-05-03,dividend,0.77,,
TXN,2019-07-30,dividend,0.77,,
TXN,2019-10-30,dividend,0.9,,
TXN,2020-01-30,dividend,0.9,,
TXN,2020-05-01,dividend,0.9,,
TXN,2020-07-30,dividend,0.9,,
TXN,2020-10-29,dividend,1.02,,
TXN,2021-01-29,dividend,1.02,,
TXN,2021-04-30,dividend,1.02,,
TXN,2021-07-23,dividend,1.02,,
TXN,2021-10-29,dividend,1.15,,
TXN,2022-01-28,dividend,1.15,,
TXN,2022-05-06,dividend,1.15,,
TXN,2022-07-29,dividend,1.15,,
TXN,2022-10-28,dividend,1.24,,
TXN,2023-01-30,dividend,1.24,,
TXN,2023-05-05,dividend,1.24,,
TXN,2023-07-28,dividend,1.24,,
TXN,2023-10-30,dividend,1.3,,
TXN,2024-01-30,dividend,1.3,,
TXN,2024-05-07,dividend,1.3,,
TXN,2024-07-31,dividend,1.3,,
TXN,2024-10-31,dividend,1.36,,
TXN,2025-01-31,dividend,1.36,,
TXN,2025-04-30,dividend,1.36,,
TXN,2025-07-31,dividend,1.36,,
TXN,2025-10-31,dividend,1.42,,
TXN,2026-01-30,dividend,1.42,,
TXN,2026-05-05,dividend,1.42,,
TXN,2026-07-31,dividend,1.42,,
ULVR.L,2006-11-08,dividend,17.5725,,
ULVR.L,2007-05-23,dividend,36.045,,
ULVR.L,2007-11-07,dividend,19.125,,
ULVR.L,2008-05-21,dividend,38.373802,,
ULVR.L,2008-11-05,dividend,23.1525,,
ULVR.L,2009-05-20,dividend,45.213802,,
ULVR.L,2009-11-18,dividend,27.247501,,
ULVR.L,2010-02-10,dividend,19.17,,
ULVR.L,2010-05-12,dividend,20.2838,,
ULVR.L,2010-08-11,dividend,19.4175,,
ULVR.L,2010-11-10,dividend,20.475,,
ULVR.L,2011-02-09,dividend,19.9688,,
ULVR.L,2011-05-11,dividend,22.455,,
ULVR.L,2011-08-10,dividend,22.0725,,
ULVR.L,2011-11-09,dividend,21.645,,
ULVR.L,2012-02-15,dividend,21.138802,,
ULVR.L,2012-05-09,dividend,22.2863,,
ULVR.L,2012-08-08,dividend,21.285,,
ULVR.L,2012-11-07,dividend,22.2413,,
ULVR.L,2013-02-06,dividend,22.9388,,
ULVR.L,2013-05-08,dividend,25.7738,,
ULVR.L,2013-08-07,dividend,26.01,,
ULVR.L,2013-11-06,dividend,25.650002,,
ULVR.L,2014-02-05,dividend,24.9975,,
ULVR.L,2014-05-07,dividend,26.302498,,
ULVR.L,2014-08-06,dividend,25.3463,,
ULVR.L,2014-11-06,dividend,25.335,,
ULVR.L,2015-02-05,dividend,24.4913,,
ULVR.L,2015-04-23,dividend,24.525,,
ULVR.L,2015-08-06,dividend,23.737501,,
ULVR.L,2015-10-29,dividend,25.4138,,
ULVR.L,2016-02-04,dividend,25.875,,
ULVR.L,2016-04-28,dividend,28.755001,,
ULVR.L,2016-08-04,dividend,30.2513,,
ULVR.L,2016-10-27,dividend,32.5125,,
ULVR.L,2017-02-09,dividend,31.14,,
ULVR.L,2017-05-04,dividend,33.9863,,
ULVR.L,2017-08-03,dividend,35.8088,,
ULVR.L,2017-11-02,dividend,35.9888,,
ULVR.L,2018-02-15,dividend,35.4938,,
ULVR.L,2018-05-03,dividend,37.5863,,
ULVR.L,2018-08-02,dividend,38.643803,,
ULVR.L,2018-11-01,dividend,38.1713,,
ULVR.L,2019-02-14,dividend,37.8113,,
ULVR.L,2019-05-02,dividend,39.8925,,
ULVR.L,2019-08-08,dividend,41.4225,,
ULVR.L,2019-10-31,dividend,40.23,,
ULVR.L,2020-02-20,dividend,39.06,,
ULVR.L,2020-05-14,dividend,40.6575,,
ULVR.L,2020-08-06,dividend,41.6025,,
ULVR.L,2020-10-29,dividend,42.1425,,
ULVR.L,2021-02-25,dividend,42.3,,
ULVR.L,2021-05-20,dividend,41.7375,,
ULVR.L,2021-08-05,dividend,41.5463,,
ULVR.L,2021-11-04,dividend,40.4775,,
ULVR.L,2022-02-24,dividend,40.5225,,
ULVR.L,2022-05-19,dividend,40.3875,,
ULVR.L,2022-08-04,dividend,40.8713,,
ULVR.L,2022-11-17,dividend,41.8725,,
ULVR.L,2023-02-23,dividend,42.885,,
ULVR.L,2023-05-18,dividend,42.5588,,
ULVR.L,2023-08-03,dividend,41.625,,
ULVR.L,2023-11-16,dividend,41.7938,,
ULVR.L,2024-02-22,dividend,41.0288,,
ULVR.L,2024-05-16,dividend,41.3325,,
ULVR.L,2024-08-08,dividend,41.58,,
ULVR.L,2024-11-07,dividend,41.2088,,
ULVR.L,2025-02-27,dividend,42.4688,,
ULVR.L,2025-05-15,dividend,43.728798,,
ULVR.L,2025-08-14,dividend,44.055,,
ULVR.L,2025-11-06,dividend,44.190002,,
ULVR.L,2025-12-09,split,0.8888888888888888,8:9,
ULVR.L,2026-02-26,dividend,40.52,,
ULVR.L,2026-05-14,dividend,40.46,,
ULVR.L,2026-08-06,dividend,39.82,,
UNH,2007-03-29,dividend,0.03,,
UNH,2008-03-31,dividend,0.03,,
UNH,2009-03-31,dividend,0.03,,
UNH,2010-04-01,dividend,0.03,,
UNH,2010-06-03,dividend,0.125,,
UNH,2010-09-10,dividend,0.125,,
UNH,2010-12-03,dividend,0.125,,
UNH,2011-03-03,dividend,0.125,,
UNH,2011-06-03,dividend,0.163,,
UNH,2011-09-02,dividend,0.163,,
UNH,2011-12-05,dividend,0.163,,
UNH,2012-03-01,dividend,0.163,,
UNH,2012-06-13,dividend,0.213,,
UNH,2012-09-12,dividend,0.213,,
UNH,2012-12-07,dividend,0.213,,
UNH,2013-03-13,dividend,0.212,,
UNH,2013-06-13,dividend,0.28,,
UNH,2013-09-11,dividend,0.28,,
UNH,2013-12-04,dividend,0.28,,
UNH,2014-03-12,dividend,0.28,,
UNH,2014-06-12,dividend,0.375,,
UNH,2014-09-10,dividend,0.375,,
UNH,2014-12-03,dividend,0.375,,
UNH,2015-03-11,dividend,0.375,,
UNH,2015-06-11,dividend,0.5,,
UNH,2015-09-09,dividend,0.5,,
UNH,2015-12-02,dividend,0.5,,
UNH,2016-03-09,dividend,0.5,,
UNH,2016-06-15,dividend,0.625,,
UNH,2016-09-07,dividend,0.625,,
UNH,2016-11-30,dividend,0.625,,
UNH,2017-03-08,dividend,0.625,,
UNH,2017-06-15,dividend,0.75,,
UNH,2017-09-07,dividend,0.75,,
UNH,2017-11-30,dividend,0.75,,
UNH,2018-03-08,dividend,0.75,,
UNH,2018-06-15,dividend,0.9,,
UNH,2018-09-06,dividend,0.9,,
UNH,2018-11-30,dividend,0.9,,
UNH,2019-03-08,dividend,0.9,,
UNH,2019-06-14,dividend,1.08,,
UNH,2019-09-13,dividend,1.08,,
UNH,2019-12-06,dividend,1.08,,
UNH,2020-03-13,dividend,1.08,,
UNH,2020-06-19,dividend,1.25,,
UNH,2020-09-11,dividend,1.25,,
UNH,2020-12-04,dividend,1.25,,
UNH,2021-03-12,dividend,1.25,,
UNH,2021-06-18,dividend,1.45,,
UNH,2021-09-10,dividend,1.45,,
UNH,2021-12-03,dividend,1.45,,
UNH,2022-03-11,dividend,1.45,,
UNH,2022-06-16,dividend,1.65,,
UNH,2022-09-09,dividend,1.65,,
UNH,2022-12-02,dividend,1.65,,
UNH,2023-03-10,dividend,1.65,,
UNH,2023-06-15,dividend,1.88,,
UNH,2023-09-08,dividend,1.88,,
UNH,2023-12-01,dividend,1.88,,
UNH,2024-03-08,dividend,1.88,,
UNH,2024-06-17,dividend,2.1,,
UNH,2024-09-16,dividend,2.1,,
UNH,2024-12-09,dividend,2.1,,
UNH,2025-03-10,dividend,2.1,,
UNH,2025-06-16,dividend,2.21,,
UNH,2025-09-15,dividend,2.21,,
UNH,2025-12-08,dividend,2.21,,
UNH,2026-03-09,dividend,2.21,,
UNH,2026-06-15,dividend,2.32,,
UNH,2026-09-14,dividend,2.32,,
UNP,2006-11-28,dividend,0.075,,
UNP,2007-02-26,dividend,0.0875,,
UNP,2007-05-25,dividend,0.0875,,
UNP,2007-08-28,dividend,0.0875,,
UNP,2007-11-27,dividend,0.11,,
UNP,2008-03-10,dividend,0.11,,
UNP,2008-05-29,split,2.0,2:1,
UNP,2008-06-04,dividend,0.11,,
UNP,2008-08-27,dividend,0.135,,
UNP,2008-11-26,dividend,0.135,,
UNP,2009-02-25,dividend,0.135,,
UNP,2009-05-27,dividend,0.135,,
UNP,2009-08-27,dividend,0.135,,
UNP,2009-11-25,dividend,0.135,,
UNP,2010-02-24,dividend,0.135,,
UNP,2010-05-26,dividend,0.165,,
UNP,2010-08-27,dividend,0.165,,
UNP,2010-11-26,dividend,0.19,,
UNP,2011-02-24,dividend,0.19,,
UNP,2011-05-26,dividend,0.2375,,
UNP,2011-08-29,dividend,0.2375,,
UNP,2011-11-28,dividend,0.3,,
UNP,2012-02-27,dividend,0.3,,
UNP,2012-05-29,dividend,0.3,,
UNP,2012-08-29,dividend,0.3,,
UNP,2012-11-28,dividend,0.345,,
UNP,2013-02-26,dividend,0.345,,
UNP,2013-05-29,dividend,0.345,,
UNP,2013-08-28,dividend,0.395,,
UNP,2013-11-29,dividend,0.395,,
UNP,2014-02-26,dividend,0.455,,
UNP,2014-06-09,split,2.0,2:1,
UNP,2014-06-12,dividend,0.455,,
UNP,2014-08-27,dividend,0.5,,
UNP,2014-11-28,dividend,0.5,,
UNP,2015-02-25,dividend,0.55,,
UNP,2015-05-27,dividend,0.55,,
UNP,2015-08-27,dividend,0.55,,
UNP,2015-11-25,dividend,0.55,,
UNP,2016-02-25,dividend,0.55,,
UNP,2016-05-26,dividend,0.55,,
UNP,2016-08-29,dividend,0.55,,
UNP,2016-11-28,dividend,0.605,,
UNP,2017-02-24,dividend,0.605,,
UNP,2017-05-26,dividend,0.605,,
UNP,2017-08-29,dividend,0.605,,
UNP,2017-11-29,dividend,0.665,,
UNP,2018-02-27,dividend,0.73,,
UNP,2018-05-30,dividend,0.73,,
UNP,2018-08-30,dividend,0.8,,
UNP,2018-11-29,dividend,0.8,,
UNP,2019-02-27,dividend,0.88,,
UNP,2019-05-30,dividend,0.88,,
UNP,2019-08-29,dividend,0.97,,
UNP,2019-11-27,dividend,0.97,,
UNP,2020-02-27,dividend,0.97,,
UNP,2020-05-28,dividend,0.97,,
UNP,2020-08-28,dividend,0.97,,
UNP,2020-11-27,dividend,0.97,,
UNP,2021-02-25,dividend,0.97,,
UNP,2021-05-27,dividend,1.07,,
UNP,2021-08-30,dividend,1.07,,
UNP,2021-12-17,dividend,1.18,,
UNP,2022-02-25,dividend,1.18,,
UNP,2022-05-27,dividend,1.3,,
UNP,2022-08-30,dividend,1.3,,
UNP,2022-12-16,dividend,1.3,,
UNP,2023-02-27,dividend,1.3,,
UNP,2023-05-30,dividend,1.3,,
UNP,2023-08-30,dividend,1.3,,
UNP,2023-12-07,dividend,1.3,,
UNP,2024-02-28,dividend,1.3,,
UNP,2024-05-31,dividend,1.3,,
UNP,2024-08-30,dividend,1.34,,
UNP,2024-12-09,dividend,1.34,,
UNP,2025-02-28,dividend,1.34,,
UNP,2025-05-30,dividend,1.34,,
UNP,2025-08-29,dividend,1.38,,
UNP,2025-12-05,dividend,1.38,,
UNP,2026-02-27,dividend,1.38,,
UNP,2026-05-29,dividend,1.38,,
UNP,2026-08-31,dividend,1.42,,
USB,2006-09-27,dividend,0.33,,
USB,2006-12-27,dividend,0.4,,
USB,2007-03-28,dividend,0.4,,
USB,2007-06-27,dividend,0.4,,
USB,2007-09-26,dividend,0.4,,
USB,2007-12-27,dividend,0.425,,
USB,2008-03-27,dividend,0.425,,
USB,2008-06-26,dividend,0.425,,
USB,2008-09-26,dividend,0.425,,
USB,2008-12-29,dividend,0.425,,
USB,2009-03-27,dividend,0.05,,
USB,2009-06-26,dividend,0.05,,
USB,2009-09-28,dividend,0.05,,
USB,2009-12-29,dividend,0.05,,
USB,2010-03-29,dividend,0.05,,
USB,2010-06-28,dividend,0.05,,
USB,2010-09-28,dividend,0.05,,
USB,2010-12-29,dividend,0.05,,
USB,2011-03-29,dividend,0.125,,
USB,2011-06-28,dividend,0.125,,
USB,2011-09-28,dividend,0.125,,
USB,2011-12-28,dividend,0.125,,
USB,2012-03-28,dividend,0.195,,
USB,2012-06-27,dividend,0.195,,
USB,2012-09-26,dividend,0.195,,
USB,2012-12-27,dividend,0.195,,
USB,2013-03-26,dividend,0.195,,
USB,2013-06-26,dividend,0.23,,
USB,2013-09-26,dividend,0.23,,
USB,2013-12-27,dividend,0.23,,
USB,2014-03-27,dividend,0.23,,
USB,2014-06-26,dividend,0.245,,
USB,2014-09-26,dividend,0.245,,
USB,2014-12-29,dividend,0.245,,
USB,2015-03-27,dividend,0.245,,
USB,2015-06-26,dividend,0.255,,
USB,2015-09-28,dividend,0.255,,
USB,2015-12-29,dividend,0.255,,
USB,2016-03-29,dividend,0.255,,
USB,2016-06-28,dividend,0.255,,
USB,2016-09-28,dividend,0.28,,
USB,2016-12-28,dividend,0.28,,
USB,2017-03-29,dividend,0.28,,
USB,2017-06-28,dividend,0.28,,
USB,2017-09-28,dividend,0.3,,
USB,2017-12-28,dividend,0.3,,
USB,2018-03-28,dividend,0.3,,
USB,2018-06-28,dividend,0.3,,
USB,2018-09-27,dividend,0.37,,
USB,2018-12-28,dividend,0.37,,
USB,2019-03-28,dividend,0.37,,
USB,2019-06-27,dividend,0.37,,
USB,2019-09-27,dividend,0.42,,
USB,2019-12-30,dividend,0.42,,
USB,2020-03-30,dividend,0.42,,
USB,2020-06-29,dividend,0.42,,
USB,2020-09-29,dividend,0.42,,
USB,2020-12-30,dividend,0.42,,
USB,2021-03-30,dividend,0.42,,
USB,2021-06-29,dividend,0.42,,
USB,2021-09-29,dividend,0.46,,
USB,2021-12-30,dividend,0.46,,
USB,2022-03-30,dividend,0.46,,
USB,2022-06-29,dividend,0.46,,
USB,2022-09-29,dividend,0.48,,
USB,2022-12-29,dividend,0.48,,
USB,2023-03-30,dividend,0.48,,
USB,2023-06-29,dividend,0.48,,
USB,2023-09-28,dividend,0.48,,
USB,2023-12-28,dividend,0.49,,
USB,2024-03-27,dividend,0.49,,
USB,2024-06-28,dividend,0.49,,
USB,2024-09-30,dividend,0.5,,
USB,2024-12-31,dividend,0.5,,
USB,2025-03-31,dividend,0.5,,
USB,2025-06-30,dividend,0.5,,
USB,2025-09-30,dividend,0.52,,
USB,2025-12-31,dividend,0.52,,
USB,2026-03-31,dividend,0.52,,
USB,2026-06-30,dividend,0.52,,
V,2008-08-13,dividend,0.02625,,
V,2008-11-12,dividend,0.02625,,
V,2009-02-11,dividend,0.02625,,
V,2009-05-13,dividend,0.02625,,
V,2009-08-12,dividend,0.02625,,
V,2009-11-12,dividend,0.03125,,
V,2010-02-10,dividend,0.03125,,
V,2010-05-12,dividend,0.03125,,
V,2010-08-11,dividend,0.03125,,
V,2010-11-17,dividend,0.0375,,
V,2011-02-09,dividend,0.0375,,
V,2011-05-18,dividend,0.0375,,
V,2011-08-17,dividend,0.0375,,
V,2011-11-16,dividend,0.055,,
V,2012-02-15,dividend,0.055,,
V,2012-05-16,dividend,0.055,,
V,2012-08-15,dividend,0.055,,
V,2012-11-14,dividend,0.0825,,
V,2013-02-13,dividend,0.0825,,
V,2013-05-15,dividend,0.0825,,
V,2013-08-14,dividend,0.0825,,
V,2013-11-13,dividend,0.1,,
V,2014-02-12,dividend,0.1,,
V,2014-05-14,dividend,0.1,,
V,2014-08-13,dividend,0.1,,
V,2014-11-12,dividend,0.12,,
V,2015-02-11,dividend,0.12,,
V,2015-03-19,split,4.0,4:1,
V,2015-05-13,dividend,0.12,,
V,2015-08-12,dividend,0.12,,
V,2015-11-10,dividend,0.14,,
V,2016-02-17,dividend,0.14,,
V,2016-05-11,dividend,0.14,,
V,2016-08-17,dividend,0.14,,
V,2016-11-16,dividend,0.165,,
V,2017-02-15,dividend,0.165,,
V,2017-05-17,dividend,0.165,,
V,2017-08-16,dividend,0.165,,
V,2017-11-16,dividend,0.195,,
V,2018-02-15,dividend,0.21,,
V,2018-05-17,dividend,0.21,,
V,2018-08-16,dividend,0.21,,
V,2018-11-15,dividend,0.25,,
V,2019-02-14,dividend,0.25,,
V,2019-05-16,dividend,0.25,,
V,2019-08-15,dividend,0.25,,
V,2019-11-14,dividend,0.3,,
V,2020-02-13,dividend,0.3,,
V,2020-05-13,dividend,0.3,,
V,2020-08-13,dividend,0.3,,
V,2020-11-12,dividend,0.32,,
V,2021-02-11,dividend,0.32,,
V,2021-05-13,dividend,0.32,,
V,2021-08-12,dividend,0.32,,
V,2021-11-10,dividend,0.375,,
V,2022-02-10,dividend,0.375,,
V,2022-05-12,dividend,0.375,,
V,2022-08-11,dividend,0.375,,
V,2022-11-09,dividend,0.45,,
V,2023-02-09,dividend,0.45,,
V,2023-05-11,dividend,0.45,,
V,2023-08-10,dividend,0.45,,
V,2023-11-08,dividend,0.52,,
V,2024-02-08,dividend,0.52,,
V,2024-05-16,dividend,0.52,,
V,2024-08-09,dividend,0.52,,
V,2024-11-12,dividend,0.59,,
V,2025-02-11,dividend,0.59,,
V,2025-05-13,dividend,0.59,,
V,2025-08-12,dividend,0.59,,
V,2025-11-12,dividend,0.67,,
V,2026-02-10,dividend,0.67,,
V,2026-05-12,dividend,0.67,,
V,2026-08-11,dividend,0.67,,
VOD.L,2006-11-22,dividend,4.7869997,,
VOD.L,2007-06-06,dividend,8.9833,,
VOD.L,2007-11-21,dividend,5.0722,,
VOD.L,2008-06-04,dividend,9.2032995,,
VOD.L,2008-11-19,dividend,4.7117,,
VOD.L,2009-06-03,dividend,9.5333,,
VOD.L,2009-11-18,dividend,4.8767,,
VOD.L,2010-06-02,dividend,10.3583,,
VOD.L,2010-11-17,dividend,5.2250004,,
VOD.L,2011-06-01,dividend,11.091701,,
VOD.L,2011-11-16,dividend,12.925,,
VOD.L,2012-06-06,dividend,11.8617,,
VOD.L,2012-11-21,dividend,5.9950004,,
VOD.L,2013-06-12,dividend,12.6867,,
VOD.L,2013-11-20,dividend,6.4717,,
VOD.L,2014-02-24,split,0.5454545454545454,6:11,
VOD.L,2014-06-11,dividend,7.47,,
VOD.L,2014-11-20,dividend,3.6,,
VOD.L,2015-06-11,dividend,7.62,,
VOD.L,2015-11-19,dividend,3.68,,
VOD.L,2016-06-09,dividend,7.7699995,,
VOD.L,2016-11-24,dividend,4.05,,
VOD.L,2017-06-08,dividend,8.95,,
VOD.L,2017-11-23,dividend,4.24,,
VOD.L,2018-06-07,dividend,9.0939,,
VOD.L,2018-11-22,dividend,4.2253,,
VOD.L,2019-06-06,dividend,3.7251,,
VOD.L,2019-11-28,dividend,3.7978,,
VOD.L,2020-06-11,dividend,4.0797,,
VOD.L,2020-12-17,dividend,3.9810002,,
VOD.L,2021-06-24,dividend,3.8343,,
VOD.L,2021-11-25,dividend,3.7,,
VOD.L,2022-06-01,dividend,3.7850997,,
VOD.L,2022-11-24,dividend,3.9592001,,
VOD.L,2023-06-08,dividend,3.8637002,,
VOD.L,2023-11-23,dividend,3.8453002,,
VOD.L,2024-06-06,dividend,3.7898998,,
VOD.L,2024-11-21,dividend,1.8860999,,
VOD.L,2025-06-05,dividend,1.9541999,,
VOD.L,2025-11-20,dividend,1.9512,,
VOD.L,2026-06-04,dividend,2.0302851,,
VZ,2006-10-05,dividend,0.364226,,
VZ,2006-11-20,split,1.038055099964706,100000:96334,
VZ,2007-01-08,dividend,0.378086,,
VZ,2007-04-05,dividend,0.378086,,
VZ,2007-07-06,dividend,0.378086,,
VZ,2007-10-05,dividend,0.401425,,
VZ,2008-01-08,dividend,0.401425,,
VZ,2008-04-01,split,1.0046515366145252,100000:99537,
VZ,2008-04-08,dividend,0.403292,,
VZ,2008-07-08,dividend,0.403292,,
VZ,2008-10-08,dividend,0.431429,,
VZ,2009-01-07,dividend,0.431429,,
VZ,2009-04-07,dividend,0.431429,,
VZ,2009-07-08,dividend,0.431429,,
VZ,2009-10-07,dividend,0.445497,,
VZ,2010-01-06,dividend,0.445497,,
VZ,2010-04-07,dividend,0.445497,,
VZ,2010-07-02,split,1.0662242546825904,1000000:937889,
VZ,2010-07-07,dividend,0.475,,
VZ,2010-10-06,dividend,0.488,,
VZ,2011-01-06,dividend,0.488,,
VZ,2011-04-06,dividend,0.488,,
VZ,2011-07-06,dividend,0.488,,
VZ,2011-10-05,dividend,0.5,,
VZ,2012-01-06,dividend,0.5,,
VZ,2012-04-05,dividend,0.5,,
VZ,2012-07-06,dividend,0.5,,
VZ,2012-10-05,dividend,0.515,,
VZ,2013-01-08,dividend,0.515,,
VZ,2013-04-08,dividend,0.515,,
VZ,2013-07-08,dividend,0.515,,
VZ,2013-10-08,dividend,0.53,,
VZ,2014-01-08,dividend,0.53,,
VZ,2014-04-08,dividend,0.53,,
VZ,2014-07-08,dividend,0.53,,
VZ,2014-10-08,dividend,0.55,,
VZ,2015-01-07,dividend,0.55,,
VZ,2015-04-08,dividend,0.55,,
VZ,2015-07-08,dividend,0.55,,
VZ,2015-10-07,dividend,0.565,,
VZ,2016-01-06,dividend,0.565,,
VZ,2016-04-06,dividend,0.565,,
VZ,2016-07-06,dividend,0.565,,
VZ,2016-10-05,dividend,0.578,,
VZ,2017-01-06,dividend,0.578,,
VZ,2017-04-06,dividend,0.578,,
VZ,2017-07-06,dividend,0.578,,
VZ,2017-10-06,dividend,0.59,,
VZ,2018-01-09,dividend,0.59,,
VZ,2018-04-09,dividend,0.59,,
VZ,2018-07-09,dividend,0.59,,
VZ,2018-10-09,dividend,0.603,,
VZ,2019-01-09,dividend,0.603,,
VZ,2019-04-09,dividend,0.603,,
VZ,2019-07-09,dividend,0.603,,
VZ,2019-10-09,dividend,0.615,,
VZ,2020-01-09,dividend,0.615,,
VZ,2020-04-09,dividend,0.615,,
VZ,2020-07-09,dividend,0.615,,
VZ,2020-10-08,dividend,0.628,,
VZ,2021-01-07,dividend,0.628,,
VZ,2021-04-08,dividend,0.628,,
VZ,2021-07-08,dividend,0.628,,
VZ,2021-10-07,dividend,0.64,,
VZ,2022-01-07,dividend,0.64,,
VZ,2022-04-07,dividend,0.64,,
VZ,2022-07-07,dividend,0.64,,
VZ,2022-10-06,dividend,0.653,,
VZ,2023-01-09,dividend,0.653,,
VZ,2023-04-06,dividend,0.653,,
VZ,2023-07-07,dividend,0.653,,
VZ,2023-10-06,dividend,0.665,,
VZ,2024-01-09,dividend,0.665,,
VZ,2024-04-09,dividend,0.665,,
VZ,2024-07-10,dividend,0.665,,
VZ,2024-10-10,dividend,0.678,,
VZ,2025-01-10,dividend,0.678,,
VZ,2025-04-10,dividend,0.678,,
VZ,2025-07-10,dividend,0.678,,
VZ,2025-10-10,dividend,0.69,,
VZ,2026-01-12,dividend,0.69,,
VZ,2026-04-10,dividend,0.708,,
VZ,2026-07-10,dividend,0.708,,
WBD,2014-08-07,split,1.957,1957:1000,
WELL,2006-10-27,dividend,0.64,,
WELL,2006-12-20,dividend,0.341,,
WELL,2007-01-29,dividend,0.299,,
WELL,2007-05-02,dividend,0.66,,
WELL,2007-08-01,dividend,0.66,,
WELL,2007-10-31,dividend,0.66,,
WELL,2008-01-29,dividend,0.66,,
WELL,2008-04-30,dividend,0.68,,
WELL,2008-07-30,dividend,0.68,,
WELL,2008-11-06,dividend,0.68,,
WELL,2009-02-05,dividend,0.68,,
WELL,2009-05-07,dividend,0.68,,
WELL,2009-08-06,dividend,0.68,,
WELL,2009-11-05,dividend,0.68,,
WELL,2010-02-04,dividend,0.68,,
WELL,2010-05-06,dividend,0.68,,
WELL,2010-08-05,dividend,0.69,,
WELL,2010-11-04,dividend,0.69,,
WELL,2011-02-04,dividend,0.69,,
WELL,2011-05-06,dividend,0.715,,
WELL,2011-08-05,dividend,0.715,,
WELL,2011-11-04,dividend,0.715,,
WELL,2012-02-03,dividend,0.74,,
WELL,2012-05-04,dividend,0.74,,
WELL,2012-08-03,dividend,0.74,,
WELL,2012-11-02,dividend,0.74,,
WELL,2013-02-01,dividend,0.765,,
WELL,2013-05-03,dividend,0.765,,
WELL,2013-08-02,dividend,0.765,,
WELL,2013-11-07,dividend,0.765,,
WELL,2014-02-06,dividend,0.795,,
WELL,2014-05-08,dividend,0.795,,
WELL,2014-08-07,dividend,0.795,,
WELL,2014-11-06,dividend,0.795,,
WELL,2015-02-06,dividend,0.825,,
WELL,2015-05-08,dividend,0.825,,
WELL,2015-08-07,dividend,0.825,,
WELL,2015-11-06,dividend,0.825,,
WELL,2016-02-05,dividend,0.86,,
WELL,2016-05-06,dividend,0.86,,
WELL,2016-08-05,dividend,0.86,,
WELL,2016-11-04,dividend,0.86,,
WELL,2017-02-03,dividend,0.87,,
WELL,2017-05-05,dividend,0.87,,
WELL,2017-08-04,dividend,0.87,,
WELL,2017-11-06,dividend,0.87,,
WELL,2018-02-12,dividend,0.87,,
WELL,2018-05-07,dividend,0.87,,
WELL,2018-08-06,dividend,0.87,,
WELL,2018-11-08,dividend,0.87,,
WELL,2019-02-21,dividend,0.87,,
WELL,2019-05-13,dividend,0.87,,
WELL,2019-08-14,dividend,0.87,,
WELL,2019-11-12,dividend,0.87,,
WELL,2020-02-21,dividend,0.87,,
WELL,2020-05-18,dividend,0.61,,
WELL,2020-08-17,dividend,0.61,,
WELL,2020-11-09,dividend,0.61,,
WELL,2021-02-19,dividend,0.61,,
WELL,2021-05-10,dividend,0.61,,
WELL,2021-08-11,dividend,0.61,,
WELL,2021-11-15,dividend,0.61,,
WELL,2022-02-28,dividend,0.61,,
WELL,2022-05-23,dividend,0.61,,
WELL,2022-08-22,dividend,0.61,,
WELL,2022-11-17,dividend,0.61,,
WELL,2023-02-27,dividend,0.61,,
WELL,2023-05-15,dividend,0.61,,
WELL,2023-08-14,dividend,0.61,,
WELL,2023-11-13,dividend,0.61,,
WELL,2024-02-22,dividend,0.61,,
WELL,2024-05-10,dividend,0.61,,
WELL,2024-08-12,dividend,0.67,,
WELL,2024-11-13,dividend,0.67,,
WELL,2025-02-25,dividend,0.67,,
WELL,2025-05-14,dividend,0.67,,
WELL,2025-08-12,dividend,0.74,,
WELL,2025-11-10,dividend,0.74,,
WELL,2026-02-25,dividend,0.74,,
WELL,2026-05-13,dividend,0.74,,
WELL,2026-08-12,dividend,0.85,,
WFC,2006-11-01,dividend,0.28,,
WFC,2007-01-31,dividend,0.28,,
WFC,2007-05-02,dividend,0.28,,
WFC,2007-08-08,dividend,0.31,,
WFC,2007-11-07,dividend,0.31,,
WFC,2008-02-06,dividend,0.31,,
WFC,2008-05-07,dividend,0.31,,
WFC,2008-08-06,dividend,0.34,,
WFC,2008-11-05,dividend,0.34,,
WFC,2009-02-04,dividend,0.34,,
WFC,2009-05-06,dividend,0.05,,
WFC,2009-08-05,dividend,0.05,,
WFC,2009-11-04,dividend,0.05,,
WFC,2010-02-03,dividend,0.05,,
WFC,2010-05-05,dividend,0.05,,
WFC,2010-08-04,dividend,0.05,,
WFC,2010-11-03,dividend,0.05,,
WFC,2011-02-02,dividend,0.05,,
WFC,2011-03-24,dividend,0.07,,
WFC,2011-05-04,dividend,0.12,,
WFC,2011-08-03,dividend,0.12,,
WFC,2011-11-02,dividend,0.12,,
WFC,2012-02-01,dividend,0.12,,
WFC,2012-03-22,dividend,0.1,,
WFC,2012-05-02,dividend,0.22,,
WFC,2012-08-08,dividend,0.22,,
WFC,2012-11-07,dividend,0.22,,
WFC,2013-01-30,dividend,0.25,,
WFC,2013-05-08,dividend,0.3,,
WFC,2013-08-07,dividend,0.3,,
WFC,2013-11-06,dividend,0.3,,
WFC,2014-02-05,dividend,0.3,,
WFC,2014-05-07,dividend,0.35,,
WFC,2014-08-06,dividend,0.35,,
WFC,2014-11-05,dividend,0.35,,
WFC,2015-02-04,dividend,0.35,,
WFC,2015-05-06,dividend,0.375,,
WFC,2015-08-05,dividend,0.375,,
WFC,2015-11-04,dividend,0.375,,
WFC,2016-02-03,dividend,0.375,,
WFC,2016-05-04,dividend,0.38,,
WFC,2016-08-03,dividend,0.38,,
WFC,2016-11-02,dividend,0.38,,
WFC,2017-02-01,dividend,0.38,,
WFC,2017-05-03,dividend,0.38,,
WFC,2017-08-02,dividend,0.39,,
WFC,2017-11-02,dividend,0.39,,
WFC,2018-02-01,dividend,0.39,,
WFC,2018-05-03,dividend,0.39,,
WFC,2018-08-09,dividend,0.43,,
WFC,2018-11-08,dividend,0.43,,
WFC,2019-01-31,dividend,0.45,,
WFC,2019-05-09,dividend,0.45,,
WFC,2019-08-08,dividend,0.51,,
WFC,2019-11-07,dividend,0.51,,
WFC,2020-02-06,dividend,0.51,,
WFC,2020-05-07,dividend,0.51,,
WFC,2020-08-06,dividend,0.1,,
WFC,2020-11-05,dividend,0.1,,
WFC,2021-02-04,dividend,0.1,,
WFC,2021-05-06,dividend,0.1,,
WFC,2021-08-05,dividend,0.2,,
WFC,2021-11-04,dividend,0.2,,
WFC,2022-02-03,dividend,0.25,,
WFC,2022-05-05,dividend,0.25,,
WFC,2022-08-04,dividend,0.3,,
WFC,2022-11-03,dividend,0.3,,
WFC,2023-02-02,dividend,0.3,,
WFC,2023-05-04,dividend,0.3,,
WFC,2023-08-03,dividend,0.35,,
WFC,2023-11-02,dividend,0.35,,
WFC,2024-02-01,dividend,0.35,,
WFC,2024-05-09,dividend,0.35,,
WFC,2024-08-09,dividend,0.4,,
WFC,2024-11-08,dividend,0.4,,
WFC,2025-02-07,dividend,0.4,,
WFC,2025-05-09,dividend,0.4,,
WFC,2025-08-08,dividend,0.45,,
WFC,2025-11-07,dividend,0.45,,
WFC,2026-02-06,dividend,0.45,,
WFC,2026-05-08,dividend,0.45,,
WFC,2026-08-07,dividend,0.5,,
WM,2006-11-30,dividend,0.22,,
WM,2007-03-08,dividend,0.24,,
WM,2007-05-31,dividend,0.24,,
WM,2007-08-30,dividend,0.24,,
WM,2007-11-29,dividend,0.24,,
WM,2008-03-06,dividend,0.27,,
WM,2008-05-29,dividend,0.27,,
WM,2008-08-28,dividend,0.27,,
WM,2008-11-26,dividend,0.27,,
WM,2009-03-05,dividend,0.29,,
WM,2009-05-28,dividend,0.29,,
WM,2009-09-03,dividend,0.29,,
WM,2009-11-30,dividend,0.29,,
WM,2010-03-01,dividend,0.315,,
WM,2010-05-27,dividend,0.315,,
WM,2010-09-02,dividend,0.315,,
WM,2010-11-29,dividend,0.315,,
WM,2011-03-09,dividend,0.34,,
WM,2011-05-31,dividend,0.34,,
WM,2011-09-01,dividend,0.34,,
WM,2011-11-28,dividend,0.34,,
WM,2012-03-07,dividend,0.355,,
WM,2012-06-06,dividend,0.355,,
WM,2012-09-05,dividend,0.355,,
WM,2012-11-26,dividend,0.355,,
WM,2013-03-07,dividend,0.365,,
WM,2013-06-05,dividend,0.365,,
WM,2013-09-04,dividend,0.365,,
WM,2013-12-02,dividend,0.365,,
WM,2014-03-06,dividend,0.375,,
WM,2014-06-04,dividend,0.375,,
WM,2014-09-03,dividend,0.375,,
WM,2014-12-03,dividend,0.375,,
WM,2015-03-05,dividend,0.385,,
WM,2015-06-03,dividend,0.385,,
WM,2015-09-10,dividend,0.385,,
WM,2015-12-02,dividend,0.385,,
WM,2016-03-03,dividend,0.41,,
WM,2016-06-01,dividend,0.41,,
WM,2016-09-07,dividend,0.41,,
WM,2016-11-30,dividend,0.41,,
WM,2017-03-08,dividend,0.425,,
WM,2017-06-07,dividend,0.425,,
WM,2017-09-07,dividend,0.425,,
WM,2017-11-30,dividend,0.425,,
WM,2018-03-08,dividend,0.465,,
WM,2018-06-07,dividend,0.465,,
WM,2018-09-06,dividend,0.465,,
WM,2018-11-29,dividend,0.465,,
WM,2019-03-07,dividend,0.513,,
WM,2019-06-06,dividend,0.513,,
WM,2019-09-05,dividend,0.513,,
WM,2019-12-05,dividend,0.513,,
WM,2020-03-05,dividend,0.545,,
WM,2020-06-04,dividend,0.545,,
WM,2020-09-03,dividend,0.545,,
WM,2020-12-03,dividend,0.545,,
WM,2021-03-11,dividend,0.575,,
WM,2021-06-03,dividend,0.575,,
WM,2021-09-02,dividend,0.575,,
WM,2021-12-02,dividend,0.575,,
WM,2022-03-16,dividend,0.65,,
WM,2022-06-02,dividend,0.65,,
WM,2022-09-08,dividend,0.65,,
WM,2022-12-01,dividend,0.65,,
WM,2023-03-09,dividend,0.7,,
WM,2023-06-01,dividend,0.7,,
WM,2023-09-07,dividend,0.7,,
WM,2023-11-30,dividend,0.7,,
WM,2024-03-14,dividend,0.75,,
WM,2024-06-07,dividend,0.75,,
WM,2024-09-13,dividend,0.75,,
WM,2024-12-06,dividend,0.75,,
WM,2025-03-14,dividend,0.825,,
WM,2025-06-06,dividend,0.825,,
WM,2025-09-12,dividend,0.825,,
WM,2025-12-05,dividend,0.825,,
WM,2026-03-13,dividend,0.945,,
WM,2026-06-05,dividend,0.945,,
WM,2026-09-11,dividend,0.945,,
WMT,2006-12-13,dividend,0.056,,
WMT,2007-03-14,dividend,0.073333,,
WMT,2007-05-16,dividend,0.073333,,
WMT,2007-08-15,dividend,0.073333,,
WMT,2007-12-12,dividend,0.073333,,
WMT,2008-03-12,dividend,0.079333,,
WMT,2008-05-14,dividend,0.079333,,
WMT,2008-08-13,dividend,0.079333,,
WMT,2008-12-11,dividend,0.079333,,
WMT,2009-03-11,dividend,0.091,,
WMT,2009-05-13,dividend,0.091,,
WMT,2009-08-12,dividend,0.091,,
WMT,2009-12-09,dividend,0.091,,
WMT,2010-03-10,dividend,0.101,,
WMT,2010-05-12,dividend,0.101,,
WMT,2010-08-11,dividend,0.101,,
WMT,2010-12-08,dividend,0.101,,
WMT,2011-03-09,dividend,0.121667,,
WMT,2011-05-11,dividend,0.121667,,
WMT,2011-08-10,dividend,0.121667,,
WMT,2011-12-07,dividend,0.121667,,
WMT,2012-03-08,dividend,0.132667,,
WMT,2012-05-09,dividend,0.132667,,
WMT,2012-08-08,dividend,0.132667,,
WMT,2012-12-05,dividend,0.132667,,
WMT,2013-03-08,dividend,0.156667,,
WMT,2013-05-08,dividend,0.156667,,
WMT,2013-08-07,dividend,0.156667,,
WMT,2013-12-04,dividend,0.156667,,
WMT,2014-03-07,dividend,0.16,,
WMT,2014-05-07,dividend,0.16,,
WMT,2014-08-06,dividend,0.16,,
WMT,2014-12-03,dividend,0.16,,
WMT,2015-03-11,dividend,0.163333,,
WMT,2015-05-06,dividend,0.163333,,
WMT,2015-08-05,dividend,0.163333,,
WMT,2015-12-02,dividend,0.163333,,
WMT,2016-03-09,dividend,0.166667,,
WMT,2016-05-11,dividend,0.166667,,
WMT,2016-08-10,dividend,0.166667,,
WMT,2016-12-07,dividend,0.166667,,
WMT,2017-03-08,dividend,0.17,,
WMT,2017-05-10,dividend,0.17,,
WMT,2017-08-09,dividend,0.17,,
WMT,2017-12-07,dividend,0.17,,
WMT,2018-03-08,dividend,0.173333,,
WMT,2018-05-10,dividend,0.173333,,
WMT,2018-08-09,dividend,0.173333,,
WMT,2018-12-06,dividend,0.173333,,
WMT,2019-03-14,dividend,0.176667,,
WMT,2019-05-09,dividend,0.176667,,
WMT,2019-08-08,dividend,0.176667,,
WMT,2019-12-05,dividend,0.176667,,
WMT,2020-03-19,dividend,0.18,,
WMT,2020-05-07,dividend,0.18,,
WMT,2020-08-13,dividend,0.18,,
WMT,2020-12-10,dividend,0.18,,
WMT,2021-03-18,dividend,0.183333,,
WMT,2021-05-06,dividend,0.183333,,
WMT,2021-08-12,dividend,0.183333,,
WMT,2021-12-09,dividend,0.183333,,
WMT,2022-03-17,dividend,0.186667,,
WMT,2022-05-05,dividend,0.186667,,
WMT,2022-08-11,dividend,0.186667,,
WMT,2022-12-08,dividend,0.186667,,
WMT,2023-03-16,dividend,0.19,,
WMT,2023-05-04,dividend,0.19,,
WMT,2023-08-10,dividend,0.19,,
WMT,2023-12-07,dividend,0.19,,
WMT,2024-02-26,split,3.0,3:1,
WMT,2024-03-14,dividend,0.208,,
WMT,2024-05-09,dividend,0.208,,
WMT,2024-08-16,dividend,0.208,,
WMT,2024-12-13,dividend,0.208,,
WMT,2025-03-21,dividend,0.235,,
WMT,2025-05-09,dividend,0.235,,
WMT,2025-08-15,dividend,0.235,,
WMT,2025-12-12,dividend,0.235,,
WMT,2026-03-20,dividend,0.248,,
WMT,2026-05-08,dividend,0.248,,
WMT,2026-08-21,dividend,0.248,,
XOM,2006-11-09,dividend,0.32,,
XOM,2007-02-07,dividend,0.32,,
XOM,2007-05-10,dividend,0.35,,
XOM,2007-08-09,dividend,0.35,,
XOM,2007-11-07,dividend,0.35,,
XOM,2008-02-07,dividend,0.35,,
XOM,2008-05-09,dividend,0.4,,
XOM,2008-08-11,dividend,0.4,,
XOM,2008-11-07,dividend,0.4,,
XOM,2009-02-06,dividend,0.4,,
XOM,2009-05-11,dividend,0.42,,
XOM,2009-08-11,dividend,0.42,,
XOM,2009-11-09,dividend,0.42,,
XOM,2010-02-08,dividend,0.42,,
XOM,2010-05-11,dividend,0.44,,
XOM,2010-08-11,dividend,0.44,,
XOM,2010-11-09,dividend,0.44,,
XOM,2011-02-08,dividend,0.44,,
XOM,2011-05-11,dividend,0.47,,
XOM,2011-08-10,dividend,0.47,,
XOM,2011-11-08,dividend,0.47,,
XOM,2012-02-08,dividend,0.47,,
XOM,2012-05-10,dividend,0.57,,
XOM,2012-08-09,dividend,0.57,,
XOM,2012-11-07,dividend,0.57,,
XOM,2013-02-07,dividend,0.57,,
XOM,2013-05-09,dividend,0.63,,
XOM,2013-08-09,dividend,0.63,,
XOM,2013-11-07,dividend,0.63,,
XOM,2014-02-06,dividend,0.63,,
XOM,2014-05-09,dividend,0.69,,
XOM,2014-08-11,dividend,0.69,,
XOM,2014-11-07,dividend,0.69,,
XOM,2015-02-06,dividend,0.69,,
XOM,2015-05-11,dividend,0.73,,
XOM,2015-08-11,dividend,0.73,,
XOM,2015-11-09,dividend,0.73,,
XOM,2016-02-09,dividend,0.73,,
XOM,2016-05-11,dividend,0.75,,
XOM,2016-08-10,dividend,0.75,,
XOM,2016-11-08,dividend,0.75,,
XOM,2017-02-08,dividend,0.75,,
XOM,2017-05-10,dividend,0.77,,
XOM,2017-08-10,dividend,0.77,,
XOM,2017-11-10,dividend,0.77,,
XOM,2018-02-09,dividend,0.77,,
XOM,2018-05-11,dividend,0.82,,
XOM,2018-08-10,dividend,0.82,,
XOM,2018-11-09,dividend,0.82,,
XOM,2019-02-08,dividend,0.82,,
XOM,2019-05-10,dividend,0.87,,
XOM,2019-08-12,dividend,0.87,,
XOM,2019-11-08,dividend,0.87,,
XOM,2020-02-10,dividend,0.87,,
XOM,2020-05-12,dividend,0.87,,
XOM,2020-08-12,dividend,0.87,,
XOM,2020-11-10,dividend,0.87,,
XOM,2021-02-09,dividend,0.87,,
XOM,2021-05-12,dividend,0.87,,
XOM,2021-08-12,dividend,0.87,,
XOM,2021-11-10,dividend,0.88,,
XOM,2022-02-09,dividend,0.88,,
XOM,2022-05-12,dividend,0.88,,
XOM,2022-08-11,dividend,0.88,,
XOM,2022-11-14,dividend,0.91,,
XOM,2023-02-13,dividend,0.91,,
XOM,2023-05-15,dividend,0.91,,
XOM,2023-08-15,dividend,0.91,,
XOM,2023-11-14,dividend,0.95,,
XOM,2024-02-13,dividend,0.95,,
XOM,2024-05-14,dividend,0.95,,
XOM,2024-08-15,dividend,0.95,,
XOM,2024-11-14,dividend,0.99,,
XOM,2025-02-12,dividend,0.99,,
XOM,2025-05-15,dividend,0.99,,
XOM,2025-08-15,dividend,0.99,,
XOM,2025-11-14,dividend,1.03,,
XOM,2026-02-12,dividend,1.03,,
XOM,2026-05-15,dividend,1.03,,
XOM,2026-08-17,dividend,1.03,,
XRX,2007-12-27,dividend,0.113307,,
XRX,2008-03-27,dividend,0.113307,,
XRX,2008-06-26,dividend,0.113307,,
XRX,2008-09-26,dividend,0.113307,,
XRX,2008-12-29,dividend,0.113307,,
XRX,2009-03-27,dividend,0.113307,,
XRX,2009-06-26,dividend,0.113307,,
XRX,2009-09-28,dividend,0.113307,,
XRX,2009-12-29,dividend,0.113307,,
XRX,2010-03-29,dividend,0.113307,,
XRX,2010-06-28,dividend,0.113307,,
XRX,2010-09-28,dividend,0.113307,,
XRX,2010-12-29,dividend,0.113307,,
XRX,2011-03-29,dividend,0.113307,,
XRX,2011-06-28,dividend,0.113307,,
XRX,2011-09-28,dividend,0.113307,,
XRX,2011-12-28,dividend,0.113307,,
XRX,2012-03-28,dividend,0.113307,,
XRX,2012-06-27,dividend,0.113307,,
XRX,2012-09-26,dividend,0.113307,,
XRX,2012-12-27,dividend,0.113307,,
XRX,2013-03-26,dividend,0.152833,,
XRX,2013-06-26,dividend,0.152833,,
XRX,2013-09-26,dividend,0.152833,,
XRX,2013-12-27,dividend,0.152833,,
XRX,2014-03-27,dividend,0.166008,,
XRX,2014-06-26,dividend,0.166008,,
XRX,2014-09-26,dividend,0.166008,,
XRX,2014-12-29,dividend,0.166008,,
XRX,2015-03-27,dividend,0.184453,,
XRX,2015-06-26,dividend,0.184453,,
XRX,2015-09-28,dividend,0.184453,,
XRX,2015-12-29,dividend,0.184453,,
XRX,2016-03-29,dividend,0.205534,,
XRX,2016-06-28,dividend,0.205534,,
XRX,2016-09-28,dividend,0.205534,,
XRX,2016-12-13,dividend,0.205534,,
XRX,2017-01-03,dividend,2.98,,
XRX,2017-01-03,split,1.518,1518:1000,
XRX,2017-03-29,dividend,0.252,,
XRX,2017-06-15,split,0.25,1:4,
XRX,2017-06-28,dividend,0.25,,
XRX,2017-09-28,dividend,0.25,,
XRX,2017-12-28,dividend,0.25,,
XRX,2018-03-28,dividend,0.25,,
XRX,2018-06-28,dividend,0.25,,
XRX,2018-09-27,dividend,0.25,,
XRX,2018-12-28,dividend,0.25,,
XRX,2019-03-28,dividend,0.25,,
XRX,2019-06-27,dividend,0.25,,
XRX,2019-09-27,dividend,0.25,,
XRX,2019-12-30,dividend,0.25,,
XRX,2020-03-27,dividend,0.25,,
XRX,2020-06-29,dividend,0.25,,
XRX,2020-09-29,dividend,0.25,,
XRX,2020-12-30,dividend,0.25,,
XRX,2021-03-30,dividend,0.25,,
XRX,2021-06-29,dividend,0.25,,
XRX,2021-09-29,dividend,0.25,,
XRX,2021-12-30,dividend,0.25,,
XRX,2022-03-30,dividend,0.25,,
XRX,2022-06-29,dividend,0.25,,
XRX,2022-09-29,dividend,0.25,,
XRX,2022-12-29,dividend,0.25,,
XRX,2023-03-30,dividend,0.25,,
XRX,2023-06-29,dividend,0.25,,
XRX,2023-09-28,dividend,0.25,,
XRX,2023-12-28,dividend,0.25,,
XRX,2024-03-27,dividend,0.25,,
XRX,2024-06-28,dividend,0.25,,
XRX,2024-09-30,dividend,0.25,,
XRX,2024-12-31,dividend,0.25,,
XRX,2025-03-31,dividend,0.125,,
XRX,2025-06-30,dividend,0.025,,
XRX,2025-09-30,dividend,0.025,,
XRX,2025-12-31,dividend,0.025,,
XRX,2026-03-31,dividend,0.025,,
XRX,2026-06-30,dividend,0.025,,
ZTS,2013-04-29,dividend,0.065,,
ZTS,2013-07-30,dividend,0.065,,
ZTS,2013-10-30,dividend,0.065,,
ZTS,2014-01-28,dividend,0.072,,
ZTS,2014-04-24,dividend,0.072,,
ZTS,2014-08-18,dividend,0.072,,
ZTS,2014-11-03,dividend,0.072,,
ZTS,2015-01-20,dividend,0.083,,
ZTS,2015-04-07,dividend,0.083,,
ZTS,2015-08-11,dividend,0.083,,
ZTS,2015-11-03,dividend,0.083,,
ZTS,2016-01-19,dividend,0.095,,
ZTS,2016-04-05,dividend,0.095,,
ZTS,2016-06-28,dividend,0.095,,
ZTS,2016-11-01,dividend,0.095,,
ZTS,2017-01-18,dividend,0.105,,
ZTS,2017-04-04,dividend,0.105,,
ZTS,2017-06-13,dividend,0.105,,
ZTS,2017-11-08,dividend,0.105,,
ZTS,2018-01-18,dividend,0.126,,
ZTS,2018-04-19,dividend,0.126,,
ZTS,2018-07-19,dividend,0.126,,
ZTS,2018-11-19,dividend,0.126,,
ZTS,2019-01-17,dividend,0.164,,
ZTS,2019-04-17,dividend,0.164,,
ZTS,2019-07-18,dividend,0.164,,
ZTS,2019-10-21,dividend,0.164,,
ZTS,2020-01-16,dividend,0.2,,
ZTS,2020-04-16,dividend,0.2,,
ZTS,2020-07-16,dividend,0.2,,
ZTS,2020-10-20,dividend,0.2,,
ZTS,2021-01-19,dividend,0.25,,
ZTS,2021-04-20,dividend,0.25,,
ZTS,2021-07-20,dividend,0.25,,
ZTS,2021-10-28,dividend,0.25,,
ZTS,2022-01-19,dividend,0.325,,
ZTS,2022-04-20,dividend,0.325,,
ZTS,2022-07-20,dividend,0.325,,
ZTS,2022-10-31,dividend,0.325,,
ZTS,2023-01-19,dividend,0.375,,
ZTS,2023-04-20,dividend,0.375,,
ZTS,2023-07-20,dividend,0.375,,
ZTS,2023-10-31,dividend,0.375,,
ZTS,2024-01-18,dividend,0.432,,
ZTS,2024-04-18,dividend,0.432,,
ZTS,2024-07-18,dividend,0.432,,
ZTS,2024-10-31,dividend,0.432,,
ZTS,2025-01-21,dividend,0.5,,
ZTS,2025-04-21,dividend,0.5,,
ZTS,2025-07-18,dividend,0.5,,
ZTS,2025-10-31,dividend,0.5,,
ZTS,2026-01-20,dividend,0.53,,
ZTS,2026-04-20,dividend,0.53,,
ZTS,2026-07-20,dividend,0.53,,
